{"type": "Feature", "properties": {}, "geometry": {"type": "MultiPolygon", "coordinates": [[[[121.2603684, 24.9342234], [121.2602261, 24.9341022], [121.2599184, 24.933908], [121.2596314, 24.9337641], [121.2590985, 24.9334911], [121.2588522, 24.933254], [121.2587816, 24.9331044], [121.2588013, 24.9327296], [121.2589408, 24.9318362], [121.2590043, 24.931436], [121.2590822, 24.9312308], [121.259199, 24.9309305], [121.2592296, 24.9307432], [121.2592173, 24.9306313], [121.2591503, 24.9305742], [121.2587586, 24.9305415], [121.2583517, 24.9305071], [121.2583444, 24.9304129], [121.258257, 24.9302247], [121.2582053, 24.9304032], [121.2582144, 24.9305732], [121.2581702, 24.9306254], [121.2581256, 24.9306701], [121.2579346, 24.9305939], [121.2577655, 24.9305221], [121.2575603, 24.9304477], [121.2573366, 24.9303539], [121.2572736, 24.9303327], [121.25714, 24.9302784], [121.2570739, 24.9302489], [121.2569514, 24.9302112], [121.256866, 24.9301779], [121.2567821, 24.9301491], [121.2566317, 24.9301137], [121.2564653, 24.9300619], [121.2563853, 24.930044], [121.2562272, 24.9299997], [121.2560226, 24.9299363], [121.2559058, 24.9298943], [121.2558477, 24.9298694], [121.2557639, 24.9298537], [121.255703, 24.9298305], [121.2555487, 24.9297586], [121.2554754, 24.9297388], [121.2553235, 24.9296676], [121.2552583, 24.9296283], [121.2551976, 24.9296097], [121.2550926, 24.9295568], [121.2550592, 24.92953], [121.2549539, 24.9294637], [121.2548019, 24.9293524], [121.254709, 24.9292941], [121.2546339, 24.929267], [121.2545129, 24.9292049], [121.2544417, 24.9291643], [121.2543963, 24.9291282], [121.2543749, 24.9291068], [121.2543185, 24.9290724], [121.2543007, 24.9290528], [121.2542673, 24.9290293], [121.2542213, 24.9289863], [121.2541763, 24.9289624], [121.2541383, 24.9289255], [121.2539895, 24.9288202], [121.253902, 24.9287654], [121.2538557, 24.9287311], [121.2537495, 24.9286598], [121.2536943, 24.9286314], [121.2536436, 24.928602], [121.2535973, 24.9285815], [121.2535346, 24.9285555], [121.2533889, 24.9284765], [121.2532884, 24.928429], [121.2531416, 24.92836], [121.2529944, 24.9283027], [121.2529385, 24.9282751], [121.2528178, 24.9282256], [121.2527277, 24.9281815], [121.2526449, 24.9281498], [121.252436, 24.9280541], [121.2523439, 24.9280182], [121.2522033, 24.9279571], [121.252001, 24.9278643], [121.2516975, 24.9277334], [121.2516373, 24.9277161], [121.2516027, 24.9276948], [121.251427, 24.9276176], [121.2513139, 24.9275718], [121.2512085, 24.9275216], [121.2509943, 24.9274384], [121.2509104, 24.9273978], [121.2508056, 24.9273488], [121.2503871, 24.9271778], [121.2503287, 24.9271473], [121.2500303, 24.9270247], [121.2498787, 24.9269589], [121.2497981, 24.9269283], [121.2497282, 24.9269138], [121.2495149, 24.9268839], [121.2494474, 24.9268769], [121.2493482, 24.9268563], [121.2492666, 24.9268416], [121.2492054, 24.926837], [121.2491201, 24.9268154], [121.2490336, 24.9267837], [121.2488873, 24.9267284], [121.248735, 24.926656], [121.2486764, 24.9266386], [121.2486383, 24.9266304], [121.2485707, 24.9266116], [121.2484788, 24.9265811], [121.2483967, 24.9265484], [121.2483499, 24.9265424], [121.2481545, 24.9264917], [121.2478678, 24.9264356], [121.2477829, 24.9264324], [121.2475424, 24.9264017], [121.2474711, 24.9263922], [121.247358, 24.9263925], [121.2473015, 24.9263893], [121.2471593, 24.9263642], [121.2470206, 24.9263462], [121.2468992, 24.9263118], [121.2467773, 24.9262702], [121.2466138, 24.9262003], [121.2464577, 24.9261233], [121.2461873, 24.925978], [121.2459237, 24.9258141], [121.245827, 24.9257588], [121.2457267, 24.9257078], [121.2456678, 24.9256713], [121.2455164, 24.9255969], [121.2453261, 24.9254699], [121.2451597, 24.9253748], [121.2449534, 24.9252902], [121.2447524, 24.9252384], [121.2445077, 24.9251792], [121.2441978, 24.9251462], [121.2440841, 24.9251554], [121.2440102, 24.9251774], [121.2439727, 24.925185], [121.2439314, 24.9251921], [121.2438926, 24.9252039], [121.2438646, 24.925214], [121.2437734, 24.9252194], [121.243345, 24.9252181], [121.2430356, 24.9251334], [121.2429772, 24.9251061], [121.2428623, 24.9250732], [121.2428026, 24.9250822], [121.2427702, 24.9251358], [121.2427682, 24.9252027], [121.242789, 24.9252568], [121.2428146, 24.9253397], [121.2428328, 24.9254513], [121.2428339, 24.9255617], [121.242826, 24.9255972], [121.2428135, 24.9256089], [121.2427592, 24.9256456], [121.2427023, 24.9256521], [121.2426098, 24.9256526], [121.2425485, 24.9256439], [121.2424862, 24.9256422], [121.2423733, 24.9256505], [121.2422601, 24.9256658], [121.2421918, 24.92568], [121.2421352, 24.9256995], [121.2420844, 24.9257089], [121.2420107, 24.9257416], [121.2419231, 24.9257861], [121.2417681, 24.9258536], [121.2416782, 24.9258798], [121.2416524, 24.9258867], [121.2415893, 24.9259097], [121.2415334, 24.9259206], [121.2414021, 24.9259497], [121.2411935, 24.9260002], [121.2410968, 24.9260117], [121.2408987, 24.9260478], [121.2408306, 24.9260362], [121.2407417, 24.9260098], [121.2406545, 24.9259984], [121.2405911, 24.9259946], [121.2405154, 24.9260012], [121.2404612, 24.9260062], [121.2404227, 24.9260175], [121.2403627, 24.9260549], [121.2402743, 24.9260991], [121.24015, 24.9261772], [121.2400904, 24.9262115], [121.2400544, 24.9262492], [121.2399906, 24.926362], [121.2399441, 24.9264451], [121.2399131, 24.9266074], [121.2398964, 24.926663], [121.2398575, 24.9267096], [121.2398182, 24.9267269], [121.2397711, 24.9267408], [121.2397107, 24.9267396], [121.2396792, 24.9267585], [121.2396492, 24.9267876], [121.2396379, 24.9268186], [121.2396306, 24.9268485], [121.2396422, 24.9269234], [121.2396352, 24.9269739], [121.2396377, 24.927148], [121.2396447, 24.9272791], [121.2396449, 24.9274395], [121.2396521, 24.9274831], [121.2396454, 24.9275798], [121.239646, 24.927714], [121.2396502, 24.9277525], [121.2396514, 24.9278251], [121.2396357, 24.9279154], [121.2396343, 24.9280133], [121.239614, 24.9280295], [121.2392181, 24.9280127], [121.2388118, 24.9280064], [121.2386708, 24.9279985], [121.2385695, 24.927994], [121.2384521, 24.9279975], [121.2383185, 24.9279832], [121.2382303, 24.9279848], [121.2378021, 24.9279697], [121.2376976, 24.927961], [121.2374571, 24.9279618], [121.2372867, 24.9279507], [121.2370571, 24.927952], [121.2368639, 24.9279414], [121.2365864, 24.9279361], [121.2364906, 24.9281843], [121.2364713, 24.9282399], [121.2364469, 24.928309], [121.2363933, 24.9284353], [121.236378, 24.9284976], [121.2363188, 24.9286414], [121.2362999, 24.9286998], [121.2362211, 24.9288864], [121.2361766, 24.9290139], [121.2360856, 24.9292522], [121.2360406, 24.9293684], [121.235977, 24.9295488], [121.235923, 24.9296741], [121.2358427, 24.9298786], [121.2357571, 24.9301127], [121.2357405, 24.9301312], [121.2356336, 24.9300768], [121.2355193, 24.9300341], [121.2353981, 24.9299776], [121.235349, 24.9299618], [121.2352635, 24.9299232], [121.2350374, 24.9298261], [121.2348872, 24.9297628], [121.2347969, 24.9297173], [121.2347362, 24.9296978], [121.2342953, 24.9295057], [121.2342363, 24.9294933], [121.2337012, 24.9298054], [121.2334477, 24.9299436], [121.2333011, 24.9300247], [121.2332672, 24.9300479], [121.2332348, 24.9300559], [121.2331864, 24.9300595], [121.2330444, 24.9301764], [121.2329714, 24.9302119], [121.2327554, 24.9303603], [121.2326917, 24.9303923], [121.2326301, 24.9304076], [121.2325294, 24.9305917], [121.2325093, 24.9307656], [121.2325043, 24.9308282], [121.2325106, 24.9309139], [121.2324968, 24.9309631], [121.2324568, 24.9310397], [121.2323852, 24.9310898], [121.2323194, 24.9311573], [121.2322865, 24.9311985], [121.2322594, 24.9312175], [121.2322115, 24.9312316], [121.2320103, 24.9313003], [121.2319461, 24.9313397], [121.2319006, 24.9313838], [121.2317384, 24.9315228], [121.2316187, 24.9316104], [121.2315429, 24.9316166], [121.2314992, 24.9316113], [121.231407, 24.9315707], [121.2313335, 24.931523], [121.2312044, 24.9314236], [121.2310958, 24.9313688], [121.2309581, 24.9312777], [121.2308001, 24.931164], [121.2304956, 24.9312073], [121.2304375, 24.9312207], [121.2303108, 24.9312358], [121.2301971, 24.9312405], [121.2300707, 24.9312641], [121.229791, 24.9313124], [121.2296433, 24.9313464], [121.2293566, 24.9314112], [121.2292849, 24.931435], [121.2291267, 24.9314898], [121.2290561, 24.9315332], [121.2290177, 24.931564], [121.2289266, 24.9316717], [121.2289103, 24.9316994], [121.2288908, 24.9317422], [121.2288797, 24.9318104], [121.2288736, 24.9318691], [121.2288746, 24.93194], [121.2288814, 24.9320366], [121.2288733, 24.9320976], [121.228874, 24.9321836], [121.2288889, 24.9322374], [121.2288881, 24.9322782], [121.2289275, 24.9324418], [121.2289088, 24.9325112], [121.2288972, 24.9327163], [121.2288864, 24.9327963], [121.2288676, 24.93288], [121.2288679, 24.9329991], [121.2288723, 24.9330585], [121.228873, 24.9331421], [121.2288812, 24.9332063], [121.2288888, 24.9333556], [121.2288889, 24.9337151], [121.2288835, 24.9338478], [121.2288764, 24.9338782], [121.2288579, 24.9339519], [121.2288378, 24.933986], [121.228828, 24.9340227], [121.2287941, 24.934103], [121.228713, 24.9342454], [121.2285272, 24.9345356], [121.2284807, 24.9345942], [121.2284512, 24.9346504], [121.2284185, 24.9347011], [121.2283926, 24.9347533], [121.2283674, 24.9348257], [121.2282779, 24.934951], [121.2282567, 24.9350091], [121.2281762, 24.9351445], [121.22814, 24.9352061], [121.2281169, 24.9352759], [121.2280322, 24.9354278], [121.2279994, 24.9354771], [121.2279591, 24.9355486], [121.2278949, 24.9356276], [121.2278603, 24.9356815], [121.2278139, 24.9357179], [121.2277408, 24.935795], [121.2276716, 24.9358438], [121.2276115, 24.9358886], [121.2275624, 24.9359329], [121.2274742, 24.9359876], [121.2274006, 24.9360331], [121.2273342, 24.9360681], [121.2271511, 24.9361783], [121.2270521, 24.9362369], [121.2269629, 24.9363074], [121.2268867, 24.936352], [121.2268323, 24.9363906], [121.2267801, 24.936419], [121.2267035, 24.9364755], [121.226612, 24.9365293], [121.2265807, 24.9365491], [121.2264792, 24.9365956], [121.2264034, 24.9366348], [121.2263083, 24.9366862], [121.2262594, 24.9367213], [121.2260087, 24.9368378], [121.2258729, 24.9368973], [121.2257467, 24.9369581], [121.2256912, 24.9369975], [121.2256639, 24.9370271], [121.2256134, 24.9370802], [121.2255743, 24.9371396], [121.2255336, 24.937191], [121.225482, 24.9372342], [121.2254486, 24.937291], [121.2253949, 24.9373632], [121.2253531, 24.9374318], [121.2253271, 24.937498], [121.2252548, 24.9376302], [121.2252218, 24.9377001], [121.2251835, 24.9377967], [121.2251592, 24.937888], [121.2251475, 24.937956], [121.2251399, 24.9380218], [121.2251378, 24.9381934], [121.2251445, 24.9382316], [121.2251616, 24.9382837], [121.2252278, 24.9384709], [121.2253122, 24.9386691], [121.2253374, 24.9387473], [121.2253604, 24.9388395], [121.2253681, 24.9388969], [121.2253778, 24.93902], [121.2253759, 24.9390746], [121.2253711, 24.9392027], [121.2253633, 24.9392588], [121.2253614, 24.9393389], [121.2253409, 24.9394176], [121.2252903, 24.9396496], [121.2252686, 24.9397503], [121.2252593, 24.9397911], [121.225255, 24.9398459], [121.2252453, 24.9398906], [121.2252443, 24.9399667], [121.2252376, 24.9400223], [121.2252291, 24.9400796], [121.2252197, 24.9402185], [121.2252091, 24.9402711], [121.2251952, 24.9403697], [121.2251846, 24.940429], [121.2251459, 24.9407639], [121.2251204, 24.9408876], [121.2250781, 24.941025], [121.2250446, 24.9411764], [121.225022, 24.9412242], [121.2250059, 24.941283], [121.2249759, 24.9413752], [121.2249635, 24.941431], [121.2249477, 24.9414905], [121.224933, 24.9415267], [121.2249212, 24.9415691], [121.2248667, 24.9417223], [121.2248383, 24.9418319], [121.2247887, 24.941959], [121.2247409, 24.9421016], [121.2247018, 24.9421723], [121.2246197, 24.9423277], [121.2245199, 24.9425279], [121.2244849, 24.942589], [121.2244594, 24.9426522], [121.2243948, 24.9427685], [121.2243647, 24.9428335], [121.2243429, 24.9428969], [121.224272, 24.9430463], [121.2241935, 24.9431679], [121.2241206, 24.9432825], [121.2241015, 24.9433211], [121.2240403, 24.9434235], [121.2234182, 24.9434029], [121.2232915, 24.9435678], [121.2229174, 24.9434901], [121.2226405, 24.9437859], [121.2225635, 24.943929], [121.2225033, 24.943922], [121.2221712, 24.9448879], [121.2221503, 24.9451211], [121.2221752, 24.9451819], [121.2222903, 24.9455058], [121.2223009, 24.9455343], [121.2223142, 24.9456005], [121.2223415, 24.9456638], [121.2223846, 24.9457426], [121.2223973, 24.9457848], [121.2224849, 24.9459456], [121.2225273, 24.9460328], [121.2225378, 24.9460771], [121.2225675, 24.946176], [121.222654, 24.9463853], [121.2227602, 24.9465941], [121.2228071, 24.946701], [121.222888, 24.9469021], [121.222923, 24.9469559], [121.2229819, 24.947072], [121.2230783, 24.9472324], [121.2231225, 24.9472854], [121.223161, 24.9473442], [121.2232579, 24.9474538], [121.2233613, 24.9475414], [121.2234465, 24.9476075], [121.2232595, 24.9481552], [121.2232019, 24.9487434], [121.2231533, 24.949228], [121.2230625, 24.949551], [121.2230239, 24.9495855], [121.2230078, 24.9495871], [121.2228301, 24.9495042], [121.2227811, 24.9495105], [121.2227513, 24.9495601], [121.2227233, 24.9496043], [121.222566, 24.9498386], [121.2224335, 24.9500502], [121.2222634, 24.950303], [121.2221644, 24.9504373], [121.2218707, 24.9508932], [121.2217608, 24.9510725], [121.2215652, 24.9513584], [121.221407, 24.951568], [121.2213809, 24.9516225], [121.2213835, 24.9516631], [121.2214098, 24.9516967], [121.2215424, 24.9518321], [121.221662, 24.9519108], [121.2217888, 24.9519678], [121.2219174, 24.9520155], [121.2219422, 24.9520529], [121.2219467, 24.9520858], [121.2219425, 24.9521042], [121.2218195, 24.9522786], [121.2217783, 24.9523403], [121.22176, 24.952405], [121.2217986, 24.9524757], [121.2219011, 24.9525879], [121.2218834, 24.9526233], [121.2218188, 24.9526805], [121.2217078, 24.9528166], [121.2215353, 24.9530013], [121.2212699, 24.9533081], [121.2210987, 24.9534963], [121.2209981, 24.953622], [121.2208802, 24.953746], [121.220798, 24.9538328], [121.2207532, 24.9538893], [121.2207063, 24.9538943], [121.2206437, 24.9538791], [121.2205768, 24.9538441], [121.2204608, 24.9538067], [121.2203283, 24.9536902], [121.2202765, 24.9536227], [121.2201997, 24.9535006], [121.2201625, 24.9534096], [121.220136, 24.9532858], [121.2201363, 24.9531831], [121.2201337, 24.9531113], [121.2201179, 24.9529997], [121.2201064, 24.9528216], [121.2201124, 24.9527406], [121.2201144, 24.9526761], [121.220119, 24.9525568], [121.2200754, 24.9524945], [121.2200061, 24.9524368], [121.2198514, 24.9523219], [121.2197242, 24.9522513], [121.2196067, 24.9521979], [121.219488, 24.9522037], [121.219376, 24.9522264], [121.219296, 24.9522614], [121.2191522, 24.95233], [121.2190713, 24.9523897], [121.2189938, 24.9524322], [121.218906, 24.9524938], [121.2187268, 24.9525904], [121.2186439, 24.9526247], [121.2185516, 24.9526447], [121.2184799, 24.9526434], [121.2184189, 24.9526588], [121.2184113, 24.9528799], [121.2184091, 24.9529452], [121.2184137, 24.9530001], [121.2184069, 24.9530744], [121.2183836, 24.9531814], [121.2183682, 24.9532556], [121.2183447, 24.9533075], [121.2182805, 24.9534084], [121.2182002, 24.9535098], [121.2181658, 24.9535353], [121.218129, 24.953542], [121.2180796, 24.9535361], [121.2179842, 24.9534807], [121.2179406, 24.9534741], [121.2178802, 24.9534834], [121.2177719, 24.9535406], [121.2177414, 24.9535422], [121.2175772, 24.9534653], [121.2175053, 24.953411], [121.2173207, 24.9532043], [121.2172293, 24.9530842], [121.2170878, 24.9529624], [121.2170183, 24.9529192], [121.2169595, 24.9529103], [121.2169151, 24.9529139], [121.2168869, 24.9529461], [121.2168572, 24.9529939], [121.2167837, 24.9530424], [121.2166771, 24.9530449], [121.2165878, 24.9530072], [121.2164466, 24.9529558], [121.2162295, 24.9528825], [121.2160581, 24.9528331], [121.215814, 24.952801], [121.2157213, 24.9528084], [121.2156289, 24.9528607], [121.2153988, 24.9529662], [121.215225, 24.9531719], [121.2150065, 24.953473], [121.2149489, 24.9535932], [121.2148529, 24.9537514], [121.2146989, 24.9539347], [121.2146457, 24.953991], [121.2145752, 24.9540699], [121.2144729, 24.9541725], [121.2142461, 24.9543661], [121.2140863, 24.9544587], [121.2137731, 24.954596], [121.2137438, 24.954622], [121.2136137, 24.9547666], [121.2135405, 24.9549108], [121.2134954, 24.9550194], [121.2134205, 24.9551737], [121.213391, 24.9552817], [121.213323, 24.9553995], [121.2133093, 24.9554563], [121.2133167, 24.9554687], [121.2133564, 24.9555464], [121.213396, 24.9555931], [121.2134157, 24.9556368], [121.2134172, 24.95567], [121.2133909, 24.9557155], [121.2132898, 24.9558546], [121.2132837, 24.9560093], [121.2132692, 24.9560511], [121.2132021, 24.9561106], [121.2131622, 24.9561148], [121.2130922, 24.956093], [121.2129564, 24.9559968], [121.2128897, 24.9559658], [121.2128445, 24.9559661], [121.212814, 24.9559947], [121.2127917, 24.9560337], [121.2127935, 24.956096], [121.2128254, 24.9562412], [121.2127803, 24.956317], [121.2127527, 24.9563369], [121.2126917, 24.9563448], [121.2125604, 24.9563399], [121.2124609, 24.9563439], [121.2122956, 24.9563346], [121.2121346, 24.956336], [121.2114925, 24.956272], [121.2113286, 24.9562443], [121.2110439, 24.9562358], [121.2108837, 24.9562503], [121.2105689, 24.9563535], [121.2104267, 24.9564233], [121.2100443, 24.9565976], [121.2097709, 24.956704], [121.2096062, 24.9567832], [121.2094234, 24.9568563], [121.2091208, 24.9569801], [121.2088442, 24.9571102], [121.2086876, 24.9571705], [121.2083652, 24.9573062], [121.2082276, 24.9573742], [121.2078784, 24.9574339], [121.207746, 24.9574466], [121.2076191, 24.9574788], [121.2073414, 24.9574888], [121.2069674, 24.9574694], [121.2068204, 24.9574591], [121.2054879, 24.9573499], [121.2045988, 24.9572761], [121.2037539, 24.9572377], [121.2035935, 24.9574977], [121.2035237, 24.9575505], [121.2034257, 24.9575637], [121.2033019, 24.9575676], [121.2028593, 24.9575332], [121.2023137, 24.9575267], [121.2022417, 24.9575283], [121.2020599, 24.9575667], [121.2019062, 24.9575832], [121.2018028, 24.9575892], [121.2017417, 24.9575793], [121.2015966, 24.9574555], [121.2015207, 24.9574154], [121.2014528, 24.9573946], [121.2013872, 24.9574095], [121.2013254, 24.9574751], [121.2012253, 24.9575315], [121.2011196, 24.9575726], [121.2010124, 24.9575829], [121.2009213, 24.9575613], [121.2008746, 24.9575445], [121.2007444, 24.9574772], [121.2006043, 24.9573833], [121.200453, 24.957305], [121.2003138, 24.9572204], [121.2001796, 24.9571601], [121.2000174, 24.9571062], [121.1998471, 24.9570943], [121.1997551, 24.9570981], [121.199506, 24.9571176], [121.1987103, 24.9571583], [121.1984888, 24.9571658], [121.1982947, 24.9571849], [121.1978661, 24.9572081], [121.1976232, 24.9572137], [121.1971496, 24.957243], [121.1969894, 24.9572498], [121.1964672, 24.9572414], [121.1961269, 24.9572306], [121.1952853, 24.9572121], [121.1951089, 24.9572007], [121.1949599, 24.9571981], [121.1947741, 24.9572018], [121.1944954, 24.9572381], [121.1943246, 24.9572879], [121.1940966, 24.9573969], [121.1939217, 24.9574931], [121.1933106, 24.9579327], [121.192284, 24.9586557], [121.1920086, 24.9588413], [121.1918927, 24.9589247], [121.1917647, 24.9590331], [121.1916667, 24.9591379], [121.1916063, 24.9592355], [121.1915155, 24.9594641], [121.1915012, 24.9596114], [121.1914941, 24.959766], [121.1914686, 24.9600281], [121.1914219, 24.9602229], [121.191355, 24.9603123], [121.1912473, 24.9604017], [121.1911955, 24.9604301], [121.1910934, 24.9604601], [121.1909037, 24.9604851], [121.190763, 24.9604712], [121.1901768, 24.9604021], [121.1900953, 24.9604064], [121.190028, 24.9604413], [121.1899961, 24.9604698], [121.1899677, 24.9605062], [121.1899659, 24.9607613], [121.1900419, 24.9611156], [121.1900734, 24.9612268], [121.1903364, 24.9624152], [121.190363, 24.9625606], [121.1906228, 24.9636667], [121.1906191, 24.9638021], [121.1905534, 24.9641167], [121.1905496, 24.9641949], [121.1905596, 24.9642857], [121.1906401, 24.964489], [121.1907161, 24.9646549], [121.1908157, 24.9648782], [121.190866, 24.9650598], [121.1909, 24.9652182], [121.1909648, 24.9653567], [121.1910157, 24.9655055], [121.1910672, 24.9658491], [121.1911279, 24.9699029], [121.1911148, 24.9700866], [121.1910925, 24.9701485], [121.1909626, 24.9702219], [121.1908881, 24.9702834], [121.1908523, 24.9703381], [121.1908041, 24.9704602], [121.1907313, 24.9706087], [121.190687, 24.9707608], [121.1906148, 24.9709149], [121.1905818, 24.9710499], [121.1905187, 24.9712247], [121.1904257, 24.9713045], [121.1902685, 24.9713032], [121.1901204, 24.9712659], [121.1899933, 24.9712247], [121.18994, 24.9711668], [121.1898328, 24.9710712], [121.1895069, 24.9707529], [121.1892444, 24.9704692], [121.189011, 24.9702202], [121.1887824, 24.9699971], [121.188544, 24.9697796], [121.1884377, 24.969682], [121.1883203, 24.9695912], [121.1880948, 24.9694323], [121.1878791, 24.9692786], [121.1877122, 24.9691799], [121.1875477, 24.9690757], [121.18728, 24.9688744], [121.1871234, 24.9687794], [121.1869852, 24.9686866], [121.1868176, 24.968604], [121.1866562, 24.9685225], [121.1864825, 24.9684422], [121.1863427, 24.968367], [121.1861634, 24.9683007], [121.185967, 24.9682424], [121.1857935, 24.9682048], [121.1856223, 24.9681598], [121.1854646, 24.9681271], [121.1853948, 24.9681108], [121.1852622, 24.9680755], [121.1850455, 24.9680256], [121.1848555, 24.9679767], [121.1847122, 24.9679215], [121.1846342, 24.9678841], [121.1845262, 24.9678468], [121.1841934, 24.9677531], [121.1840523, 24.9677282], [121.1838915, 24.9677108], [121.1837806, 24.9677185], [121.1837004, 24.9677401], [121.1835811, 24.9677834], [121.1834769, 24.9678363], [121.1833548, 24.9679125], [121.1832331, 24.9679856], [121.183161, 24.9680141], [121.1831119, 24.9680358], [121.1830266, 24.9680977], [121.182942, 24.9682123], [121.182891, 24.9682648], [121.182768, 24.9684531], [121.1826218, 24.9686712], [121.1825147, 24.9687955], [121.1824135, 24.9689373], [121.1823504, 24.9690202], [121.1823013, 24.9690718], [121.1822211, 24.9691642], [121.1821503, 24.9692333], [121.182055, 24.9693014], [121.1819236, 24.9693533], [121.1818389, 24.9693702], [121.1817718, 24.9693735], [121.1817058, 24.969372], [121.1816439, 24.969351], [121.1815808, 24.9693271], [121.1815116, 24.96932], [121.1813931, 24.9693217], [121.1813048, 24.9693482], [121.1812669, 24.9693534], [121.1811683, 24.9693964], [121.1810862, 24.9694194], [121.1809814, 24.9694294], [121.1808841, 24.9694297], [121.1808191, 24.9694171], [121.1806876, 24.9694055], [121.1804907, 24.9693834], [121.1803791, 24.9693763], [121.1801946, 24.969393], [121.1800218, 24.9694133], [121.1797958, 24.9694451], [121.1795816, 24.9694698], [121.1793893, 24.9694901], [121.1793074, 24.9694987], [121.1791218, 24.9695171], [121.1790471, 24.9695405], [121.1789667, 24.9695601], [121.1789017, 24.9695621], [121.178876, 24.9695345], [121.1788749, 24.9694715], [121.1789117, 24.9693531], [121.1789729, 24.9691991], [121.1790149, 24.9688817], [121.1790055, 24.9687032], [121.1789906, 24.9686331], [121.1789839, 24.9685683], [121.1789523, 24.9684395], [121.1789408, 24.9683867], [121.1789265, 24.9682775], [121.1789237, 24.9679159], [121.1789209, 24.9678642], [121.1788863, 24.9676747], [121.178867, 24.9675837], [121.1788336, 24.9675024], [121.1787588, 24.9673971], [121.1785761, 24.9671368], [121.1785229, 24.9670417], [121.1784772, 24.9669504], [121.1784386, 24.9668554], [121.178412, 24.9667556], [121.1784039, 24.9666673], [121.1784099, 24.9665309], [121.1783995, 24.9663992], [121.17839, 24.9662881], [121.1783763, 24.9661796], [121.1783576, 24.9660804], [121.1783049, 24.9657093], [121.1782878, 24.9655327], [121.1782742, 24.9653446], [121.1782561, 24.9650838], [121.1782322, 24.9648373], [121.1782238, 24.9646517], [121.1781883, 24.9644446], [121.1781537, 24.9643391], [121.1780983, 24.964128], [121.178044, 24.9639374], [121.1780134, 24.9638108], [121.1779634, 24.9636908], [121.1779103, 24.9635373], [121.177862, 24.9633595], [121.1778174, 24.9631389], [121.1778023, 24.9630367], [121.1777784, 24.9628273], [121.1777588, 24.9626374], [121.1777452, 24.9624703], [121.1777463, 24.9623367], [121.1777798, 24.9621913], [121.1778587, 24.9620331], [121.177929, 24.9619414], [121.1779927, 24.9618236], [121.1780232, 24.9616947], [121.1780268, 24.9616162], [121.1780046, 24.9614881], [121.1779388, 24.961351], [121.1778315, 24.9612492], [121.1777007, 24.9611827], [121.1775774, 24.9611439], [121.1774362, 24.9610855], [121.1773065, 24.9610191], [121.1772193, 24.9609445], [121.1771257, 24.9607714], [121.1771173, 24.9607006], [121.1771187, 24.9605564], [121.1771454, 24.9604881], [121.1772351, 24.9604294], [121.1774271, 24.9603615], [121.1775691, 24.960294], [121.1777056, 24.9602153], [121.1778241, 24.9601411], [121.1779345, 24.9600661], [121.1780149, 24.9599822], [121.1780619, 24.9598594], [121.178062, 24.9597603], [121.1780175, 24.959666], [121.178007, 24.959655], [121.1779176, 24.9595747], [121.1777673, 24.9594967], [121.1774652, 24.9592796], [121.1771477, 24.9591775], [121.177033, 24.9591554], [121.1769721, 24.9591517], [121.1766404, 24.959152], [121.1765575, 24.9591493], [121.176438, 24.9591397], [121.1762481, 24.9591147], [121.1759327, 24.9590591], [121.1756506, 24.9590182], [121.1755127, 24.9590036], [121.1753566, 24.9589708], [121.1752005, 24.9589438], [121.1749269, 24.9589136], [121.1747747, 24.9588931], [121.1745143, 24.9588649], [121.1739981, 24.9587797], [121.1737306, 24.9587275], [121.1735203, 24.9587103], [121.1732984, 24.9586835], [121.1730355, 24.9586447], [121.1728461, 24.9586084], [121.1725697, 24.9585637], [121.1723121, 24.9585352], [121.1721365, 24.9585158], [121.1719646, 24.9584905], [121.171788, 24.958468], [121.1715927, 24.9584464], [121.1713112, 24.9584175], [121.1710353, 24.9583776], [121.1707284, 24.958333], [121.1705547, 24.95832], [121.1704127, 24.9583022], [121.1702049, 24.9582603], [121.170113, 24.9582494], [121.1695423, 24.9581586], [121.1694392, 24.9581488], [121.1685742, 24.9580175], [121.1684256, 24.9579901], [121.1681208, 24.957945], [121.1677886, 24.9579093], [121.1676288, 24.9578969], [121.1671765, 24.9578001], [121.1670558, 24.9577687], [121.1668797, 24.9577331], [121.1666527, 24.9576983], [121.1665038, 24.9576956], [121.1660984, 24.9577014], [121.1659074, 24.9577077], [121.1657811, 24.9577024], [121.1656875, 24.9576911], [121.1657355, 24.957723], [121.1657835, 24.957771], [121.1657924, 24.9578101], [121.165787, 24.9578568], [121.1657775, 24.9578869], [121.1657409, 24.9579544], [121.1656392, 24.9580891], [121.165545, 24.9581924], [121.1655148, 24.9582116], [121.1654578, 24.9582462], [121.16543, 24.9582656], [121.165333, 24.9583443], [121.165126, 24.9584964], [121.1650068, 24.9585976], [121.164938, 24.9586559], [121.1647627, 24.9588234], [121.1645419, 24.9590355], [121.1643686, 24.9592071], [121.1642578, 24.9593272], [121.1641248, 24.9594539], [121.1639662, 24.9596155], [121.1637835, 24.9598204], [121.1636745, 24.9599185], [121.1634064, 24.9601941], [121.1632638, 24.9603533], [121.1631491, 24.960472], [121.1629881, 24.960629], [121.1629074, 24.9607133], [121.1627574, 24.960847], [121.1626322, 24.9609627], [121.162459, 24.9611064], [121.1623241, 24.961228], [121.1621509, 24.9613569], [121.1619473, 24.9614967], [121.1617644, 24.9616111], [121.1614895, 24.9617698], [121.1613876, 24.9618301], [121.1610976, 24.9619556], [121.1609506, 24.9620118], [121.1608203, 24.9620557], [121.1606978, 24.9621072], [121.1605465, 24.9621459], [121.1603838, 24.9621797], [121.1602074, 24.9621918], [121.160038, 24.9622114], [121.1598439, 24.9622181], [121.1595627, 24.9622234], [121.1589535, 24.9622433], [121.158625, 24.9622592], [121.1584922, 24.9622707], [121.1583422, 24.9622855], [121.1582223, 24.9622862], [121.1578732, 24.9623577], [121.1576413, 24.9624073], [121.1571668, 24.9625362], [121.1568644, 24.9626072], [121.1563514, 24.9627442], [121.1558483, 24.9628861], [121.155746, 24.9629083], [121.1552587, 24.9630601], [121.154985, 24.9631476], [121.154588, 24.9632986], [121.1541593, 24.9634557], [121.153982, 24.9635167], [121.1538271, 24.9635834], [121.1534349, 24.9637703], [121.1531743, 24.9639228], [121.1529588, 24.9640544], [121.1528898, 24.9641032], [121.1526961, 24.9642557], [121.1523518, 24.964542], [121.1521283, 24.964723], [121.1518793, 24.9648947], [121.1517905, 24.9649534], [121.1517134, 24.9649927], [121.1515176, 24.9650087], [121.1514547, 24.9650042], [121.1515566, 24.96527], [121.1515759, 24.9653495], [121.1516556, 24.9654184], [121.15175, 24.9655835], [121.1519533, 24.9658013], [121.1521977, 24.9661639], [121.1522459, 24.9662817], [121.1523292, 24.9664448], [121.1524331, 24.9665906], [121.1525177, 24.9666966], [121.1527747, 24.9670006], [121.1530314, 24.967259], [121.1531612, 24.9673802], [121.1533012, 24.9675493], [121.153453, 24.9677774], [121.1535128, 24.967882], [121.1536835, 24.9680807], [121.1539519, 24.968425], [121.1541514, 24.9686737], [121.1543621, 24.9689056], [121.1545457, 24.9690776], [121.1547652, 24.9692606], [121.1550184, 24.9695223], [121.1550687, 24.969565], [121.1551313, 24.9696265], [121.1552044, 24.9696862], [121.1553, 24.9697716], [121.1555083, 24.9699916], [121.1556085, 24.9700915], [121.1558916, 24.9703561], [121.1560451, 24.9705348], [121.1562153, 24.9706812], [121.1563133, 24.9708216], [121.1564638, 24.9709625], [121.1565286, 24.9710658], [121.1565449, 24.9711245], [121.1565968, 24.9712544], [121.1566799, 24.97136], [121.1569503, 24.9716016], [121.1571618, 24.9717178], [121.1573343, 24.9717917], [121.1575469, 24.9718538], [121.1578535, 24.9720905], [121.15789, 24.9721665], [121.1579526, 24.9722675], [121.1581269, 24.9725059], [121.1582248, 24.9725859], [121.1582973, 24.9726591], [121.1584233, 24.9728018], [121.1584867, 24.9728808], [121.158584, 24.9729952], [121.1586836, 24.9731499], [121.1587055, 24.9732423], [121.1587684, 24.9733025], [121.1588647, 24.9733529], [121.1590325, 24.9734271], [121.1591599, 24.9734626], [121.1593191, 24.9735102], [121.1594935, 24.973548], [121.1596669, 24.9735929], [121.1597948, 24.9736143], [121.1601179, 24.9736861], [121.1604003, 24.9738005], [121.1604894, 24.9738397], [121.1607376, 24.9739613], [121.1609499, 24.9740684], [121.1610095, 24.9741302], [121.1610537, 24.9742176], [121.1611714, 24.974519], [121.1612016, 24.9746303], [121.1613706, 24.9751114], [121.161589, 24.9756496], [121.1616382, 24.9757825], [121.1616777, 24.9759532], [121.1617287, 24.9762278], [121.1617613, 24.9763735], [121.1618436, 24.9769334], [121.1618918, 24.9771765], [121.1619116, 24.9773293], [121.161943, 24.9774945], [121.1620107, 24.977893], [121.1620541, 24.9780916], [121.1621068, 24.9783358], [121.1621463, 24.9784373], [121.1622039, 24.9786059], [121.1622338, 24.9787054], [121.1622512, 24.9788035], [121.1622641, 24.9789228], [121.1622794, 24.9790112], [121.1622999, 24.9790822], [121.1623374, 24.9791477], [121.1623951, 24.9792193], [121.1624883, 24.9793219], [121.1625621, 24.9793889], [121.1627063, 24.9795554], [121.1628934, 24.9798335], [121.1629843, 24.9800333], [121.1630308, 24.9801534], [121.1630861, 24.9803305], [121.1631162, 24.9803957], [121.1631487, 24.9805776], [121.1631668, 24.9806334], [121.1631934, 24.9807623], [121.1632095, 24.9808533], [121.1632272, 24.980945], [121.1632945, 24.9811964], [121.1633376, 24.9812656], [121.1634248, 24.9813731], [121.1634995, 24.9814506], [121.1635629, 24.9814995], [121.1636647, 24.9816006], [121.1638127, 24.9817364], [121.1638833, 24.981853], [121.1638972, 24.9819362], [121.1638992, 24.9820213], [121.1638459, 24.9822177], [121.1638556, 24.9822716], [121.1640092, 24.9823902], [121.1641301, 24.9824937], [121.1642539, 24.9825917], [121.164388, 24.9827227], [121.1644979, 24.9828416], [121.1646097, 24.9829529], [121.1646893, 24.9830494], [121.1648073, 24.9832305], [121.1649812, 24.9834784], [121.1650597, 24.9835513], [121.1651927, 24.9836976], [121.1652901, 24.9837963], [121.1654057, 24.9839401], [121.1654809, 24.9840207], [121.1657873, 24.9844149], [121.165841, 24.9844923], [121.1659373, 24.9846736], [121.1661215, 24.9851363], [121.16616, 24.9852562], [121.1664041, 24.9858308], [121.1665022, 24.9860114], [121.1665304, 24.9860836], [121.1666494, 24.9862821], [121.1668254, 24.9865004], [121.1669146, 24.9865827], [121.1672479, 24.9869234], [121.1673376, 24.9870034], [121.1674704, 24.9871249], [121.167552, 24.9872292], [121.167683, 24.9873452], [121.1677664, 24.9874286], [121.1679018, 24.9875472], [121.1679987, 24.9876369], [121.1682731, 24.9878925], [121.1683175, 24.9879367], [121.1683587, 24.9879723], [121.168373, 24.988039], [121.1670937, 24.990456], [121.1686148, 24.9911221], [121.1686104, 24.9918351], [121.1686094, 24.9919979], [121.1686094, 24.9921025], [121.1686094, 24.9923904], [121.1677886, 24.9935585], [121.1674823, 24.9942786], [121.1674414, 24.9947021], [121.1672014, 24.9951893], [121.1670467, 24.9958018], [121.1667226, 24.9964554], [121.1665679, 24.9981094], [121.1664269, 24.9990117], [121.1658485, 25.0001952], [121.1655899, 25.0008485], [121.1652477, 25.001602], [121.1650481, 25.0020639], [121.1647739, 25.0033235], [121.1649462, 25.005117], [121.1648925, 25.0058414], [121.1648174, 25.0062352], [121.1644509, 25.0067937], [121.1640181, 25.0073874], [121.1635246, 25.0083937], [121.1631299, 25.0090069], [121.1623304, 25.010023], [121.1620851, 25.0103985], [121.1620545, 25.0105765], [121.1620331, 25.0114224], [121.1619743, 25.0117236], [121.1617436, 25.0123506], [121.1615771, 25.0128808], [121.1615074, 25.0131676], [121.1612941, 25.0138336], [121.1611804, 25.0141688], [121.1611694, 25.0143878], [121.1612552, 25.0147961], [121.1613035, 25.0149614], [121.1612928, 25.0152725], [121.1613142, 25.0155885], [121.1613627, 25.0157608], [121.161411, 25.016541], [121.1615076, 25.0171973], [121.1615691, 25.0176326], [121.1616229, 25.0179799], [121.1616176, 25.0184028], [121.1615717, 25.0187079], [121.1615837, 25.0195503], [121.1616603, 25.0198517], [121.16173, 25.0200534], [121.1617812, 25.0201674], [121.1618507, 25.0202794], [121.1618695, 25.0203524], [121.1619419, 25.0205201], [121.1619904, 25.0207167], [121.1620063, 25.0210548], [121.1619768, 25.0212225], [121.1619472, 25.0212735], [121.1619151, 25.0213902], [121.1617033, 25.0219903], [121.1615303, 25.0228032], [121.1612452, 25.023774], [121.1609447, 25.0244766], [121.1608323, 25.0247016], [121.1607887, 25.024868], [121.1608571, 25.0251644], [121.1609012, 25.0252351], [121.1609751, 25.0254161], [121.160979, 25.0257188], [121.1610219, 25.0258282], [121.1610773, 25.0258985], [121.1613717, 25.0260728], [121.1616878, 25.0261917], [121.1622221, 25.0264854], [121.1624514, 25.026563], [121.1633154, 25.0269483], [121.1635891, 25.0269097], [121.1640262, 25.0269936], [121.1648254, 25.0276238], [121.1653784, 25.028029], [121.165855, 25.0282475], [121.1663491, 25.0279923], [121.167573, 25.0277054], [121.1691026, 25.0273916], [121.1693957, 25.027545], [121.1696963, 25.0275456], [121.1697189, 25.0275746], [121.1699923, 25.0275386], [121.1703403, 25.0275336], [121.1705035, 25.0275019], [121.1706025, 25.0273308], [121.1706863, 25.0272943], [121.1709615, 25.0272808], [121.1712923, 25.0272234], [121.1716076, 25.0273375], [121.1718958, 25.0276389], [121.1719546, 25.0276313], [121.1724027, 25.027308], [121.172825, 25.0269741], [121.1731192, 25.0268204], [121.173423, 25.026793], [121.1737817, 25.0268285], [121.1740916, 25.0268775], [121.1751256, 25.0272078], [121.1751182, 25.0273157], [121.1759048, 25.0275302], [121.1760239, 25.0275337], [121.1760018, 25.0273844], [121.1761196, 25.0272725], [121.1764088, 25.0266433], [121.1766517, 25.0259507], [121.1769854, 25.0255361], [121.1772188, 25.0251309], [121.1772555, 25.0246779], [121.1773927, 25.0247466], [121.1787161, 25.0241565], [121.178503, 25.0239048], [121.178622, 25.0236352], [121.1785476, 25.0234869], [121.1785362, 25.0233954], [121.1789066, 25.0231398], [121.1792112, 25.0231598], [121.1794096, 25.0230825], [121.1799337, 25.022574], [121.1801376, 25.0224895], [121.1803362, 25.0226095], [121.1805081, 25.0228042], [121.1808244, 25.0233254], [121.181029, 25.0238967], [121.1813081, 25.0242193], [121.1817911, 25.0251519], [121.181853, 25.0257638], [121.182041, 25.0265713], [121.1821259, 25.0268977], [121.182297, 25.0271876], [121.1824462, 25.0273263], [121.1826007, 25.0277538], [121.1826086, 25.0284798], [121.1827975, 25.0284853], [121.1830186, 25.0281203], [121.1831494, 25.0276845], [121.1833813, 25.02742], [121.1837106, 25.0272341], [121.1840255, 25.0272316], [121.1842796, 25.0270812], [121.1845411, 25.0268895], [121.1844398, 25.0268485], [121.1850658, 25.0262764], [121.1852499, 25.025978], [121.1853806, 25.0252953], [121.1854574, 25.0249587], [121.185567, 25.0246303], [121.1856278, 25.0244642], [121.1856404, 25.0241552], [121.1856147, 25.024021], [121.1855499, 25.0237994], [121.185452, 25.0235638], [121.1854373, 25.0231214], [121.1854387, 25.0222981], [121.1853489, 25.0220193], [121.1853495, 25.0218284], [121.1856256, 25.0215442], [121.185794, 25.0212773], [121.185984, 25.0209178], [121.1861136, 25.0208016], [121.1864487, 25.0206084], [121.1865558, 25.0205091], [121.1869952, 25.0201391], [121.1871653, 25.0198889], [121.1872636, 25.0195439], [121.1873127, 25.0191838], [121.1872768, 25.0187739], [121.1872496, 25.0185598], [121.1872471, 25.0183516], [121.1873793, 25.0175068], [121.1873282, 25.0173465], [121.187224, 25.0169763], [121.1872361, 25.0167844], [121.1872511, 25.0165644], [121.187268, 25.0163869], [121.1874692, 25.0159938], [121.1877048, 25.0157839], [121.1878999, 25.0157725], [121.1882067, 25.0160141], [121.1886584, 25.0165857], [121.188855, 25.0170219], [121.1890474, 25.0174376], [121.1893835, 25.0177233], [121.1898656, 25.0178009], [121.1901279, 25.0180152], [121.1902791, 25.0185733], [121.1904222, 25.0187583], [121.1908302, 25.0184754], [121.1912516, 25.0183971], [121.1919373, 25.0183194], [121.1924673, 25.0182184], [121.1929263, 25.0180544], [121.1932016, 25.0179899], [121.1939265, 25.0179584], [121.1938977, 25.0183105], [121.1940586, 25.0210229], [121.193962, 25.0233222], [121.1940264, 25.0237256], [121.1948002, 25.0251987], [121.1950242, 25.0257963], [121.1951221, 25.0264479], [121.195845, 25.0265643], [121.1961111, 25.0266401], [121.1964203, 25.0261757], [121.1965683, 25.0259252], [121.1966354, 25.025808], [121.1966936, 25.0257304], [121.1967616, 25.0256573], [121.1968337, 25.0256193], [121.1969904, 25.0254636], [121.1970545, 25.0254084], [121.1971366, 25.0253162], [121.1977067, 25.0245156], [121.1982748, 25.0236834], [121.1983433, 25.0236703], [121.1983908, 25.0236918], [121.1984842, 25.0237492], [121.1985935, 25.0238396], [121.1986568, 25.0239314], [121.1987518, 25.0240677], [121.1989083, 25.0242376], [121.1989671, 25.0242858], [121.1989798, 25.0243001], [121.1990621, 25.0243432], [121.1991539, 25.0244077], [121.1992903, 25.0245266], [121.1993503, 25.0246416], [121.1993616, 25.0247794], [121.1993249, 25.0249859], [121.1993113, 25.0251662], [121.1993455, 25.0252757], [121.1993835, 25.0253775], [121.1994206, 25.0254409], [121.1994959, 25.0255224], [121.1995244, 25.0255655], [121.199602, 25.02562], [121.1996768, 25.0256548], [121.1997746, 25.0256817], [121.1999725, 25.0257075], [121.2000406, 25.0257061], [121.2001969, 25.0257559], [121.2002622, 25.0258007], [121.2003509, 25.0259299], [121.2004126, 25.0260303], [121.2004744, 25.0261092], [121.2005124, 25.0261522], [121.2005788, 25.0261922], [121.2012858, 25.0264674], [121.2017941, 25.0262046], [121.2023359, 25.0256845], [121.2025996, 25.0255319], [121.2038755, 25.0251012], [121.2060803, 25.0245277], [121.2073052, 25.023945], [121.2076592, 25.0238339], [121.2078001, 25.0237736], [121.2080113, 25.0235836], [121.2080345, 25.0235094], [121.2079932, 25.0234494], [121.2079489, 25.0234092], [121.2076988, 25.0232399], [121.2075325, 25.0230147], [121.2074407, 25.0228971], [121.2071589, 25.0225728], [121.2065268, 25.021927], [121.2061035, 25.0214658], [121.2060345, 25.0210724], [121.2060474, 25.0210349], [121.2061345, 25.0209057], [121.2062511, 25.0207674], [121.2066633, 25.0200937], [121.2073163, 25.0194599], [121.2078128, 25.0190148], [121.2078761, 25.0189201], [121.2078934, 25.0188355], [121.2077821, 25.0183253], [121.2074442, 25.0178829], [121.2065094, 25.0170758], [121.206118, 25.0166996], [121.20602, 25.0163441], [121.2061922, 25.0161222], [121.206557, 25.0161072], [121.2070204, 25.0161427], [121.2082904, 25.0170174], [121.2088033, 25.0172667], [121.2089854, 25.0172032], [121.2090535, 25.0170274], [121.2088765, 25.0163565], [121.2081992, 25.0146743], [121.2078773, 25.0135514], [121.2077875, 25.0129342], [121.207945, 25.0126042], [121.2081147, 25.0122488], [121.208623, 25.0119909], [121.2097763, 25.011811], [121.2102001, 25.0114562], [121.2101854, 25.0110723], [121.2096597, 25.0103577], [121.2088322, 25.0092542], [121.2086337, 25.0085007], [121.2090521, 25.0080631], [121.2100446, 25.0074506], [121.2100982, 25.0067359], [121.2096811, 25.0056761], [121.2093432, 25.0046503], [121.2095242, 25.0036245], [121.2103356, 25.0027397], [121.2109202, 25.0017583], [121.2110528, 25.0014538], [121.2112144, 25.0009803], [121.2119667, 25.0018566], [121.2123181, 25.0022446], [121.2125676, 25.0026603], [121.2127864, 25.0028986], [121.2132314, 25.0033698], [121.2142214, 25.003439], [121.2138855, 25.0039648], [121.213751, 25.0041783], [121.2137649, 25.0042114], [121.2135179, 25.0045996], [121.2134842, 25.0048199], [121.2134819, 25.0049963], [121.2135968, 25.005948], [121.2136226, 25.0071297], [121.213351, 25.0090992], [121.2140221, 25.0094102], [121.2142116, 25.009568], [121.2134791, 25.0108724], [121.2132435, 25.0112577], [121.2122395, 25.0121071], [121.2115173, 25.0127013], [121.209617, 25.0142563], [121.2104535, 25.0150566], [121.2116106, 25.0140914], [121.2120255, 25.0145037], [121.2120462, 25.0145208], [121.213203, 25.0156738], [121.2132628, 25.015715], [121.2132843, 25.0158803], [121.2126939, 25.0169421], [121.2126689, 25.0169871], [121.212664, 25.0169959], [121.2124794, 25.0171666], [121.2134233, 25.0180755], [121.2135, 25.0181515], [121.2150978, 25.0197348], [121.2163742, 25.0186688], [121.2168632, 25.0191449], [121.2173268, 25.0192987], [121.2179131, 25.0188398], [121.2186849, 25.0196189], [121.2213756, 25.0173871], [121.2228012, 25.0187966], [121.2238674, 25.017926], [121.2244188, 25.0184749], [121.2244959, 25.0185598], [121.2245685, 25.0186685], [121.2247267, 25.0189486], [121.2248113, 25.019231], [121.2248666, 25.019527], [121.2248656, 25.0198212], [121.2247716, 25.0202117], [121.2247293, 25.0202886], [121.2246913, 25.0203802], [121.2251552, 25.0205654], [121.2252396, 25.020551], [121.2253191, 25.0204851], [121.225406, 25.0203423], [121.2254582, 25.0202054], [121.2254944, 25.0200713], [121.225523, 25.0198393], [121.2254982, 25.0195751], [121.2253998, 25.0192023], [121.2253286, 25.0189052], [121.2252671, 25.0184353], [121.2252238, 25.0180626], [121.2252048, 25.0179227], [121.2251971, 25.0178502], [121.2251677, 25.0176959], [121.2250638, 25.0174375], [121.2249885, 25.0173114], [121.2249256, 25.0172415], [121.2248951, 25.0172001], [121.2247375, 25.0170432], [121.224292, 25.016581], [121.2239967, 25.0162702], [121.22389, 25.0161684], [121.2238478, 25.016106], [121.2235413, 25.0157902], [121.2233774, 25.0155761], [121.2233203, 25.0155191], [121.2232374, 25.0154008], [121.2231812, 25.0153275], [121.2231545, 25.0152549], [121.223072, 25.0151349], [121.2229049, 25.0147093], [121.2228172, 25.0144088], [121.2227839, 25.0142092], [121.2227639, 25.0140514], [121.2227715, 25.0138632], [121.2227753, 25.0136922], [121.2227962, 25.0135485], [121.2228191, 25.0134453], [121.2231341, 25.0128621], [121.2231897, 25.0127874], [121.2232238, 25.012726], [121.2234479, 25.012297], [121.2236168, 25.0117912], [121.2235426, 25.0112098], [121.2234975, 25.0109139], [121.2234022, 25.0106136], [121.2232021, 25.0101075], [121.2230783, 25.0097483], [121.2230244, 25.0094979], [121.223023, 25.009099], [121.2231135, 25.0085652], [121.2231416, 25.0071872], [121.2233178, 25.0062113], [121.2234524, 25.0056956], [121.2235892, 25.0054008], [121.2239048, 25.0049698], [121.224069, 25.0048363], [121.2244578, 25.0043915], [121.224713, 25.0041223], [121.2249448, 25.0039121], [121.2252131, 25.0037321], [121.2257402, 25.003489], [121.2267621, 25.0031615], [121.2268177, 25.0032634], [121.2268341, 25.0036418], [121.2268522, 25.0037168], [121.2268925, 25.0038079], [121.2270662, 25.003996], [121.2272327, 25.0041138], [121.2273431, 25.0041766], [121.2275554, 25.0042491], [121.2276428, 25.0042637], [121.2277874, 25.0042566], [121.2278798, 25.0042849], [121.2279966, 25.0042938], [121.2280869, 25.0043136], [121.2282331, 25.004318], [121.2283059, 25.0043127], [121.2284014, 25.0043234], [121.2285191, 25.004315], [121.2286843, 25.0043251], [121.2287478, 25.0043386], [121.2289988, 25.0045094], [121.2293411, 25.0046354], [121.2293703, 25.0046623], [121.2293841, 25.0047079], [121.2288089, 25.0060604], [121.2285698, 25.0067061], [121.2285404, 25.0068269], [121.2285582, 25.006899], [121.2286098, 25.0069902], [121.2286713, 25.0070429], [121.2287799, 25.0070976], [121.2292539, 25.0073308], [121.2293631, 25.0073703], [121.2295655, 25.007393], [121.2299793, 25.0073879], [121.230209, 25.0073886], [121.2304349, 25.0073803], [121.2310828, 25.0073786], [121.2312671, 25.0073842], [121.2314859, 25.0073724], [121.2317341, 25.0073725], [121.2319285, 25.0073616], [121.2320005, 25.0073495], [121.2321335, 25.0073113], [121.2324648, 25.0072647], [121.2325757, 25.0072655], [121.2326345, 25.0072765], [121.2327688, 25.0074157], [121.2328827, 25.007555], [121.2330524, 25.0078347], [121.2330865, 25.0079109], [121.2331207, 25.0080585], [121.2331582, 25.0080611], [121.2332263, 25.0080252], [121.2339685, 25.0078336], [121.2340321, 25.0078339], [121.2341476, 25.007854], [121.234245, 25.0078791], [121.2346286, 25.0078873], [121.2346997, 25.0079053], [121.2347558, 25.0079327], [121.2348179, 25.007986], [121.2348894, 25.0080635], [121.2349887, 25.0081543], [121.235133, 25.0082311], [121.2355463, 25.0083921], [121.2361479, 25.0086587], [121.2363472, 25.0086995], [121.237337, 25.0088511], [121.2375342, 25.0089146], [121.237577, 25.0089205], [121.2377195, 25.0089896], [121.2379061, 25.0091048], [121.2380695, 25.0092235], [121.2383047, 25.0093733], [121.2384494, 25.0094145], [121.2385534, 25.0094231], [121.2387175, 25.0094593], [121.2387861, 25.0094672], [121.2391498, 25.0095289], [121.2394547, 25.0095798], [121.2408125, 25.0098314], [121.2408995, 25.0098375], [121.2411721, 25.0098759], [121.2414478, 25.0099039], [121.2424412, 25.0100548], [121.2426133, 25.0100822], [121.2428013, 25.0101396], [121.2432205, 25.0103187], [121.2433263, 25.0103633], [121.2434594, 25.0103926], [121.2436513, 25.0104108], [121.2436732, 25.0104384], [121.2436896, 25.0104986], [121.2436848, 25.0105544], [121.2437062, 25.0105991], [121.2440437, 25.0106715], [121.2446364, 25.0107757], [121.2448134, 25.0107445], [121.244928, 25.010695], [121.2451668, 25.0106503], [121.2454596, 25.0106426], [121.2457356, 25.01065], [121.2467594, 25.0106862], [121.2473895, 25.0106307], [121.2476012, 25.0106746], [121.2478807, 25.0100892], [121.2483167, 25.0094854], [121.2486801, 25.0091781], [121.2488133, 25.008739], [121.2489608, 25.0086557], [121.2491748, 25.0086763], [121.2492767, 25.0077942], [121.2509129, 25.0058552], [121.2510704, 25.0060199], [121.2512642, 25.0059101], [121.2513857, 25.0056096], [121.251676, 25.0054601], [121.2518456, 25.0054271], [121.2524027, 25.0049661], [121.2534233, 25.0038813], [121.2532223, 25.0036844], [121.2539725, 25.0030272], [121.2541921, 25.0028517], [121.254341, 25.0024031], [121.254664, 25.0014339], [121.2550718, 24.9997075], [121.2553394, 24.9988899], [121.2553914, 24.998645], [121.2553942, 24.9983952], [121.2554618, 24.998211], [121.2560398, 24.9973758], [121.2561364, 24.9972082], [121.256365, 24.9966558], [121.2567332, 24.9960486], [121.2568105, 24.9957736], [121.2568658, 24.9953905], [121.2568477, 24.9947818], [121.2568148, 24.9945965], [121.2564519, 24.9940332], [121.2564086, 24.9939336], [121.2563999, 24.9937257], [121.2564918, 24.993642], [121.2566613, 24.9935721], [121.256937, 24.9935188], [121.2571501, 24.9931618], [121.2572408, 24.9929205], [121.2573032, 24.9925707], [121.2574111, 24.9924561], [121.2575687, 24.9922373], [121.257602, 24.9920385], [121.2575565, 24.9918691], [121.2573682, 24.9917511], [121.257247, 24.9914876], [121.2572713, 24.9911473], [121.2575014, 24.9910375], [121.2575744, 24.9910982], [121.2577125, 24.9913319], [121.2578925, 24.9914011], [121.2580273, 24.9913109], [121.2582651, 24.9905112], [121.258673, 24.9896697], [121.2587225, 24.9895863], [121.2589546, 24.988769], [121.2592717, 24.9882793], [121.2593422, 24.9879386], [121.2595419, 24.987566], [121.2598082, 24.9870714], [121.2597726, 24.9866174], [121.2596228, 24.9863384], [121.2596346, 24.9861942], [121.2597689, 24.9857749], [121.2598735, 24.9854963], [121.2600942, 24.9850715], [121.2602632, 24.9848187], [121.2603856, 24.9846596], [121.2603587, 24.9844721], [121.2603393, 24.9843821], [121.2603774, 24.9843513], [121.2605304, 24.9840617], [121.2605984, 24.9838263], [121.2606303, 24.9836236], [121.2608201, 24.9834217], [121.2609183, 24.9833001], [121.2609455, 24.9830076], [121.2610101, 24.9828581], [121.2611159, 24.98272], [121.2615751, 24.9823003], [121.2616554, 24.9821277], [121.2618936, 24.9810043], [121.2619406, 24.9806456], [121.2620036, 24.9801646], [121.2622371, 24.9787674], [121.2625079, 24.9773387], [121.262645, 24.9770965], [121.2629874, 24.9762298], [121.2632694, 24.9757351], [121.2636035, 24.9756122], [121.2636813, 24.9754841], [121.2636392, 24.9750273], [121.2637545, 24.9744493], [121.2639082, 24.9742368], [121.2639999, 24.9741014], [121.2640656, 24.9738356], [121.2638812, 24.9736133], [121.2636365, 24.9733898], [121.263621, 24.9733423], [121.2636371, 24.9732607], [121.2635873, 24.9731796], [121.2636563, 24.9730376], [121.2637838, 24.9729329], [121.2639025, 24.9728748], [121.2640907, 24.9728158], [121.2641905, 24.9727062], [121.2642046, 24.9726175], [121.2642905, 24.9721023], [121.2642997, 24.9719263], [121.2643198, 24.9717677], [121.264365, 24.9714844], [121.2643779, 24.9713935], [121.2644254, 24.9711862], [121.2644639, 24.9710172], [121.2644902, 24.9709142], [121.2645157, 24.9707844], [121.2645504, 24.9705961], [121.2645691, 24.9704757], [121.2645691, 24.9703716], [121.2645589, 24.970351], [121.264533, 24.9703179], [121.2644244, 24.9702567], [121.2643337, 24.9702137], [121.2641507, 24.9701757], [121.2640579, 24.9701523], [121.2639117, 24.9701512], [121.2638614, 24.9701397], [121.2637412, 24.9701266], [121.26356, 24.9701179], [121.2634169, 24.9700653], [121.2633813, 24.9700566], [121.2633315, 24.9700166], [121.2633241, 24.9700059], [121.2633269, 24.9699916], [121.2633465, 24.9699607], [121.2635788, 24.9697577], [121.2636716, 24.9696987], [121.2638693, 24.969538], [121.264063, 24.9693785], [121.2641345, 24.9693197], [121.2643366, 24.969144], [121.2644013, 24.9690984], [121.2644357, 24.9690647], [121.2645626, 24.9689304], [121.2646117, 24.9688849], [121.2646559, 24.9688451], [121.2647151, 24.9687894], [121.2648156, 24.9686952], [121.2648937, 24.9686247], [121.2649958, 24.9685308], [121.2650847, 24.968465], [121.2651549, 24.9684073], [121.2652149, 24.9683587], [121.2652216, 24.9683317], [121.2652358, 24.9683058], [121.2652014, 24.9681297], [121.2651465, 24.9679693], [121.2651071, 24.9678322], [121.2650816, 24.9677145], [121.2650437, 24.9675936], [121.2650417, 24.9675228], [121.2650192, 24.9674337], [121.2649691, 24.9672953], [121.2649531, 24.9672331], [121.2649506, 24.9671603], [121.2649618, 24.9671154], [121.2649928, 24.9670449], [121.26501, 24.9670082], [121.2650249, 24.9669566], [121.2650576, 24.9668121], [121.2650757, 24.9667576], [121.2650854, 24.9667152], [121.2651216, 24.9666189], [121.2651647, 24.9665124], [121.2652218, 24.9663608], [121.2652602, 24.9662212], [121.2652722, 24.9661624], [121.2652991, 24.9660037], [121.265322, 24.9659144], [121.2653474, 24.9657879], [121.2653654, 24.965654], [121.265375, 24.9656262], [121.2653877, 24.965417], [121.2653858, 24.9653916], [121.2653888, 24.9651166], [121.2653855, 24.9650942], [121.2653832, 24.9650275], [121.2653854, 24.9647957], [121.2653921, 24.9647513], [121.2653852, 24.9646165], [121.2653747, 24.964507], [121.265369, 24.9643717], [121.2653955, 24.9641731], [121.2654319, 24.9641048], [121.2655491, 24.9638242], [121.2656144, 24.9637014], [121.2656191, 24.963669], [121.2656167, 24.9636371], [121.2656049, 24.9635815], [121.2655854, 24.9635181], [121.2655196, 24.9633411], [121.2654912, 24.9632289], [121.2654099, 24.962994], [121.2652511, 24.9625954], [121.2652424, 24.9625688], [121.2651068, 24.9622895], [121.2649126, 24.9619286], [121.2648768, 24.961841], [121.2648381, 24.9616956], [121.2648297, 24.9616748], [121.2648202, 24.9616181], [121.2648157, 24.9615547], [121.2648118, 24.9614107], [121.2647981, 24.9613133], [121.2647667, 24.9611986], [121.2647495, 24.9611438], [121.264639, 24.9608405], [121.2645847, 24.9606933], [121.2645532, 24.9606521], [121.2644156, 24.9605693], [121.2643883, 24.9605498], [121.2643486, 24.9605132], [121.2643282, 24.9604726], [121.2643247, 24.9604241], [121.2643537, 24.9602399], [121.2643661, 24.9601707], [121.2644064, 24.960002], [121.26445, 24.9597693], [121.2644801, 24.9595984], [121.2644937, 24.9594824], [121.2645105, 24.9594251], [121.2645378, 24.9592836], [121.2645534, 24.9592243], [121.2645602, 24.9591818], [121.264563, 24.9591193], [121.2645785, 24.9590074], [121.2645901, 24.9589574], [121.2645964, 24.958895], [121.2646462, 24.9586541], [121.2646581, 24.9585785], [121.2646716, 24.9584753], [121.2646833, 24.9584074], [121.2647007, 24.9583412], [121.2647221, 24.9582885], [121.2647702, 24.9580989], [121.2648192, 24.9579722], [121.2648617, 24.9577918], [121.2648803, 24.9577353], [121.2649445, 24.9575407], [121.2649823, 24.9574573], [121.2650331, 24.9573362], [121.265103, 24.957173], [121.2651392, 24.9571185], [121.2652348, 24.956961], [121.2652957, 24.9568674], [121.2653429, 24.9567803], [121.2654716, 24.9565826], [121.2656401, 24.9563888], [121.2656959, 24.9563328], [121.2657392, 24.9562799], [121.2657812, 24.9562055], [121.2657957, 24.9561749], [121.2658117, 24.9561131], [121.2658507, 24.9560017], [121.2659347, 24.9557892], [121.2659645, 24.9557333], [121.2659883, 24.9556862], [121.2660154, 24.955619], [121.2660781, 24.9553798], [121.2661111, 24.9552049], [121.2661108, 24.9551567], [121.266136, 24.9549477], [121.2661366, 24.9547853], [121.2661561, 24.9547774], [121.2661713, 24.954759], [121.2661751, 24.954727], [121.2661868, 24.9546551], [121.2662095, 24.9545481], [121.2662312, 24.9544373], [121.2662848, 24.9542634], [121.2663081, 24.9541848], [121.2663294, 24.954127], [121.2663522, 24.9540708], [121.2665311, 24.9537121], [121.2665767, 24.9536393], [121.266596, 24.9536088], [121.2666355, 24.9535349], [121.2667211, 24.9533756], [121.266745, 24.9533278], [121.2668084, 24.9531873], [121.2668714, 24.9529466], [121.2668742, 24.952897], [121.2668765, 24.9527802], [121.2668701, 24.9527474], [121.2668563, 24.9526662], [121.2668342, 24.9525882], [121.2668007, 24.9524913], [121.2667723, 24.9523815], [121.2667674, 24.9523572], [121.266767, 24.9522987], [121.2667711, 24.9522667], [121.2667725, 24.9522023], [121.2668019, 24.9520288], [121.2668369, 24.9517999], [121.2668472, 24.9516758], [121.2668508, 24.9515863], [121.2668451, 24.9513439], [121.2668507, 24.9512205], [121.2668279, 24.9510285], [121.2668045, 24.9507336], [121.266796, 24.9506932], [121.2667931, 24.9505482], [121.2667893, 24.9503663], [121.2667913, 24.9503205], [121.2667975, 24.950254], [121.2668161, 24.9502001], [121.2668153, 24.9500865], [121.266809, 24.9499444], [121.2667923, 24.9498362], [121.2667881, 24.9497482], [121.266768, 24.9496924], [121.2667199, 24.9495078], [121.2666945, 24.9493059], [121.2666588, 24.9491297], [121.2666505, 24.9489928], [121.2666332, 24.9488017], [121.2666202, 24.9486384], [121.2666097, 24.9485459], [121.2666018, 24.9484828], [121.2665774, 24.9483929], [121.2665368, 24.9483064], [121.2664785, 24.9482309], [121.2664588, 24.9481902], [121.266442, 24.9481288], [121.2664372, 24.9480701], [121.2663974, 24.947864], [121.2663925, 24.9478536], [121.2663551, 24.9478053], [121.2662977, 24.947694], [121.2660992, 24.9474117], [121.2660424, 24.9473488], [121.2660426, 24.9473039], [121.26602, 24.9472169], [121.2659709, 24.9470156], [121.2659184, 24.946861], [121.265768, 24.9463427], [121.2656204, 24.9458314], [121.2655631, 24.9456466], [121.2654712, 24.9453739], [121.2653738, 24.9450917], [121.265278, 24.9448483], [121.2651616, 24.9444681], [121.2650111, 24.9438804], [121.2649436, 24.9436588], [121.2648609, 24.9433606], [121.264817, 24.9431678], [121.2647953, 24.9430497], [121.2647554, 24.9429064], [121.2647062, 24.9427649], [121.264656, 24.9425555], [121.2646389, 24.9424625], [121.2645909, 24.9422874], [121.2645642, 24.9421461], [121.2645032, 24.9419558], [121.2644904, 24.9418909], [121.2644148, 24.9416479], [121.2642436, 24.9410279], [121.2641592, 24.9407337], [121.2641218, 24.9405856], [121.2640538, 24.9403579], [121.2639914, 24.940153], [121.2639729, 24.9400486], [121.263912, 24.9398502], [121.2638879, 24.9397425], [121.2637806, 24.9393734], [121.2637539, 24.9392692], [121.2636594, 24.9389605], [121.2636282, 24.9388385], [121.2635768, 24.9386479], [121.2635009, 24.9383974], [121.2634859, 24.9382974], [121.2634342, 24.9381081], [121.2632933, 24.937642], [121.2631828, 24.9373664], [121.2631007, 24.9371905], [121.2630374, 24.9370869], [121.2629973, 24.9370572], [121.2622024, 24.9358756], [121.2620036, 24.9356618], [121.2618181, 24.9354657], [121.2617723, 24.9352215], [121.2614023, 24.9349885], [121.2611962, 24.9348568], [121.2608397, 24.9346301], [121.260674, 24.9344876], [121.2605705, 24.9343981], [121.2603684, 24.9342234]]], [[[121.2543741, 24.9189937], [121.2545432, 24.9188966], [121.2547497, 24.9187901], [121.2549636, 24.9186682], [121.2551752, 24.9185071], [121.2552437, 24.9184071], [121.2553657, 24.9181516], [121.2554538, 24.9175828], [121.2555641, 24.917038], [121.2557371, 24.9164891], [121.2557595, 24.9162022], [121.2556832, 24.9156615], [121.2555205, 24.9153893], [121.255306, 24.9151359], [121.2551224, 24.9149997], [121.2550107, 24.9148835], [121.2547004, 24.9143254], [121.2546132, 24.9141302], [121.2544986, 24.913864], [121.2543693, 24.9135058], [121.2543304, 24.9133655], [121.2542521, 24.9131334], [121.2541871, 24.9128605], [121.2541206, 24.9127068], [121.2540663, 24.912563], [121.254, 24.9123968], [121.2538952, 24.9122091], [121.2538989, 24.9121226], [121.2538279, 24.911914], [121.2531592, 24.911087], [121.2531288, 24.9108474], [121.2530101, 24.9099917], [121.2528386, 24.9095739], [121.253034, 24.90911], [121.253059, 24.9088764], [121.253177, 24.9089125], [121.2532999, 24.9091216], [121.2536277, 24.9095489], [121.2538899, 24.9099895], [121.2539627, 24.9102249], [121.2539647, 24.910822], [121.254443, 24.9113721], [121.2545693, 24.9114224], [121.2547389, 24.9115978], [121.2547584, 24.9117583], [121.256372, 24.9130855], [121.2567954, 24.9134907], [121.2569279, 24.9136868], [121.2571161, 24.9143621], [121.2571484, 24.914803], [121.257069, 24.9150374], [121.2568925, 24.9152913], [121.2566577, 24.9155222], [121.256571, 24.9156679], [121.2565833, 24.9158625], [121.2567607, 24.9160376], [121.2569654, 24.9161909], [121.2572177, 24.916339], [121.2575422, 24.9164786], [121.2578091, 24.9165486], [121.2580166, 24.9165826], [121.258711, 24.9166381], [121.2594619, 24.9167584], [121.2600677, 24.9168631], [121.2609709, 24.9170195], [121.261653, 24.9171969], [121.2617505, 24.9171374], [121.2620502, 24.9172022], [121.2624336, 24.9172341], [121.2625776, 24.9173005], [121.2626632, 24.9173528], [121.262785, 24.9174473], [121.2628758, 24.9175219], [121.2629435, 24.9175638], [121.2630644, 24.9176809], [121.2631581, 24.9177763], [121.2633025, 24.9179106], [121.2634092, 24.9180148], [121.2635314, 24.9182096], [121.2637933, 24.9185958], [121.2639842, 24.9188705], [121.2640781, 24.9190029], [121.2641637, 24.9190871], [121.2644383, 24.9191493], [121.2647261, 24.9192411], [121.2650447, 24.9193853], [121.2654976, 24.9196248], [121.2657501, 24.9197688], [121.265803, 24.9199354], [121.2657643, 24.9201226], [121.2657064, 24.9202825], [121.2656938, 24.9204291], [121.2657969, 24.9205386], [121.2659523, 24.9206459], [121.2661458, 24.9207566], [121.26671, 24.920851], [121.2672343, 24.9211474], [121.2673541, 24.9212268], [121.2674718, 24.9213073], [121.2675922, 24.9214395], [121.2676529, 24.9215022], [121.2677294, 24.9215514], [121.2678742, 24.9216207], [121.2680482, 24.9217331], [121.2681295, 24.9219045], [121.2681076, 24.9220016], [121.2680988, 24.9220813], [121.2680974, 24.9221879], [121.2680843, 24.9222879], [121.2681608, 24.9224349], [121.2682334, 24.9225728], [121.2682577, 24.9226242], [121.2682886, 24.9226775], [121.2683195, 24.9227325], [121.2683247, 24.922896], [121.2682403, 24.9230808], [121.268189, 24.9233177], [121.2681923, 24.9235041], [121.2682067, 24.9236471], [121.2682721, 24.9238059], [121.2683692, 24.9239527], [121.2685255, 24.924106], [121.2687984, 24.924225], [121.2690495, 24.9242495], [121.2692508, 24.9242816], [121.2694057, 24.9243238], [121.2696519, 24.9244223], [121.269775, 24.9244734], [121.2698464, 24.9245172], [121.2698736, 24.9245434], [121.2698866, 24.9245682], [121.2699036, 24.924638], [121.2699133, 24.9247352], [121.2699082, 24.9249648], [121.2699583, 24.9251798], [121.2700518, 24.9253555], [121.2700945, 24.925441], [121.2701026, 24.9254691], [121.2701026, 24.9255254], [121.2700883, 24.9256762], [121.270161, 24.9258748], [121.2702491, 24.9260002], [121.2703637, 24.9261035], [121.2706721, 24.9261882], [121.2708829, 24.9263312], [121.2709534, 24.9264428], [121.2710311, 24.9265252], [121.2711003, 24.9266314], [121.2711774, 24.9267596], [121.2714567, 24.92711], [121.2716102, 24.9272443], [121.2717714, 24.9274109], [121.2719731, 24.9275837], [121.2721287, 24.9276953], [121.2723931, 24.9278341], [121.2725429, 24.9278983], [121.2726478, 24.927977], [121.2727033, 24.9280456], [121.2727764, 24.9282042], [121.2729074, 24.9285502], [121.2733563, 24.9292246], [121.2735323, 24.9294518], [121.2735887, 24.9293467], [121.2735934, 24.9291595], [121.2736321, 24.9290226], [121.2736135, 24.9287665], [121.2736093, 24.9286734], [121.2735699, 24.9285911], [121.2735937, 24.9285211], [121.2736251, 24.9284253], [121.2736205, 24.9283517], [121.2736289, 24.9282746], [121.2735966, 24.9281555], [121.2735325, 24.9280644], [121.2735005, 24.9279611], [121.273481, 24.9278669], [121.2734796, 24.9277439], [121.2734987, 24.9276408], [121.2734615, 24.9275554], [121.2734507, 24.9274708], [121.2735967, 24.9274315], [121.2737173, 24.9274447], [121.2738814, 24.9274627], [121.2739716, 24.9275127], [121.2740629, 24.9275628], [121.2741478, 24.9276328], [121.274501, 24.9276972], [121.2747226, 24.9278503], [121.2749975, 24.9280912], [121.2751452, 24.9281553], [121.2753878, 24.9281278], [121.2757639, 24.928064], [121.2761218, 24.9279728], [121.2759471, 24.9275067], [121.2757148, 24.9269197], [121.2752627, 24.9262424], [121.2752747, 24.9261529], [121.2753557, 24.9261405], [121.2754246, 24.9260721], [121.2754905, 24.9259202], [121.2755126, 24.9257032], [121.2755978, 24.9256283], [121.27569, 24.925631], [121.2757507, 24.9256283], [121.2758703, 24.9253681], [121.2758907, 24.9251419], [121.2759157, 24.9250513], [121.2759522, 24.9249358], [121.276403, 24.9244446], [121.2764431, 24.9241509], [121.2766841, 24.9240795], [121.276786, 24.9240254], [121.2767772, 24.923761], [121.2767878, 24.9236597], [121.2767903, 24.9235403], [121.2767793, 24.9232116], [121.2767834, 24.9230279], [121.2769587, 24.9229319], [121.2772993, 24.9226977], [121.2773418, 24.9226764], [121.2774817, 24.9222507], [121.2775486, 24.9220287], [121.2775577, 24.9219345], [121.2774726, 24.9218098], [121.2774483, 24.9216942], [121.2775243, 24.9215696], [121.2774422, 24.9214358], [121.2773145, 24.9212837], [121.2771199, 24.9212442], [121.2769526, 24.9211803], [121.2767823, 24.9210222], [121.2766424, 24.9208276], [121.2764934, 24.9205296], [121.2765253, 24.9204227], [121.2768006, 24.9204571], [121.2771317, 24.920427], [121.2775445, 24.9203367], [121.2778155, 24.9202206], [121.2779531, 24.9200443], [121.2782584, 24.9201604], [121.2787572, 24.9203969], [121.2789207, 24.9205001], [121.2797248, 24.9207238], [121.280013, 24.9207969], [121.2805591, 24.9209646], [121.2807913, 24.9210463], [121.2810684, 24.9210906], [121.2813289, 24.9211323], [121.2816213, 24.9211022], [121.2820384, 24.9208442], [121.2825674, 24.9203109], [121.2826838, 24.9202097], [121.2831432, 24.9202905], [121.2835797, 24.9202572], [121.285187, 24.9209868], [121.2854224, 24.9210936], [121.2860383, 24.9213995], [121.2880483, 24.9221135], [121.289855, 24.9230245], [121.2913337, 24.9237456], [121.2917573, 24.9240122], [121.2926951, 24.9244755], [121.2931906, 24.9244943], [121.2935997, 24.9245449], [121.2938461, 24.9245976], [121.2939591, 24.9246588], [121.294038, 24.9245336], [121.2942418, 24.9246886], [121.294414, 24.9245871], [121.2941851, 24.9243584], [121.2947608, 24.9239299], [121.2948844, 24.9241398], [121.29542, 24.9239253], [121.2954084, 24.9238722], [121.2957196, 24.9237313], [121.2956744, 24.9235978], [121.2962178, 24.9232712], [121.296283, 24.9236143], [121.2963474, 24.9236118], [121.2965271, 24.9238867], [121.2966165, 24.9239263], [121.2964735, 24.9240563], [121.2971505, 24.9250407], [121.2979613, 24.9243492], [121.2982297, 24.9241809], [121.2983281, 24.9241889], [121.2983994, 24.9242218], [121.2990722, 24.9245763], [121.3000779, 24.9251157], [121.3016208, 24.9262309], [121.3025997, 24.927091], [121.3035798, 24.9278937], [121.3039915, 24.9282891], [121.3041935, 24.928483], [121.3071907, 24.9312092], [121.307282, 24.9312923], [121.3126543, 24.9359828], [121.3130438, 24.9362408], [121.3141785, 24.937104], [121.31577, 24.938474], [121.3161577, 24.9387769], [121.3167184, 24.9391145], [121.3177367, 24.939725], [121.31852, 24.9402313], [121.3208625, 24.9414916], [121.3226357, 24.94249], [121.3231068, 24.9427734], [121.3243309, 24.943418], [121.3251743, 24.9436756], [121.3264494, 24.9439273], [121.3272514, 24.9441604], [121.3285676, 24.9443842], [121.3293508, 24.9444135], [121.3303465, 24.9445334], [121.3308051, 24.9447856], [121.3316103, 24.945773], [121.331583, 24.9458311], [121.3315404, 24.9458719], [121.3314383, 24.9459748], [121.3313221, 24.9460708], [121.3312222, 24.9461228], [121.331105, 24.9462104], [121.3308447, 24.946311], [121.330488, 24.9464427], [121.3301473, 24.9465718], [121.3300284, 24.9466396], [121.3299077, 24.9467094], [121.3297253, 24.9468662], [121.3296274, 24.9469782], [121.3295205, 24.9470907], [121.3293413, 24.9472938], [121.3292425, 24.947374], [121.3290729, 24.9476256], [121.3289943, 24.9477918], [121.3286783, 24.9482356], [121.3285992, 24.9483288], [121.3284382, 24.9484971], [121.3282612, 24.9486627], [121.3281209, 24.9488528], [121.3280153, 24.9490378], [121.3279948, 24.9491751], [121.3279625, 24.9495264], [121.3279671, 24.9499139], [121.3280038, 24.9502202], [121.3280337, 24.9503889], [121.328052, 24.9506603], [121.3280739, 24.9513692], [121.3280981, 24.9520703], [121.3281535, 24.9534704], [121.3281624, 24.9538267], [121.3281808, 24.9541851], [121.3281854, 24.9544038], [121.3281879, 24.954612], [121.3281371, 24.954858], [121.32809, 24.9550914], [121.3280877, 24.9553174], [121.3281141, 24.9554518], [121.3281722, 24.9556486], [121.3283347, 24.9561248], [121.3284129, 24.956356], [121.3284634, 24.9565664], [121.328666, 24.9574414], [121.3287539, 24.9580887], [121.3288538, 24.9586639], [121.3288227, 24.9591526], [121.328861, 24.9597708], [121.3290718, 24.9603151], [121.3291078, 24.9603835], [121.329123, 24.9604228], [121.3291344, 24.960503], [121.3291425, 24.9605822], [121.329123, 24.9606884], [121.3291253, 24.9607717], [121.3291203, 24.960883], [121.3291092, 24.9610186], [121.3290864, 24.96115], [121.3290804, 24.9613343], [121.3290677, 24.9615306], [121.329077, 24.9616343], [121.3290839, 24.9620863], [121.3290494, 24.9622238], [121.3290483, 24.9623158], [121.3290253, 24.9623968], [121.3289824, 24.9625993], [121.3289403, 24.9628103], [121.3289138, 24.9630259], [121.3288438, 24.9633905], [121.3287511, 24.9638378], [121.3287036, 24.964093], [121.3285987, 24.9644078], [121.3284162, 24.9647848], [121.3282302, 24.9651071], [121.3280662, 24.9653661], [121.3280389, 24.9654639], [121.3280865, 24.965551], [121.3283339, 24.9657879], [121.3284428, 24.9658686], [121.3285019, 24.9659232], [121.3286585, 24.9660407], [121.3287076, 24.9660717], [121.3287988, 24.9661135], [121.3289345, 24.9661633], [121.328977, 24.9662185], [121.3290578, 24.9662759], [121.3291976, 24.9663456], [121.3292689, 24.9664019], [121.3293309, 24.966515], [121.3294297, 24.96663], [121.3295732, 24.9667488], [121.3297927, 24.9669004], [121.3293642, 24.9674581], [121.3292585, 24.967407], [121.3291666, 24.9673747], [121.3291149, 24.9674904], [121.3290112, 24.9676232], [121.3289076, 24.9677798], [121.3288392, 24.9678862], [121.3286869, 24.9678111], [121.3286048, 24.9677497], [121.3285174, 24.9676956], [121.3283566, 24.9676112], [121.3281555, 24.9674872], [121.327982, 24.967381], [121.3277648, 24.9672425], [121.3275578, 24.9671358], [121.3274443, 24.9670227], [121.3274066, 24.9668899], [121.3273141, 24.9667983], [121.3272179, 24.966718], [121.3271233, 24.9666425], [121.3270088, 24.9665696], [121.3269539, 24.9665575], [121.3269231, 24.9665947], [121.3269491, 24.9666539], [121.3270008, 24.9667019], [121.3270961, 24.9667581], [121.3271293, 24.9668254], [121.3271582, 24.9668748], [121.3271892, 24.9669279], [121.3272271, 24.9670018], [121.3272834, 24.9670966], [121.3273397, 24.967205], [121.3273922, 24.9673142], [121.3274372, 24.9674144], [121.3274535, 24.9674747], [121.3275555, 24.967533], [121.3279489, 24.9677972], [121.3281202, 24.9679073], [121.3282474, 24.9680372], [121.3284028, 24.9682097], [121.3285289, 24.9683659], [121.3285772, 24.9684643], [121.328591, 24.9685414], [121.3286114, 24.9686872], [121.3286351, 24.9688119], [121.3286622, 24.9689403], [121.3286992, 24.9690436], [121.3287243, 24.9691611], [121.3287597, 24.9692713], [121.328753, 24.9693528], [121.3287656, 24.9694028], [121.3288032, 24.9694408], [121.3288501, 24.9695059], [121.3288845, 24.9695574], [121.3288903, 24.9696022], [121.3288673, 24.9696343], [121.3288087, 24.9696929], [121.3287772, 24.969753], [121.3287714, 24.9697715], [121.3287737, 24.9697908], [121.3287806, 24.969835], [121.3288001, 24.9698913], [121.3287539, 24.9699365], [121.3287036, 24.9699663], [121.3286771, 24.9700413], [121.3286289, 24.970159], [121.3285547, 24.9702559], [121.3285014, 24.9703423], [121.328486, 24.9704331], [121.3284407, 24.9705609], [121.3283893, 24.9706659], [121.3283416, 24.9708111], [121.3283221, 24.9709214], [121.3283194, 24.9709988], [121.3284163, 24.9710829], [121.3284939, 24.9711539], [121.3285462, 24.9713099], [121.3285577, 24.971412], [121.328568, 24.9715068], [121.3285634, 24.9715734], [121.3285462, 24.9716661], [121.3285278, 24.9717974], [121.328525, 24.9718466], [121.3285261, 24.971926], [121.3285117, 24.9719682], [121.3284652, 24.9721015], [121.3283945, 24.9722224], [121.3283416, 24.9723203], [121.328298, 24.9724202], [121.3282865, 24.9725577], [121.3282612, 24.9727015], [121.3281946, 24.9728452], [121.3280395, 24.9728775], [121.3278776, 24.9728296], [121.3273409, 24.9725202], [121.3270559, 24.9723275], [121.3269663, 24.9722598], [121.3267848, 24.9721765], [121.3265733, 24.9720328], [121.3264424, 24.9719703], [121.3262317, 24.9718383], [121.326066, 24.9717319], [121.3259121, 24.9716286], [121.3257622, 24.9715417], [121.3257449, 24.9714896], [121.3256914, 24.9714428], [121.3255651, 24.9713703], [121.325454, 24.9713028], [121.3253882, 24.9712828], [121.3252922, 24.9712407], [121.3252198, 24.9711995], [121.3251378, 24.9711617], [121.325032, 24.9711443], [121.3249113, 24.9711279], [121.3247143, 24.9711016], [121.3245861, 24.9711136], [121.3243592, 24.9711307], [121.3242868, 24.9711558], [121.3241673, 24.9711443], [121.3240692, 24.971107], [121.3240297, 24.9711195], [121.3239743, 24.9710242], [121.3239611, 24.9709446], [121.3233178, 24.9708576], [121.3233304, 24.9703881], [121.3232858, 24.9703508], [121.3226533, 24.9707173], [121.3224437, 24.9708794], [121.3221037, 24.9709763], [121.321843, 24.9710015], [121.3216195, 24.970882], [121.3210734, 24.970808], [121.3205428, 24.9705647], [121.3204845, 24.9704041], [121.3206168, 24.9701114], [121.3204465, 24.9700653], [121.3203043, 24.9700832], [121.3202421, 24.9701884], [121.3201405, 24.9703333], [121.3202103, 24.9706853], [121.3201547, 24.9709377], [121.320383, 24.9711885], [121.3203612, 24.9713271], [121.3199232, 24.9718174], [121.3193423, 24.9722824], [121.3191378, 24.9724428], [121.3190886, 24.9724794], [121.3187945, 24.9725694], [121.318706, 24.9725454], [121.3184481, 24.9722933], [121.3184259, 24.9722185], [121.3186007, 24.9718597], [121.3185699, 24.9715334], [121.3184722, 24.97134], [121.3184568, 24.9710487], [121.3184028, 24.9709298], [121.31832, 24.9706468], [121.3182733, 24.9706527], [121.3181406, 24.9708762], [121.318032, 24.9709627], [121.3179448, 24.9709926], [121.3177832, 24.9709774], [121.3176635, 24.9709305], [121.3175082, 24.9708902], [121.3173051, 24.970825], [121.3172123, 24.9708454], [121.3171663, 24.9709135], [121.3172442, 24.9712795], [121.3172966, 24.971526], [121.3172399, 24.9716639], [121.3168863, 24.9717065], [121.3164309, 24.9717853], [121.3161838, 24.9718455], [121.3157685, 24.9719062], [121.3151105, 24.9720141], [121.315057, 24.971932], [121.3148388, 24.9712597], [121.3147152, 24.9711543], [121.3144638, 24.9709289], [121.3142895, 24.9710336], [121.314246, 24.971194], [121.3144124, 24.9714952], [121.3142843, 24.971656], [121.3140798, 24.9718376], [121.3138722, 24.9719532], [121.31373, 24.9720324], [121.3135301, 24.9720441], [121.3134501, 24.9720045], [121.3131741, 24.9723195], [121.3126598, 24.9727002], [121.3124394, 24.9725846], [121.3121413, 24.9723539], [121.3119673, 24.9721688], [121.3117959, 24.9719135], [121.3114644, 24.972235], [121.3112686, 24.9723404], [121.3109497, 24.9725043], [121.3104339, 24.9727465], [121.3103599, 24.9730064], [121.3104582, 24.9734599], [121.3105256, 24.9736821], [121.310458, 24.9739562], [121.3105548, 24.9742743], [121.3106644, 24.9745944], [121.3107402, 24.9748713], [121.3107936, 24.9750444], [121.3105549, 24.9751064], [121.3102937, 24.9751815], [121.3098195, 24.9753198], [121.309332, 24.9754521], [121.309235, 24.9754879], [121.3087189, 24.9746243], [121.3080432, 24.9735938], [121.3081298, 24.9734385], [121.3078958, 24.9735073], [121.3078733, 24.9732437], [121.3077833, 24.9730521], [121.3077276, 24.9727942], [121.307626, 24.9728153], [121.3071721, 24.9736376], [121.3068919, 24.9737053], [121.306109, 24.9737956], [121.3058863, 24.9735312], [121.3055984, 24.9732329], [121.305445, 24.9730044], [121.3052462, 24.9729645], [121.3050292, 24.9730847], [121.3046294, 24.9733546], [121.3043389, 24.9736346], [121.3039162, 24.9739287], [121.3034185, 24.9741371], [121.303382, 24.9742409], [121.3028693, 24.9743453], [121.3023984, 24.9743384], [121.3023717, 24.9746776], [121.3023808, 24.9748499], [121.3023744, 24.9752249], [121.302411, 24.9753568], [121.3024611, 24.9756745], [121.3024933, 24.9758489], [121.3025047, 24.9760113], [121.3025693, 24.9761722], [121.3026784, 24.9763573], [121.3028842, 24.9767161], [121.3031571, 24.9771848], [121.303511, 24.977791], [121.3038547, 24.9783808], [121.3034721, 24.9785084], [121.3028941, 24.9785739], [121.3024623, 24.9787357], [121.3020332, 24.9790671], [121.301698, 24.9788074], [121.3005745, 24.9791615], [121.3002942, 24.9781681], [121.300136, 24.9778714], [121.3000629, 24.9777704], [121.2998353, 24.9771696], [121.2995431, 24.9762089], [121.2992142, 24.9762502], [121.2983838, 24.9764707], [121.2979487, 24.9766284], [121.2977601, 24.9765978], [121.297641, 24.9764591], [121.2975474, 24.9763066], [121.2974443, 24.9762267], [121.297059, 24.9763312], [121.2970811, 24.9764039], [121.2965428, 24.9766214], [121.2963422, 24.9764791], [121.2962407, 24.9763002], [121.296022, 24.9759273], [121.2957188, 24.9754336], [121.2955826, 24.975163], [121.2955517, 24.9747995], [121.2956148, 24.9745608], [121.2955178, 24.9736824], [121.295069, 24.9732993], [121.2949701, 24.9732606], [121.2949529, 24.973123], [121.2949787, 24.9729596], [121.2950862, 24.9728521], [121.2951077, 24.9727145], [121.2949959, 24.9726156], [121.2950088, 24.9723748], [121.2950174, 24.9722113], [121.2951268, 24.9720061], [121.2949312, 24.9717813], [121.2948764, 24.9716162], [121.2949019, 24.9709412], [121.2947353, 24.9706048], [121.2944689, 24.9700996], [121.2943094, 24.969466], [121.2942359, 24.9694101], [121.2941174, 24.9690346], [121.294106, 24.9688129], [121.2939402, 24.9687195], [121.2937243, 24.9687123], [121.2937161, 24.9678768], [121.2936764, 24.9677232], [121.2936727, 24.9676202], [121.2938981, 24.967415], [121.294315, 24.966966], [121.2945689, 24.9666625], [121.2947949, 24.9663188], [121.2948308, 24.966254], [121.2949445, 24.9658214], [121.2950249, 24.9654821], [121.2951821, 24.9653853], [121.2952608, 24.9652617], [121.2953279, 24.96443], [121.2953317, 24.9643827], [121.2953132, 24.9643869], [121.2953067, 24.9642385], [121.2953051, 24.9642011], [121.2953339, 24.9641511], [121.2953327, 24.9640886], [121.2953529, 24.9640229], [121.2953463, 24.9639678], [121.2953751, 24.9639297], [121.2954488, 24.9639101], [121.2955158, 24.9638931], [121.2955756, 24.9638929], [121.2957456, 24.9638563], [121.2958817, 24.9637924], [121.2960532, 24.9636161], [121.2960684, 24.9634861], [121.2960443, 24.9634083], [121.2959716, 24.9632652], [121.2959428, 24.9632391], [121.2958914, 24.963249], [121.2957358, 24.963294], [121.2956674, 24.9633414], [121.2956174, 24.9633445], [121.295587, 24.9633219], [121.2955306, 24.9632137], [121.2954314, 24.9632137], [121.2953737, 24.9631931], [121.295309, 24.9631894], [121.2953228, 24.9628818], [121.2953094, 24.9625049], [121.2953349, 24.9623735], [121.295346, 24.9621955], [121.2953442, 24.9620575], [121.2954006, 24.961773], [121.2954006, 24.9616441], [121.2954165, 24.9615474], [121.2953587, 24.9614583], [121.295182, 24.9612137], [121.2951229, 24.9611677], [121.2950877, 24.9611735], [121.2949567, 24.9612314], [121.2948717, 24.9612582], [121.2947387, 24.9613135], [121.294554, 24.9613704], [121.2943195, 24.9614541], [121.2941717, 24.9615094], [121.293999, 24.9615671], [121.2938365, 24.9616107], [121.293835, 24.9616021], [121.2926578, 24.9618198], [121.2921568, 24.9619129], [121.2913421, 24.9619224], [121.2912873, 24.9619735], [121.2912721, 24.9619882], [121.2911761, 24.9624385], [121.291104, 24.962804], [121.2910318, 24.9629117], [121.2907984, 24.9630079], [121.290599, 24.9630964], [121.2904391, 24.9632379], [121.2899452, 24.9639457], [121.2896696, 24.9643007], [121.2894659, 24.9645161], [121.2891962, 24.9646603], [121.2888081, 24.9647854], [121.2886429, 24.9648687], [121.2885025, 24.9650201], [121.2883869, 24.9654371], [121.2882012, 24.966182], [121.2881116, 24.9668388], [121.2880357, 24.9672092], [121.2878532, 24.9677325], [121.2877344, 24.968071], [121.2877196, 24.9685444], [121.2877272, 24.968869], [121.2876868, 24.969141], [121.2873471, 24.9701545], [121.2873161, 24.9703267], [121.2873123, 24.9704302], [121.2873105, 24.9705524], [121.2873086, 24.9705826], [121.2872938, 24.9706043], [121.2872643, 24.9706043], [121.2871886, 24.9705508], [121.2871243, 24.9705125], [121.287002, 24.9704771], [121.2868506, 24.9704185], [121.2867915, 24.9703884], [121.2866714, 24.9703381], [121.2864186, 24.970259], [121.2863002, 24.970226], [121.2859327, 24.9701657], [121.2857129, 24.9701473], [121.2855836, 24.9701506], [121.2853878, 24.9701473], [121.2852419, 24.9701339], [121.2850258, 24.9701305], [121.2848744, 24.9701188], [121.2846638, 24.9701171], [121.284433, 24.9700987], [121.2842781, 24.9700997], [121.2841633, 24.9701171], [121.2840979, 24.9701806], [121.2839175, 24.9708356], [121.2836297, 24.9714754], [121.2831241, 24.9720685], [121.2827082, 24.9728386], [121.2817226, 24.9738079], [121.2814275, 24.9742862], [121.2811235, 24.9750047], [121.2810399, 24.9752551], [121.2810881, 24.9755903], [121.281175, 24.9758513], [121.2813335, 24.9761228], [121.2814099, 24.9762027], [121.2814569, 24.9763091], [121.2816652, 24.9765866], [121.2817179, 24.9772098], [121.2817799, 24.9773898], [121.281821, 24.9775122], [121.2820486, 24.9778063], [121.2822123, 24.9780607], [121.2823084, 24.9781617], [121.2823444, 24.978503], [121.2822438, 24.9787898], [121.2821144, 24.9789732], [121.2818327, 24.979237], [121.2815763, 24.9794583], [121.2814807, 24.9796199], [121.2814734, 24.9797908], [121.2815435, 24.9800625], [121.2816501, 24.9803045], [121.2818085, 24.9805327], [121.2820493, 24.9807985], [121.2824454, 24.9812266], [121.2825315, 24.9814674], [121.2825263, 24.981609], [121.2825081, 24.9818879], [121.2825763, 24.9822095], [121.2825436, 24.9827038], [121.2824935, 24.9829351], [121.2823819, 24.9831339], [121.282267, 24.9832426], [121.2819953, 24.9835334], [121.2819586, 24.9837642], [121.2819737, 24.9838831], [121.2820968, 24.9839506], [121.2825004, 24.9841211], [121.2826775, 24.9842918], [121.2828032, 24.9844391], [121.2829098, 24.984659], [121.2829537, 24.9849008], [121.2831044, 24.9850244], [121.2832539, 24.9851924], [121.283353, 24.9856088], [121.2833038, 24.9858776], [121.2832975, 24.9860224], [121.2830392, 24.9864161], [121.2828048, 24.9868066], [121.282674, 24.9870489], [121.2822534, 24.9868586], [121.2819942, 24.9867172], [121.281566, 24.9864779], [121.2812367, 24.9861743], [121.2810524, 24.9863403], [121.2809751, 24.9862971], [121.2808938, 24.9863279], [121.2807262, 24.9861159], [121.2808749, 24.98603], [121.2804953, 24.9860043], [121.2800705, 24.9859152], [121.2799242, 24.9859051], [121.2795852, 24.9857281], [121.2790237, 24.9853589], [121.2785048, 24.9849304], [121.2781392, 24.9847127], [121.2776367, 24.9841914], [121.2775016, 24.9840838], [121.2774003, 24.9840032], [121.2772797, 24.9839071], [121.2771571, 24.9838095], [121.2768576, 24.9835481], [121.2764287, 24.9832047], [121.2758214, 24.9826225], [121.2756819, 24.982482], [121.2756146, 24.9821443], [121.2754602, 24.9818382], [121.2748598, 24.9811852], [121.2747548, 24.9809194], [121.2745913, 24.9807655], [121.2747442, 24.9806612], [121.2744512, 24.9804297], [121.2721244, 24.9788007], [121.2709951, 24.9781332], [121.2708303, 24.978276], [121.2703873, 24.9780636], [121.269776, 24.9778221], [121.2699273, 24.9775131], [121.2696717, 24.9773724], [121.2692132, 24.977057], [121.2682471, 24.9765536], [121.2674947, 24.976084], [121.2672098, 24.9759551], [121.2669217, 24.975656], [121.2668118, 24.9754431], [121.2663384, 24.9752124], [121.2656726, 24.9747656], [121.2654459, 24.9745272], [121.2652521, 24.9744588], [121.2650869, 24.9743207], [121.2650099, 24.9741008], [121.2650768, 24.9738005], [121.2651036, 24.9736768], [121.2649801, 24.9736135], [121.2642091, 24.9734733], [121.2640113, 24.973346], [121.2639453, 24.9732954], [121.2638185, 24.9732678], [121.2636371, 24.9732607], [121.2635873, 24.9731796], [121.2636563, 24.9730376], [121.2637838, 24.9729329], [121.2639025, 24.9728748], [121.2640907, 24.9728158], [121.2641905, 24.9727062], [121.2642046, 24.9726175], [121.2642905, 24.9721023], [121.2642997, 24.9719263], [121.2643198, 24.9717677], [121.264365, 24.9714844], [121.2643779, 24.9713935], [121.2644254, 24.9711862], [121.2644639, 24.9710172], [121.2644902, 24.9709142], [121.2645157, 24.9707844], [121.2645504, 24.9705961], [121.2645691, 24.9704757], [121.2645691, 24.9703716], [121.2645589, 24.970351], [121.264533, 24.9703179], [121.2644244, 24.9702567], [121.2643337, 24.9702137], [121.2641507, 24.9701757], [121.2640579, 24.9701523], [121.2639117, 24.9701512], [121.2638614, 24.9701397], [121.2637412, 24.9701266], [121.26356, 24.9701179], [121.2634169, 24.9700653], [121.2633813, 24.9700566], [121.2633315, 24.9700166], [121.2633241, 24.9700059], [121.2633269, 24.9699916], [121.2633465, 24.9699607], [121.2635788, 24.9697577], [121.2636716, 24.9696987], [121.2638693, 24.969538], [121.264063, 24.9693785], [121.2641345, 24.9693197], [121.2643366, 24.969144], [121.2644013, 24.9690984], [121.2644357, 24.9690647], [121.2645626, 24.9689304], [121.2646117, 24.9688849], [121.2646559, 24.9688451], [121.2647151, 24.9687894], [121.2648156, 24.9686952], [121.2648937, 24.9686247], [121.2649958, 24.9685308], [121.2650847, 24.968465], [121.2651549, 24.9684073], [121.2652149, 24.9683587], [121.2652216, 24.9683317], [121.2652358, 24.9683058], [121.2652014, 24.9681297], [121.2651465, 24.9679693], [121.2651071, 24.9678322], [121.2650816, 24.9677145], [121.2650437, 24.9675936], [121.2650417, 24.9675228], [121.2650192, 24.9674337], [121.2649691, 24.9672953], [121.2649531, 24.9672331], [121.2649506, 24.9671603], [121.2649618, 24.9671154], [121.2649928, 24.9670449], [121.26501, 24.9670082], [121.2650249, 24.9669566], [121.2650576, 24.9668121], [121.2650757, 24.9667576], [121.2650854, 24.9667152], [121.2651216, 24.9666189], [121.2651647, 24.9665124], [121.2652218, 24.9663608], [121.2652602, 24.9662212], [121.2652722, 24.9661624], [121.2652991, 24.9660037], [121.265322, 24.9659144], [121.2653474, 24.9657879], [121.2653654, 24.965654], [121.265375, 24.9656262], [121.2653877, 24.965417], [121.2653858, 24.9653916], [121.2653888, 24.9651166], [121.2653855, 24.9650942], [121.2653832, 24.9650275], [121.2653854, 24.9647957], [121.2653921, 24.9647513], [121.2653852, 24.9646165], [121.2653747, 24.964507], [121.265369, 24.9643717], [121.2653955, 24.9641731], [121.2654319, 24.9641048], [121.2655491, 24.9638242], [121.2656144, 24.9637014], [121.2656191, 24.963669], [121.2656167, 24.9636371], [121.2656049, 24.9635815], [121.2655854, 24.9635181], [121.2655196, 24.9633411], [121.2654912, 24.9632289], [121.2654099, 24.962994], [121.2652511, 24.9625954], [121.2652424, 24.9625688], [121.2651068, 24.9622895], [121.2649126, 24.9619286], [121.2648768, 24.961841], [121.2648381, 24.9616956], [121.2648297, 24.9616748], [121.2648202, 24.9616181], [121.2648157, 24.9615547], [121.2648118, 24.9614107], [121.2647981, 24.9613133], [121.2647667, 24.9611986], [121.2647495, 24.9611438], [121.264639, 24.9608405], [121.2645847, 24.9606933], [121.2645532, 24.9606521], [121.2644156, 24.9605693], [121.2643883, 24.9605498], [121.2643486, 24.9605132], [121.2643282, 24.9604726], [121.2643247, 24.9604241], [121.2643537, 24.9602399], [121.2643661, 24.9601707], [121.2644064, 24.960002], [121.26445, 24.9597693], [121.2644801, 24.9595984], [121.2644937, 24.9594824], [121.2645105, 24.9594251], [121.2645378, 24.9592836], [121.2645534, 24.9592243], [121.2645602, 24.9591818], [121.264563, 24.9591193], [121.2645785, 24.9590074], [121.2645901, 24.9589574], [121.2645964, 24.958895], [121.2646462, 24.9586541], [121.2646581, 24.9585785], [121.2646716, 24.9584753], [121.2646833, 24.9584074], [121.2647007, 24.9583412], [121.2647221, 24.9582885], [121.2647702, 24.9580989], [121.2648192, 24.9579722], [121.2648617, 24.9577918], [121.2648803, 24.9577353], [121.2649445, 24.9575407], [121.2649823, 24.9574573], [121.2650331, 24.9573362], [121.265103, 24.957173], [121.2651392, 24.9571185], [121.2652348, 24.956961], [121.2652957, 24.9568674], [121.2653429, 24.9567803], [121.2654716, 24.9565826], [121.2656401, 24.9563888], [121.2656959, 24.9563328], [121.2657392, 24.9562799], [121.2657812, 24.9562055], [121.2657957, 24.9561749], [121.2658117, 24.9561131], [121.2658507, 24.9560017], [121.2659347, 24.9557892], [121.2659645, 24.9557333], [121.2659883, 24.9556862], [121.2660154, 24.955619], [121.2660781, 24.9553798], [121.2661111, 24.9552049], [121.2661108, 24.9551567], [121.266136, 24.9549477], [121.2661366, 24.9547853], [121.2661561, 24.9547774], [121.2661713, 24.954759], [121.2661751, 24.954727], [121.2661868, 24.9546551], [121.2662095, 24.9545481], [121.2662312, 24.9544373], [121.2662848, 24.9542634], [121.2663081, 24.9541848], [121.2663294, 24.954127], [121.2663522, 24.9540708], [121.2665311, 24.9537121], [121.2665767, 24.9536393], [121.266596, 24.9536088], [121.2666355, 24.9535349], [121.2667211, 24.9533756], [121.266745, 24.9533278], [121.2668084, 24.9531873], [121.2668714, 24.9529466], [121.2668742, 24.952897], [121.2668765, 24.9527802], [121.2668701, 24.9527474], [121.2668563, 24.9526662], [121.2668342, 24.9525882], [121.2668007, 24.9524913], [121.2667723, 24.9523815], [121.2667674, 24.9523572], [121.266767, 24.9522987], [121.2667711, 24.9522667], [121.2667725, 24.9522023], [121.2668019, 24.9520288], [121.2668369, 24.9517999], [121.2668472, 24.9516758], [121.2668508, 24.9515863], [121.2668451, 24.9513439], [121.2668507, 24.9512205], [121.2668279, 24.9510285], [121.2668045, 24.9507336], [121.266796, 24.9506932], [121.2667931, 24.9505482], [121.2667893, 24.9503663], [121.2667913, 24.9503205], [121.2667975, 24.950254], [121.2668161, 24.9502001], [121.2668153, 24.9500865], [121.266809, 24.9499444], [121.2667923, 24.9498362], [121.2667881, 24.9497482], [121.266768, 24.9496924], [121.2667199, 24.9495078], [121.2666945, 24.9493059], [121.2666588, 24.9491297], [121.2666505, 24.9489928], [121.2666332, 24.9488017], [121.2666202, 24.9486384], [121.2666097, 24.9485459], [121.2666018, 24.9484828], [121.2665774, 24.9483929], [121.2665368, 24.9483064], [121.2664785, 24.9482309], [121.2664588, 24.9481902], [121.266442, 24.9481288], [121.2664372, 24.9480701], [121.2663974, 24.947864], [121.2663925, 24.9478536], [121.2663551, 24.9478053], [121.2662977, 24.947694], [121.2660992, 24.9474117], [121.2660424, 24.9473488], [121.2660426, 24.9473039], [121.26602, 24.9472169], [121.2659709, 24.9470156], [121.2659184, 24.946861], [121.265768, 24.9463427], [121.2656204, 24.9458314], [121.2655631, 24.9456466], [121.2654712, 24.9453739], [121.2653738, 24.9450917], [121.265278, 24.9448483], [121.2651616, 24.9444681], [121.2650111, 24.9438804], [121.2649436, 24.9436588], [121.2648609, 24.9433606], [121.264817, 24.9431678], [121.2647953, 24.9430497], [121.2647554, 24.9429064], [121.2647062, 24.9427649], [121.264656, 24.9425555], [121.2646389, 24.9424625], [121.2645909, 24.9422874], [121.2645642, 24.9421461], [121.2645032, 24.9419558], [121.2644904, 24.9418909], [121.2644148, 24.9416479], [121.2642436, 24.9410279], [121.2641592, 24.9407337], [121.2641218, 24.9405856], [121.2640538, 24.9403579], [121.2639914, 24.940153], [121.2639729, 24.9400486], [121.263912, 24.9398502], [121.2638879, 24.9397425], [121.2637806, 24.9393734], [121.2637539, 24.9392692], [121.2636594, 24.9389605], [121.2636282, 24.9388385], [121.2635768, 24.9386479], [121.2635009, 24.9383974], [121.2634859, 24.9382974], [121.2634342, 24.9381081], [121.2632933, 24.937642], [121.2631828, 24.9373664], [121.2631007, 24.9371905], [121.2630374, 24.9370869], [121.2629973, 24.9370572], [121.2622024, 24.9358756], [121.2620036, 24.9356618], [121.2618181, 24.9354657], [121.2617723, 24.9352215], [121.2614023, 24.9349885], [121.2611962, 24.9348568], [121.2608397, 24.9346301], [121.260674, 24.9344876], [121.2605705, 24.9343981], [121.2603684, 24.9342234], [121.2602261, 24.9341022], [121.2599184, 24.933908], [121.2596314, 24.9337641], [121.2590985, 24.9334911], [121.2588522, 24.933254], [121.2587816, 24.9331044], [121.2588013, 24.9327296], [121.2589408, 24.9318362], [121.2590043, 24.931436], [121.2590822, 24.9312308], [121.259199, 24.9309305], [121.2592296, 24.9307432], [121.2592173, 24.9306313], [121.2591503, 24.9305742], [121.2587586, 24.9305415], [121.2583517, 24.9305071], [121.2583444, 24.9304129], [121.258257, 24.9302247], [121.2582053, 24.9304032], [121.2581566, 24.9302471], [121.2580892, 24.9301336], [121.2580554, 24.930013], [121.2579033, 24.9296785], [121.2574548, 24.9290424], [121.2570291, 24.9283703], [121.2566399, 24.9277561], [121.2565548, 24.9275828], [121.2564879, 24.9274094], [121.2563723, 24.9270719], [121.2563355, 24.9268893], [121.2562339, 24.9264183], [121.2559749, 24.9257673], [121.2556209, 24.9250951], [121.2550011, 24.924241], [121.2541606, 24.9234999], [121.2533676, 24.9229657], [121.2517965, 24.9216575], [121.2527758, 24.9205086], [121.2532107, 24.9200448], [121.2542537, 24.919084], [121.2543741, 24.9189937]]], [[[121.2837347, 25.1173791], [121.2834274, 25.1173907], [121.2830366, 25.1174079], [121.2822486, 25.1174569], [121.2795567, 25.1178643], [121.2787677, 25.1179623], [121.2743699, 25.1183724], [121.2697103, 25.1195324], [121.2676112, 25.1202383], [121.2661758, 25.1207307], [121.2653344, 25.1210408], [121.2647111, 25.1211901], [121.2641814, 25.1213419], [121.2631121, 25.1215564], [121.2616193, 25.1217758], [121.2609879, 25.12197], [121.2604173, 25.1221146], [121.2600487, 25.1220537], [121.2593231, 25.1219332], [121.2588888, 25.121764], [121.2585273, 25.121547], [121.2582086, 25.1212605], [121.2575194, 25.1208223], [121.2545798, 25.1208581], [121.2518626, 25.1209238], [121.2514474, 25.1213839], [121.2499629, 25.1212764], [121.2491842, 25.121578], [121.2489366, 25.1215253], [121.2494736, 25.1205475], [121.2493226, 25.1200656], [121.2485613, 25.1198445], [121.2483011, 25.1197791], [121.2485601, 25.1189008], [121.2485747, 25.1176704], [121.2487469, 25.1172597], [121.2494269, 25.1162605], [121.250546, 25.1149791], [121.2522354, 25.1135083], [121.2525202, 25.1123607], [121.252595, 25.1118591], [121.2527943, 25.1114128], [121.2527932, 25.1111906], [121.252821, 25.1109213], [121.2528672, 25.1106687], [121.2529412, 25.110075], [121.253077, 25.1087163], [121.2534026, 25.1074069], [121.2537032, 25.1056972], [121.2538502, 25.1052328], [121.2541454, 25.1019445], [121.2545019, 25.1010193], [121.2546431, 25.1007538], [121.2547879, 25.1005534], [121.2549381, 25.1003671], [121.255366, 25.099831], [121.2565461, 25.0982229], [121.2566802, 25.0978949], [121.2567016, 25.0977249], [121.2567714, 25.0976059], [121.2568009, 25.0973096], [121.2567982, 25.0970837], [121.2569175, 25.0965176], [121.2570372, 25.0964358], [121.2571335, 25.0961364], [121.2571254, 25.0961048], [121.257222, 25.0957842], [121.2572937, 25.0954805], [121.2574245, 25.0950117], [121.2575586, 25.0946231], [121.2577225, 25.0943281], [121.2578121, 25.0941862], [121.2580929, 25.0935123], [121.258144, 25.0934505], [121.2582218, 25.0934244], [121.2585296, 25.0932167], [121.2588193, 25.0930029], [121.2594621, 25.0925651], [121.2598878, 25.0923143], [121.2611693, 25.0912608], [121.2618847, 25.0906948], [121.2626944, 25.0897121], [121.2633021, 25.0886177], [121.2637829, 25.0880954], [121.2644331, 25.0873783], [121.2646805, 25.0868038], [121.2651584, 25.0857404], [121.2652257, 25.0852855], [121.265214, 25.0849941], [121.265223, 25.0848215], [121.2652968, 25.0846358], [121.2653412, 25.0840895], [121.2655804, 25.0838045], [121.2657105, 25.0835421], [121.2660759, 25.0830172], [121.2664735, 25.0826812], [121.2670866, 25.0822852], [121.2691203, 25.0816635], [121.2699188, 25.0814837], [121.2704372, 25.0813623], [121.2710014, 25.0812208], [121.27154, 25.080954], [121.272187, 25.080522], [121.27257, 25.080164], [121.27266, 25.080024], [121.2728619, 25.0796715], [121.2730551, 25.0791953], [121.2731235, 25.0787379], [121.2732238, 25.0779909], [121.2729379, 25.07709], [121.272328, 25.0761164], [121.2717252, 25.075272], [121.2711644, 25.0744987], [121.2707333, 25.0736043], [121.2707201, 25.0734444], [121.2702944, 25.0734311], [121.269603, 25.0733802], [121.2688226, 25.0731427], [121.2685512, 25.0733929], [121.2681991, 25.0734099], [121.2676562, 25.0733972], [121.2671473, 25.0734523], [121.2667316, 25.0734438], [121.2656712, 25.0732742], [121.2652259, 25.0731427], [121.2650902, 25.0731427], [121.2649544, 25.0730706], [121.2650096, 25.0729815], [121.265192, 25.072727], [121.2652471, 25.0724259], [121.2653035, 25.0721017], [121.265164, 25.0714953], [121.2650139, 25.0713348], [121.2648211, 25.0709498], [121.2648159, 25.0706313], [121.2648062, 25.0705468], [121.2647428, 25.0704864], [121.2646345, 25.0704114], [121.2644481, 25.0703506], [121.2642399, 25.0701757], [121.2641841, 25.0699674], [121.2641731, 25.069724], [121.2641169, 25.0696358], [121.2640354, 25.0695318], [121.26391, 25.0694945], [121.2634867, 25.0694196], [121.2632014, 25.0694448], [121.2628967, 25.0694394], [121.2626136, 25.069265], [121.2624104, 25.0690162], [121.2622915, 25.0687196], [121.2622396, 25.0682351], [121.2620528, 25.0680372], [121.2619986, 25.0678174], [121.2620257, 25.06769], [121.2623045, 25.0664125], [121.2622646, 25.0662504], [121.2621782, 25.0662083], [121.2621193, 25.0661828], [121.2620214, 25.0661843], [121.2619266, 25.0661307], [121.2612911, 25.0655672], [121.2598995, 25.0645977], [121.2597895, 25.0644508], [121.2594631, 25.0642831], [121.2593855, 25.0637766], [121.2591429, 25.0637389], [121.2589424, 25.0635789], [121.2587541, 25.0635214], [121.2582385, 25.063436], [121.2578113, 25.0630902], [121.2575618, 25.0629316], [121.2574148, 25.0625955], [121.2571703, 25.0624832], [121.2569812, 25.0623291], [121.2561354, 25.0619187], [121.2547046, 25.060911], [121.2545096, 25.0608093], [121.2521577, 25.0620749], [121.2520255, 25.062096], [121.2507799, 25.0617145], [121.2505121, 25.0615924], [121.2502638, 25.0614616], [121.2501146, 25.061409], [121.2498238, 25.0613352], [121.2497329, 25.0612615], [121.2496688, 25.0609915], [121.2496286, 25.0608684], [121.2491071, 25.0602839], [121.2490089, 25.0600553], [121.2490191, 25.0599662], [121.2490484, 25.0598816], [121.2491194, 25.0598128], [121.24926, 25.0596807], [121.2493908, 25.059473], [121.2494282, 25.0593727], [121.2494411, 25.0592085], [121.249505, 25.0591006], [121.2497572, 25.0590039], [121.2498841, 25.0588998], [121.2510847, 25.0573604], [121.2510692, 25.0572915], [121.2493721, 25.0569827], [121.2482522, 25.0567896], [121.2479754, 25.0566049], [121.2472374, 25.0563644], [121.2456579, 25.0555081], [121.245435, 25.0553193], [121.2455141, 25.0550598], [121.2456882, 25.0547651], [121.2460551, 25.0543852], [121.246112, 25.0542767], [121.2460949, 25.0541924], [121.2457829, 25.053898], [121.2457885, 25.0538261], [121.2462466, 25.053081], [121.2472057, 25.0517711], [121.2474127, 25.0514035], [121.2476621, 25.0509718], [121.2478506, 25.0509058], [121.2481859, 25.0502038], [121.2483248, 25.0500223], [121.248337, 25.0498554], [121.2475381, 25.0491246], [121.2467769, 25.0485721], [121.2463264, 25.0483025], [121.247689, 25.0472753], [121.2473948, 25.0470838], [121.2470682, 25.0469699], [121.246256, 25.0468017], [121.2461738, 25.0466798], [121.2461499, 25.0463651], [121.2460834, 25.0462707], [121.2459965, 25.0462605], [121.2453275, 25.0464659], [121.2452388, 25.0464126], [121.2451981, 25.0461683], [121.2451058, 25.0460762], [121.2448036, 25.0459271], [121.2443858, 25.0459012], [121.2441341, 25.0459739], [121.2432527, 25.0465066], [121.2431446, 25.0465044], [121.2422544, 25.0456797], [121.2421922, 25.0456282], [121.2420721, 25.0455775], [121.2418745, 25.0455226], [121.2414692, 25.0455051], [121.2413813, 25.0454751], [121.2412575, 25.0454355], [121.2411348, 25.0453719], [121.2408948, 25.0452249], [121.2405735, 25.0451282], [121.2404536, 25.045074], [121.2402356, 25.0449502], [121.2401274, 25.0449286], [121.2393266, 25.0445061], [121.2390058, 25.0443239], [121.2384584, 25.0439052], [121.2382507, 25.0436708], [121.2380989, 25.04347], [121.2380268, 25.0433148], [121.2379383, 25.0431913], [121.2378911, 25.0431623], [121.2377894, 25.043102], [121.2374704, 25.0430002], [121.2371863, 25.0428985], [121.2367555, 25.0426107], [121.2367146, 25.0424859], [121.2367465, 25.0424284], [121.236826, 25.0422659], [121.2369204, 25.0420457], [121.2370029, 25.0416251], [121.2370068, 25.0412085], [121.2370972, 25.0404459], [121.2371759, 25.0400292], [121.2373724, 25.0395851], [121.2375729, 25.0392431], [121.2377764, 25.0390524], [121.2374323, 25.0388649], [121.2364907, 25.0382838], [121.2367748, 25.0379105], [121.2357866, 25.037304], [121.235459, 25.0371255], [121.2342998, 25.0366397], [121.234335, 25.0362173], [121.234308, 25.0359472], [121.2344991, 25.0354296], [121.2343012, 25.0348694], [121.2344232, 25.0343737], [121.2344628, 25.0335812], [121.2346137, 25.033203], [121.2346767, 25.0326776], [121.2347828, 25.0323723], [121.2347293, 25.032295], [121.2343364, 25.032246], [121.2338223, 25.0317868], [121.2335815, 25.0317241], [121.2332992, 25.0314594], [121.2332149, 25.03144], [121.2329054, 25.0312523], [121.2323128, 25.0312531], [121.2321469, 25.0311643], [121.2322789, 25.0308228], [121.2323141, 25.0304687], [121.2323498, 25.0303601], [121.2324419, 25.0302337], [121.233218, 25.0295777], [121.2334129, 25.0296307], [121.2339098, 25.0296271], [121.2340421, 25.0295727], [121.2344671, 25.0293407], [121.2347914, 25.0291062], [121.2351215, 25.0289179], [121.2352898, 25.0287815], [121.2356852, 25.0284298], [121.2368157, 25.0269658], [121.2376363, 25.0254534], [121.2378455, 25.0249948], [121.2378374, 25.0242466], [121.2384167, 25.0229353], [121.2388672, 25.023064], [121.2391005, 25.0228629], [121.239543, 25.0223238], [121.2398165, 25.0218653], [121.2399417, 25.0215234], [121.2403072, 25.0209481], [121.2409508, 25.0201839], [121.2415462, 25.0194679], [121.2419726, 25.0190656], [121.242592, 25.0186473], [121.2430586, 25.0180921], [121.243292, 25.0176014], [121.2436942, 25.0170543], [121.2441286, 25.0164751], [121.2441608, 25.0161372], [121.2442654, 25.0157832], [121.2444979, 25.0156099], [121.2445664, 25.0155496], [121.2446851, 25.0154783], [121.2448267, 25.0153456], [121.2449686, 25.0151767], [121.2450585, 25.0150909], [121.2451003, 25.0150308], [121.2451562, 25.014964], [121.2451797, 25.0149177], [121.2454048, 25.0146115], [121.2454287, 25.0145702], [121.2455557, 25.0144247], [121.2456966, 25.0143094], [121.245875, 25.0142379], [121.2459958, 25.0141892], [121.2461174, 25.0141012], [121.2461848, 25.0140374], [121.2462703, 25.0139177], [121.2463658, 25.0137201], [121.2463874, 25.0136583], [121.2464263, 25.0134978], [121.246538, 25.0131974], [121.2465604, 25.0129782], [121.2465917, 25.0128685], [121.2466548, 25.012702], [121.2471392, 25.0119168], [121.2472376, 25.0117441], [121.2472838, 25.0116118], [121.2473708, 25.0113752], [121.2474931, 25.0109322], [121.2475302, 25.0108271], [121.2476012, 25.0106746], [121.2478807, 25.0100892], [121.2483167, 25.0094854], [121.2486801, 25.0091781], [121.2488133, 25.008739], [121.2489608, 25.0086557], [121.2491748, 25.0086763], [121.2492767, 25.0077942], [121.2509129, 25.0058552], [121.2510704, 25.0060199], [121.2512642, 25.0059101], [121.2513857, 25.0056096], [121.251676, 25.0054601], [121.2518456, 25.0054271], [121.2524027, 25.0049661], [121.2534233, 25.0038813], [121.2532223, 25.0036844], [121.2539725, 25.0030272], [121.2541921, 25.0028517], [121.254341, 25.0024031], [121.254664, 25.0014339], [121.2550718, 24.9997075], [121.2553394, 24.9988899], [121.2553914, 24.998645], [121.2553942, 24.9983952], [121.2554618, 24.998211], [121.2560398, 24.9973758], [121.2561364, 24.9972082], [121.256365, 24.9966558], [121.2567332, 24.9960486], [121.2568105, 24.9957736], [121.2568658, 24.9953905], [121.2568477, 24.9947818], [121.2568148, 24.9945965], [121.2564519, 24.9940332], [121.2564086, 24.9939336], [121.2563999, 24.9937257], [121.2564918, 24.993642], [121.2566613, 24.9935721], [121.256937, 24.9935188], [121.2571501, 24.9931618], [121.2572408, 24.9929205], [121.2573032, 24.9925707], [121.2574111, 24.9924561], [121.2575687, 24.9922373], [121.257602, 24.9920385], [121.2575565, 24.9918691], [121.2573682, 24.9917511], [121.257247, 24.9914876], [121.2572713, 24.9911473], [121.2575014, 24.9910375], [121.2575744, 24.9910982], [121.2577125, 24.9913319], [121.2578925, 24.9914011], [121.2580273, 24.9913109], [121.2582651, 24.9905112], [121.258673, 24.9896697], [121.2587225, 24.9895863], [121.2589546, 24.988769], [121.2592717, 24.9882793], [121.2593422, 24.9879386], [121.2595419, 24.987566], [121.2598082, 24.9870714], [121.2599627, 24.9869999], [121.2605315, 24.9873071], [121.2614873, 24.9878987], [121.2624885, 24.9884562], [121.2639903, 24.989355], [121.2642178, 24.989537], [121.2645591, 24.9897191], [121.2647526, 24.9896053], [121.2652759, 24.9894915], [121.2657879, 24.9894915], [121.2672486, 24.9896874], [121.2672693, 24.9897952], [121.2676334, 24.9898697], [121.267933, 24.9899389], [121.2680781, 24.9899175], [121.2681502, 24.989758], [121.2682207, 24.989396], [121.2683029, 24.9891086], [121.2683511, 24.9889996], [121.2684568, 24.9892217], [121.2686774, 24.9893413], [121.2692631, 24.9896083], [121.2695391, 24.98973], [121.2697446, 24.9898965], [121.2701887, 24.9901435], [121.2706313, 24.9903695], [121.2709023, 24.9904806], [121.2710918, 24.9905133], [121.271415, 24.9904349], [121.2714625, 24.9904377], [121.2714652, 24.9904499], [121.2714337, 24.9904888], [121.2713546, 24.990541], [121.2712358, 24.9906536], [121.2712271, 24.9906977], [121.2712432, 24.9907136], [121.2713794, 24.9907112], [121.2718548, 24.9906358], [121.2720707, 24.9906067], [121.2721216, 24.9905858], [121.2721552, 24.9905483], [121.2721914, 24.9904487], [121.2722268, 24.9903938], [121.2722491, 24.9903782], [121.2723121, 24.9903757], [121.2724502, 24.9903988], [121.2728795, 24.9904579], [121.2730067, 24.9904335], [121.2730886, 24.990394], [121.2731354, 24.9903432], [121.2731061, 24.9901751], [121.2730191, 24.9899981], [121.272944, 24.9898669], [121.2729481, 24.9897549], [121.2730345, 24.9896472], [121.2732982, 24.9895043], [121.2733848, 24.9893785], [121.2734253, 24.989234], [121.2734249, 24.9890955], [121.2733972, 24.9888146], [121.2735991, 24.9885991], [121.2737766, 24.9883321], [121.2738575, 24.9882182], [121.2740622, 24.9882364], [121.2742259, 24.9887416], [121.2745088, 24.9896124], [121.2745531, 24.9896756], [121.2747234, 24.9898603], [121.2748566, 24.9900803], [121.274883, 24.9901885], [121.2748616, 24.9903243], [121.2746274, 24.9908824], [121.2743228, 24.9918664], [121.2741863, 24.9927657], [121.2741823, 24.9928936], [121.2741876, 24.9929733], [121.2742247, 24.9931201], [121.2743631, 24.9933504], [121.2745352, 24.9935653], [121.2745776, 24.9936242], [121.2748139, 24.9938658], [121.2749113, 24.9938866], [121.2751693, 24.9938847], [121.275229, 24.9939056], [121.2752502, 24.9939487], [121.2753224, 24.9941846], [121.2753422, 24.9942586], [121.2753696, 24.9943162], [121.2753992, 24.9943676], [121.2754256, 24.9944226], [121.2754712, 24.9945147], [121.2754785, 24.9945754], [121.2754583, 24.9946398], [121.2754265, 24.9947785], [121.275401, 24.9949975], [121.2754273, 24.995096], [121.2755278, 24.9952409], [121.2755884, 24.9953363], [121.2755966, 24.9955106], [121.2755244, 24.9957871], [121.2755066, 24.9958893], [121.2755088, 24.9959482], [121.2756837, 24.996039], [121.2757859, 24.9960955], [121.2759323, 24.9962671], [121.2760438, 24.9964888], [121.2760558, 24.9965691], [121.2760347, 24.9967635], [121.2760419, 24.9968516], [121.2760849, 24.9969498], [121.2761708, 24.9970379], [121.276367, 24.99716], [121.2765995, 24.9973293], [121.2768413, 24.997459], [121.277574, 24.9982029], [121.2778401, 24.9984856], [121.2783658, 24.9991663], [121.2790528, 25.000182], [121.2791569, 25.0003414], [121.2792932, 25.0003901], [121.2796694, 25.0005482], [121.2798639, 25.0006054], [121.2801106, 25.0007269], [121.2803334, 25.0008098], [121.2802918, 25.0009524], [121.2802072, 25.0011049], [121.2801014, 25.001323], [121.2799752, 25.0014607], [121.2798639, 25.0016932], [121.2794871, 25.0022624], [121.279388, 25.0023662], [121.2791071, 25.003226], [121.2788251, 25.0041708], [121.2787184, 25.0044323], [121.2785823, 25.0048459], [121.2782912, 25.0055895], [121.2780296, 25.006219], [121.2778591, 25.0066138], [121.2777202, 25.006945], [121.2775866, 25.007261], [121.2774607, 25.007495], [121.2772803, 25.0077452], [121.2771049, 25.0080789], [121.2763915, 25.0089012], [121.2756308, 25.0098533], [121.2753416, 25.0103032], [121.275065, 25.0108949], [121.2747887, 25.0115988], [121.2747029, 25.0118301], [121.2745557, 25.0121094], [121.2745387, 25.0121969], [121.2745144, 25.0122743], [121.2744228, 25.0123831], [121.2743139, 25.0124223], [121.2741963, 25.0124342], [121.2741289, 25.0124319], [121.2740992, 25.0124701], [121.2740863, 25.0125097], [121.2741521, 25.0126085], [121.2742315, 25.0127587], [121.2742317, 25.0128991], [121.2742266, 25.0129495], [121.2742209, 25.0130446], [121.2741689, 25.0131443], [121.2739572, 25.0138242], [121.2739511, 25.013899], [121.2738951, 25.0140028], [121.2737631, 25.0143435], [121.2735544, 25.0148373], [121.2735792, 25.0148672], [121.2735137, 25.0150536], [121.2735174, 25.0152256], [121.2735122, 25.015316], [121.2734195, 25.0158144], [121.273296, 25.0165283], [121.2732208, 25.0167516], [121.2730072, 25.0172604], [121.2728931, 25.0175124], [121.2726885, 25.0176313], [121.2724996, 25.0176979], [121.2723107, 25.0178833], [121.2720694, 25.0179593], [121.2719435, 25.0181733], [121.271892, 25.0185061], [121.2719277, 25.0194331], [121.2718552, 25.0197314], [121.2716969, 25.0205314], [121.2716163, 25.0212255], [121.2715138, 25.0214711], [121.2713928, 25.0217527], [121.271378, 25.0218046], [121.2713854, 25.0219334], [121.2715081, 25.0221649], [121.2715892, 25.0222396], [121.2716979, 25.0223162], [121.2736666, 25.0234827], [121.274341, 25.0236853], [121.2750025, 25.0238437], [121.2750713, 25.0239441], [121.2750626, 25.0242178], [121.274897, 25.0246566], [121.2747146, 25.0253664], [121.2746679, 25.0257313], [121.274655, 25.0259149], [121.2747497, 25.0262142], [121.2748302, 25.0263283], [121.2749946, 25.0264231], [121.2751465, 25.0264695], [121.2753184, 25.0263929], [121.2755385, 25.0261813], [121.2757047, 25.0259964], [121.2760257, 25.0257874], [121.2762429, 25.0257577], [121.2764543, 25.0257517], [121.2766352, 25.0257659], [121.276761, 25.0258517], [121.2769687, 25.0259431], [121.2774888, 25.0262378], [121.2775692, 25.0262783], [121.2776112, 25.0263169], [121.2777265, 25.0264143], [121.2779536, 25.0265794], [121.2780564, 25.0266784], [121.2782045, 25.0268025], [121.2783879, 25.0270038], [121.2784609, 25.0270816], [121.2785053, 25.0272053], [121.2785775, 25.0274584], [121.2786109, 25.0276604], [121.2786074, 25.0278608], [121.2785888, 25.0281032], [121.2785437, 25.0283096], [121.2784411, 25.0285008], [121.2783201, 25.0287039], [121.2782444, 25.02885], [121.2781164, 25.0290533], [121.2779781, 25.0292476], [121.277682, 25.0296316], [121.2774672, 25.0300126], [121.2773573, 25.0302561], [121.2773386, 25.0303314], [121.2773064, 25.030414], [121.2778441, 25.0304675], [121.27817, 25.0304894], [121.2787645, 25.0305337], [121.2796294, 25.0306986], [121.2808321, 25.0310687], [121.2814637, 25.0312854], [121.2825471, 25.0316391], [121.2827851, 25.0317483], [121.282917, 25.0318094], [121.283049, 25.0317996], [121.283183, 25.0317335], [121.2832241, 25.0316986], [121.2834237, 25.0316323], [121.2835419, 25.0316217], [121.2835531, 25.0316588], [121.283511, 25.0317493], [121.2834939, 25.031913], [121.2835093, 25.0319861], [121.2835904, 25.0320247], [121.2839236, 25.0320932], [121.2842269, 25.0321191], [121.2842825, 25.03207], [121.2843122, 25.0320013], [121.2843922, 25.0316792], [121.2845057, 25.0310105], [121.2845307, 25.0307091], [121.2845972, 25.0298066], [121.2846388, 25.0296934], [121.2847165, 25.0295252], [121.284824, 25.0293114], [121.2850348, 25.0289754], [121.2851292, 25.0288598], [121.2852986, 25.0286469], [121.2854636, 25.0284631], [121.2855446, 25.0284135], [121.2856601, 25.0283909], [121.2858009, 25.028414], [121.2859695, 25.0284986], [121.2862343, 25.0286479], [121.2864005, 25.028712], [121.286573, 25.0287324], [121.2867007, 25.0287398], [121.2869123, 25.0287227], [121.2869387, 25.0286708], [121.2869654, 25.0283923], [121.2870375, 25.0283091], [121.2871625, 25.0282391], [121.2872752, 25.0282026], [121.2873942, 25.0281798], [121.2874968, 25.0281195], [121.2875631, 25.0280271], [121.2874009, 25.0276737], [121.2872963, 25.0274726], [121.2872722, 25.0273036], [121.287244, 25.0271266], [121.2873124, 25.0268451], [121.2874411, 25.026656], [121.2875859, 25.0265273], [121.2877508, 25.0264589], [121.287964, 25.0264187], [121.2882536, 25.0264026], [121.2883985, 25.0263624], [121.2886157, 25.0263101], [121.2887645, 25.0263463], [121.2889777, 25.0265353], [121.2900598, 25.0278225], [121.2903163, 25.0280075], [121.2905991, 25.0282601], [121.2915734, 25.0287277], [121.29186, 25.0289123], [121.2919596, 25.0289564], [121.2920552, 25.0289391], [121.2923072, 25.0288052], [121.2923871, 25.0287859], [121.2924501, 25.0288139], [121.2925212, 25.0289214], [121.2927816, 25.0295007], [121.2931139, 25.0301227], [121.2932537, 25.030343], [121.2933975, 25.0304806], [121.2935138, 25.0306076], [121.2935971, 25.0306851], [121.2938215, 25.0306604], [121.2942419, 25.0307732], [121.2943313, 25.0308691], [121.2944067, 25.0309385], [121.2944957, 25.0310435], [121.2946013, 25.0310899], [121.2957921, 25.0313022], [121.2960603, 25.0316958], [121.2961918, 25.0322515], [121.2963337, 25.0323705], [121.2975756, 25.0325358], [121.2990212, 25.0327585], [121.3001406, 25.0329193], [121.3004709, 25.032963], [121.3013981, 25.0331375], [121.3016224, 25.0331832], [121.3019659, 25.0331628], [121.3025158, 25.0331443], [121.3024883, 25.0332018], [121.3024749, 25.0332771], [121.3024251, 25.0334012], [121.3023611, 25.0336126], [121.3022986, 25.0338171], [121.3021944, 25.0342768], [121.3021071, 25.0346643], [121.3019229, 25.0351933], [121.3016222, 25.0358802], [121.3015585, 25.0360911], [121.3015344, 25.0362715], [121.3015258, 25.0364311], [121.3015017, 25.0365144], [121.301456, 25.036763], [121.3012488, 25.0370915], [121.3011803, 25.0372354], [121.301134, 25.0373241], [121.3010557, 25.0374807], [121.3009796, 25.0375953], [121.3008421, 25.0378064], [121.3008236, 25.0378769], [121.3007539, 25.0380049], [121.3006281, 25.0381368], [121.3005541, 25.0382034], [121.3004336, 25.0382637], [121.3003878, 25.0382978], [121.3002681, 25.0385278], [121.3001942, 25.0387273], [121.2996678, 25.0395406], [121.2994905, 25.0398504], [121.2994739, 25.0399554], [121.299489, 25.0401645], [121.2994823, 25.040319], [121.2994049, 25.0404721], [121.2992465, 25.0406972], [121.2990339, 25.0408711], [121.2988208, 25.0411606], [121.298633, 25.0414664], [121.2981961, 25.042139], [121.2979652, 25.0425835], [121.2977218, 25.0430586], [121.2975927, 25.043421], [121.2974676, 25.0438608], [121.2975002, 25.0440366], [121.2975612, 25.0440001], [121.2975302, 25.0443266], [121.2975411, 25.0443762], [121.2971775, 25.0446424], [121.2970692, 25.0447527], [121.2968869, 25.04499], [121.2967692, 25.0451218], [121.2967217, 25.0452595], [121.2966712, 25.0454114], [121.2966453, 25.045716], [121.2966382, 25.0460985], [121.2965823, 25.046269], [121.2965467, 25.0464303], [121.2964266, 25.0465819], [121.2963092, 25.0467071], [121.2961157, 25.0468387], [121.2959287, 25.0469665], [121.2957722, 25.0470668], [121.2956814, 25.0472104], [121.2956668, 25.0473644], [121.2957142, 25.047845], [121.2956531, 25.0479318], [121.2954685, 25.0482481], [121.2951837, 25.0484962], [121.2951053, 25.0485124], [121.294741, 25.048431], [121.2946978, 25.0484704], [121.2947403, 25.0485315], [121.294601, 25.0485804], [121.294511, 25.0486945], [121.2942904, 25.0489188], [121.2940292, 25.0492413], [121.2938189, 25.0494901], [121.293677, 25.0496355], [121.293609, 25.0497233], [121.2935945, 25.0498155], [121.2936378, 25.0498654], [121.2937805, 25.0498689], [121.2943199, 25.0497114], [121.2945146, 25.0496828], [121.2949357, 25.04967], [121.2951651, 25.0496436], [121.2954431, 25.0496058], [121.2957456, 25.0495813], [121.2962035, 25.0494252], [121.2968368, 25.0491706], [121.2972523, 25.0490622], [121.297475, 25.0489688], [121.2981252, 25.048909], [121.298557, 25.0488618], [121.2988272, 25.0488089], [121.2994979, 25.04847], [121.2998915, 25.0482878], [121.3003526, 25.0481198], [121.3010711, 25.0479202], [121.301334, 25.0478798], [121.301629, 25.0478584], [121.30183, 25.0477816], [121.3022347, 25.0476576], [121.3026581, 25.0473834], [121.3029021, 25.0473312], [121.3031777, 25.0475745], [121.3032933, 25.0475769], [121.3035226, 25.0477163], [121.3038736, 25.0478979], [121.3048146, 25.048204], [121.3059273, 25.0485578], [121.3063106, 25.0491448], [121.307559, 25.0491748], [121.307848, 25.0495378], [121.3079719, 25.0507936], [121.3082778, 25.0510895], [121.3096244, 25.0512504], [121.3115055, 25.0512786], [121.3149176, 25.0510066], [121.3155816, 25.0510302], [121.3161377, 25.0511788], [121.3166369, 25.0518356], [121.318083, 25.0526104], [121.3189578, 25.052546], [121.3208197, 25.0541599], [121.3214106, 25.0540895], [121.3218305, 25.054019], [121.322468, 25.0546811], [121.3222659, 25.0550192], [121.3238831, 25.0566673], [121.3236498, 25.0569913], [121.3236965, 25.0576111], [121.3240521, 25.0579159], [121.3247482, 25.0584268], [121.3256166, 25.0587358], [121.3263373, 25.0591719], [121.3274711, 25.0597437], [121.3283343, 25.0601548], [121.3291413, 25.0607302], [121.3297149, 25.0609331], [121.3303673, 25.0608791], [121.3306114, 25.0608621], [121.3311963, 25.061066], [121.3322167, 25.0615211], [121.3327274, 25.0619582], [121.3338423, 25.062346], [121.3342397, 25.0624842], [121.3352463, 25.0626533], [121.3363073, 25.0627947], [121.3377535, 25.0635272], [121.3418329, 25.0649466], [121.342266, 25.0651846], [121.3429626, 25.0651893], [121.3447996, 25.065505], [121.3456602, 25.0655832], [121.3469397, 25.0656555], [121.3483766, 25.0656158], [121.3497579, 25.065635], [121.3511054, 25.0655506], [121.3534331, 25.0652972], [121.3548691, 25.065135], [121.3549557, 25.066104], [121.3550718, 25.067035], [121.3549489, 25.0672593], [121.3544254, 25.0674902], [121.3537758, 25.0678263], [121.3537843, 25.0685604], [121.3532919, 25.0687279], [121.3522828, 25.068771], [121.3522987, 25.0679311], [121.3514082, 25.0681721], [121.3508206, 25.0687794], [121.3500505, 25.069508], [121.3488895, 25.0699164], [121.3481395, 25.0697796], [121.347625, 25.069874], [121.3464934, 25.0702613], [121.3464084, 25.0703419], [121.3472129, 25.0705231], [121.3479905, 25.0708108], [121.3482602, 25.0711225], [121.3486675, 25.072189], [121.348904, 25.0723943], [121.3489289, 25.0717286], [121.3491826, 25.0714436], [121.3498062, 25.07128], [121.3501208, 25.0714482], [121.3505034, 25.0720207], [121.3504658, 25.0725601], [121.3505539, 25.0729055], [121.3509254, 25.0730414], [121.3513144, 25.0733292], [121.3518611, 25.0736218], [121.3521273, 25.0736084], [121.3527101, 25.07331], [121.3530775, 25.0732124], [121.3534362, 25.07331], [121.3530433, 25.0736697], [121.3525649, 25.0738909], [121.3519695, 25.0741817], [121.3518843, 25.0743239], [121.3517393, 25.0744992], [121.3513245, 25.0742475], [121.3509371, 25.0738301], [121.3498326, 25.0735384], [121.3497258, 25.0737981], [121.3500642, 25.0743495], [121.3501197, 25.0746041], [121.3500432, 25.0747436], [121.3503612, 25.0752165], [121.350116, 25.0758934], [121.3498814, 25.0766839], [121.3496527, 25.0763458], [121.3495715, 25.0759955], [121.3490718, 25.0747521], [121.3487081, 25.0742174], [121.3482625, 25.0739019], [121.3466553, 25.0736306], [121.3448336, 25.0733759], [121.342384, 25.072758], [121.3418752, 25.0725851], [121.3416532, 25.0725763], [121.3418298, 25.0727744], [121.3419843, 25.0729308], [121.3426882, 25.0732456], [121.3425846, 25.07351], [121.3424221, 25.0736041], [121.3419764, 25.0735865], [121.3412249, 25.0734252], [121.3408304, 25.0734904], [121.3406075, 25.0736978], [121.3404488, 25.0743216], [121.3405202, 25.0750174], [121.3406214, 25.0756301], [121.340367, 25.0761568], [121.3401853, 25.0763543], [121.3402034, 25.0765353], [121.3404124, 25.0765929], [121.3406577, 25.0764695], [121.3409576, 25.0758276], [121.3411029, 25.0757453], [121.3412029, 25.0758111], [121.3412029, 25.0761485], [121.3411665, 25.0765106], [121.3415027, 25.076741], [121.3428383, 25.0752597], [121.3429928, 25.0754243], [121.3435904, 25.0751588], [121.343756, 25.0751198], [121.3440558, 25.0751939], [121.3444118, 25.0750831], [121.3446646, 25.0751198], [121.3447373, 25.0753009], [121.3461871, 25.0755314], [121.3461503, 25.0757138], [121.3445224, 25.0759558], [121.3441148, 25.077123], [121.3441921, 25.0776134], [121.3443829, 25.077959], [121.3446464, 25.0775804], [121.3449758, 25.077159], [121.3450734, 25.0770126], [121.3454278, 25.0770126], [121.3461546, 25.0768316], [121.3465362, 25.0769303], [121.3465181, 25.0772101], [121.3457078, 25.0772779], [121.3455269, 25.077512], [121.3452461, 25.077959], [121.3451098, 25.0782635], [121.3452551, 25.0785597], [121.3459093, 25.0786832], [121.3466816, 25.0783787], [121.3479864, 25.0788164], [121.3478713, 25.0789505], [121.3478264, 25.0791851], [121.3465453, 25.0795225], [121.3463364, 25.0794567], [121.3462166, 25.0790973], [121.3458721, 25.0792478], [121.3459093, 25.0793909], [121.3446827, 25.0796295], [121.3438718, 25.0796135], [121.3426547, 25.0798972], [121.3426021, 25.0800163], [121.3448645, 25.0804936], [121.3458185, 25.0806335], [121.3467275, 25.0806252], [121.3479708, 25.0808841], [121.3487931, 25.0810819], [121.3490308, 25.0811168], [121.34923, 25.0810237], [121.3492685, 25.0807561], [121.3494484, 25.0806921], [121.3502451, 25.0811925], [121.3501616, 25.0815998], [121.3499786, 25.0818271], [121.3492107, 25.0824469], [121.3487952, 25.0823599], [121.3481642, 25.0823801], [121.3476121, 25.0827262], [121.3467822, 25.0831219], [121.3468593, 25.0835641], [121.346114, 25.0837154], [121.3456515, 25.0835758], [121.3444693, 25.0835641], [121.3442124, 25.0835874], [121.3438397, 25.0842158], [121.3435827, 25.0842158], [121.3432872, 25.0839249], [121.3426066, 25.0840534], [121.3418462, 25.0841253], [121.340833, 25.0839598], [121.3388176, 25.0836107], [121.3381852, 25.08389], [121.3375208, 25.0845086], [121.3365883, 25.0851042], [121.3348097, 25.0858749], [121.3339562, 25.0863509], [121.3334176, 25.0866623], [121.3326014, 25.086698], [121.3318571, 25.0873019], [121.3311941, 25.0879402], [121.3309329, 25.0881066], [121.3301673, 25.0882213], [121.3297698, 25.0887776], [121.3293071, 25.0895169], [121.3284977, 25.0904999], [121.32773, 25.0912], [121.3267631, 25.0917566], [121.325787, 25.0919465], [121.3249513, 25.0925479], [121.323083, 25.0926078], [121.3214325, 25.0926402], [121.3204498, 25.0926238], [121.3193876, 25.0931647], [121.3189507, 25.0928854], [121.3178828, 25.0930255], [121.3173377, 25.0934369], [121.3171196, 25.0939635], [121.3159764, 25.0940987], [121.3150538, 25.0946972], [121.3143282, 25.0947451], [121.3133581, 25.0954446], [121.312362, 25.0955906], [121.3115046, 25.0958807], [121.3106324, 25.0965143], [121.3104234, 25.0965965], [121.30995, 25.09646], [121.3094421, 25.096218], [121.308897, 25.0964073], [121.30843, 25.0966], [121.3079702, 25.0967529], [121.30745, 25.0967459], [121.305935, 25.0966706], [121.3056352, 25.0968022], [121.3053535, 25.0968434], [121.30437, 25.09654], [121.30252, 25.0969], [121.3020277, 25.097466], [121.3015843, 25.0979758], [121.3013742, 25.0984365], [121.3013334, 25.0992598], [121.3011993, 25.1002871], [121.30128, 25.10041], [121.3015051, 25.100982], [121.3012249, 25.101693], [121.3008904, 25.1018954], [121.3003971, 25.1020002], [121.3000171, 25.1022091], [121.3000036, 25.1024795], [121.3000014, 25.1029641], [121.2997804, 25.1035501], [121.29897, 25.10422], [121.297998, 25.1044875], [121.29713, 25.10407], [121.2962989, 25.1034304], [121.2954539, 25.1029633], [121.2938669, 25.1030255], [121.2930896, 25.1025444], [121.2920704, 25.1025891], [121.2916505, 25.1026258], [121.2912511, 25.1037698], [121.290688, 25.1048826], [121.2906287, 25.1055429], [121.2902242, 25.1068844], [121.28918, 25.10693], [121.2880075, 25.1068387], [121.2875895, 25.1067482], [121.2872806, 25.1068058], [121.2870081, 25.106961], [121.2863443, 25.1074811], [121.2855316, 25.1083607], [121.2852045, 25.108661], [121.2846602, 25.108871], [121.28364, 25.10901], [121.28303, 25.10926], [121.28281, 25.10946], [121.2827, 25.10966], [121.2826336, 25.109952], [121.2827423, 25.1103599], [121.2831738, 25.1107301], [121.2832147, 25.1108865], [121.2830763, 25.1110904], [121.2836018, 25.1117475], [121.2838773, 25.1122516], [121.2839565, 25.1126479], [121.2837739, 25.1132718], [121.2837462, 25.1138399], [121.2838057, 25.1143965], [121.2835985, 25.1152923], [121.2835233, 25.1160718], [121.2837152, 25.1170321], [121.2837347, 25.1173791]]], [[[121.3297966, 24.9790579], [121.3272751, 24.9823724], [121.3254997, 24.9813362], [121.3235845, 24.9839719], [121.3219063, 24.9862715], [121.3218654, 24.9863533], [121.3212916, 24.9871136], [121.3211989, 24.987417], [121.3211148, 24.9875689], [121.321093, 24.9877028], [121.3211627, 24.9877887], [121.3212343, 24.9878499], [121.3216306, 24.9879883], [121.321725, 24.988019], [121.3218611, 24.9880348], [121.3219486, 24.9881107], [121.3219441, 24.9881818], [121.3216778, 24.9884105], [121.3215841, 24.9884543], [121.3215437, 24.988522], [121.3217474, 24.9886976], [121.3218911, 24.9888192], [121.3220842, 24.9891122], [121.3221797, 24.9892793], [121.3221742, 24.9893483], [121.3221073, 24.9894957], [121.3219882, 24.9896893], [121.3216681, 24.9902067], [121.321608, 24.9903599], [121.3213985, 24.9908437], [121.3214526, 24.9909949], [121.321981, 24.9911894], [121.322213, 24.9912986], [121.3226814, 24.9918359], [121.3226229, 24.9919557], [121.322765, 24.9920022], [121.3230181, 24.9921214], [121.32339, 24.9922502], [121.3228106, 24.9935376], [121.3228127, 24.9936212], [121.3228583, 24.9937233], [121.3230276, 24.9938672], [121.3231963, 24.9941074], [121.3233151, 24.9943747], [121.3234323, 24.9947541], [121.3235182, 24.995267], [121.3235926, 24.9953546], [121.323838, 24.9954765], [121.3242294, 24.9955713], [121.324704, 24.9956591], [121.3253386, 24.9957613], [121.3257524, 24.995797], [121.3259912, 24.9958128], [121.3262098, 24.9958565], [121.3263957, 24.9959141], [121.3268485, 24.9961257], [121.3269361, 24.9962126], [121.3273411, 24.9967393], [121.3277833, 24.9973389], [121.3278782, 24.9975496], [121.3281527, 24.9978128], [121.3285634, 24.9978934], [121.3289269, 24.9980052], [121.3289389, 24.9983074], [121.3290328, 24.9985099], [121.3291722, 24.9989767], [121.3293089, 24.9993376], [121.3294926, 24.9997878], [121.3296265, 24.999921], [121.3297516, 24.9999952], [121.3298911, 25.0000851], [121.3299663, 25.0002186], [121.3300762, 25.0003841], [121.330103, 25.0004984], [121.330101, 25.0007084], [121.3300661, 25.0008244], [121.3300533, 25.000972], [121.3300937, 25.0012197], [121.3302129, 25.0014859], [121.33026, 25.0016075], [121.3303172, 25.0017797], [121.3303933, 25.0019117], [121.3304745, 25.0020055], [121.3306639, 25.0021504], [121.3307346, 25.0022207], [121.3307856, 25.00229], [121.3312013, 25.0027367], [121.3312788, 25.0032913], [121.3313454, 25.0037233], [121.3314129, 25.003861], [121.3315004, 25.0041325], [121.3316391, 25.0043281], [121.3320583, 25.0046479], [121.3321923, 25.004802], [121.3322327, 25.0048861], [121.3322192, 25.0050781], [121.3321441, 25.0052677], [121.3320311, 25.005408], [121.3320315, 25.0054816], [121.3317279, 25.0056321], [121.3314897, 25.0056664], [121.3314233, 25.0057211], [121.3314468, 25.0058641], [121.3314866, 25.0062777], [121.3313556, 25.0067262], [121.3312858, 25.0072464], [121.3312479, 25.0078599], [121.3313782, 25.0083907], [121.3314112, 25.0085055], [121.3314146, 25.0085967], [121.3314504, 25.0087912], [121.3314554, 25.0091153], [121.3314694, 25.0093741], [121.3315245, 25.0095191], [121.3315594, 25.0096091], [121.3315943, 25.0096966], [121.3316971, 25.0098242], [121.3319752, 25.0101284], [121.332184, 25.0102889], [121.3323898, 25.0104429], [121.332407, 25.010523], [121.3323861, 25.0106167], [121.3322764, 25.0107237], [121.3321049, 25.0108799], [121.3319692, 25.0110339], [121.3318404, 25.0112448], [121.3317999, 25.0114241], [121.3317311, 25.0115415], [121.3316333, 25.0116545], [121.3315143, 25.0117483], [121.3313147, 25.0118992], [121.3310899, 25.0120492], [121.3308595, 25.012168], [121.3306182, 25.0123527], [121.330371, 25.012664], [121.3301416, 25.0128283], [121.3298945, 25.0129661], [121.3297343, 25.0130772], [121.3296844, 25.0131639], [121.3295889, 25.0132919], [121.329581, 25.0135711], [121.3296203, 25.0136909], [121.3297001, 25.0140995], [121.3298186, 25.0144389], [121.3299717, 25.0151456], [121.3300514, 25.015612], [121.3300336, 25.0159357], [121.3300336, 25.0161937], [121.3300423, 25.0164155], [121.3300334, 25.0165786], [121.3298993, 25.0167227], [121.3297531, 25.0168012], [121.3294627, 25.0168268], [121.3291434, 25.0167785], [121.3288224, 25.0167464], [121.328647, 25.0167261], [121.3285129, 25.0167295], [121.3284279, 25.0167564], [121.3282868, 25.0168061], [121.3281897, 25.0168173], [121.3280377, 25.0168512], [121.3278548, 25.0168635], [121.3277037, 25.0168803], [121.3272437, 25.0168791], [121.3271163, 25.0168633], [121.3268082, 25.0168507], [121.3265876, 25.0168238], [121.3262415, 25.0167656], [121.3260237, 25.0167367], [121.3258633, 25.0167804], [121.3257494, 25.0168272], [121.3256925, 25.0168878], [121.3256257, 25.0169996], [121.3255756, 25.017109], [121.3255349, 25.0172507], [121.3254642, 25.0174555], [121.3252986, 25.0177949], [121.3251771, 25.0179316], [121.3250853, 25.0180591], [121.3249232, 25.0182674], [121.3248358, 25.0184823], [121.3248292, 25.0185237], [121.3247404, 25.0190445], [121.3247089, 25.0194127], [121.3246935, 25.0196052], [121.324745, 25.0197697], [121.3247628, 25.0199555], [121.3248244, 25.0201364], [121.3249245, 25.0203405], [121.325047, 25.0205341], [121.3251997, 25.0206729], [121.3254688, 25.0208157], [121.3257015, 25.0208992], [121.3258057, 25.0209545], [121.3262272, 25.0210879], [121.3265974, 25.0212954], [121.3268124, 25.0215101], [121.326917, 25.0217287], [121.3270772, 25.0217178], [121.3270387, 25.0218487], [121.3269732, 25.0219719], [121.3268577, 25.0220643], [121.3267038, 25.0221335], [121.3264766, 25.0221412], [121.3261417, 25.0221682], [121.3258096, 25.0223223], [121.3256826, 25.0223493], [121.3255709, 25.0224186], [121.3255016, 25.022511], [121.3254824, 25.0226072], [121.3255046, 25.0227054], [121.325698, 25.0228728], [121.3259642, 25.0231218], [121.3261257, 25.0232331], [121.326276, 25.0232917], [121.3263185, 25.0238053], [121.326328, 25.024138], [121.3263151, 25.0244562], [121.3262052, 25.0247052], [121.3259992, 25.0250635], [121.3258939, 25.0251963], [121.3256345, 25.0254638], [121.3254198, 25.0257091], [121.3251429, 25.0260094], [121.3249994, 25.0261022], [121.3249176, 25.0261779], [121.3248546, 25.026231], [121.3247431, 25.0263289], [121.3247295, 25.0263335], [121.3246574, 25.0263495], [121.3245687, 25.0263582], [121.324311, 25.0263589], [121.3242093, 25.0263041], [121.3241314, 25.0262017], [121.3239993, 25.0259624], [121.3238025, 25.0258889], [121.3236737, 25.0258865], [121.3235634, 25.0259006], [121.3234773, 25.0259285], [121.3234219, 25.0260034], [121.3232338, 25.0261903], [121.3231619, 25.0262169], [121.3224619, 25.026212], [121.3217752, 25.0261975], [121.321521, 25.0262147], [121.3209911, 25.0262135], [121.3203531, 25.0262452], [121.3202426, 25.0262217], [121.3199159, 25.0263389], [121.3194571, 25.0265895], [121.3190282, 25.0268083], [121.3188222, 25.0267783], [121.3184026, 25.0266886], [121.318176, 25.0266586], [121.3180918, 25.0266389], [121.3176106, 25.0265324], [121.3170812, 25.0265701], [121.3168354, 25.0267507], [121.3166025, 25.0269269], [121.3165075, 25.0271117], [121.316467, 25.0274429], [121.3163305, 25.0277028], [121.3162961, 25.0278762], [121.3162162, 25.0282749], [121.3161527, 25.0283899], [121.3161376, 25.0285127], [121.3158239, 25.0287947], [121.3155535, 25.0289997], [121.3151872, 25.0292039], [121.3146423, 25.0293215], [121.3142993, 25.0295281], [121.3139934, 25.029672], [121.3134616, 25.0297375], [121.3130901, 25.0299413], [121.3128793, 25.030122], [121.3126255, 25.0304324], [121.312307, 25.0308535], [121.3112592, 25.0312442], [121.3108299, 25.0313471], [121.3103891, 25.031413], [121.3096038, 25.0316304], [121.3075368, 25.0307682], [121.3071538, 25.0306457], [121.3069724, 25.0305851], [121.3068916, 25.0305673], [121.3067836, 25.0305587], [121.3066526, 25.0305727], [121.306486, 25.0306083], [121.3063302, 25.0306872], [121.3061151, 25.0307642], [121.3057059, 25.0308989], [121.3055107, 25.0308565], [121.305351, 25.0308046], [121.3052393, 25.0307699], [121.3050315, 25.0306583], [121.3048775, 25.030589], [121.3048003, 25.030569], [121.3046446, 25.0305216], [121.3044867, 25.0304966], [121.3043292, 25.0304454], [121.3041801, 25.0304429], [121.3039813, 25.0304625], [121.3037807, 25.0305227], [121.3036127, 25.0306519], [121.3034784, 25.0308355], [121.3032719, 25.0312361], [121.3030964, 25.031743], [121.3030863, 25.0319415], [121.3029883, 25.0320961], [121.3028397, 25.0324647], [121.3025689, 25.0330243], [121.3025158, 25.0331443], [121.3024883, 25.0332018], [121.3024749, 25.0332771], [121.3024251, 25.0334012], [121.3023611, 25.0336126], [121.3022986, 25.0338171], [121.3021944, 25.0342768], [121.3021071, 25.0346643], [121.3019229, 25.0351933], [121.3016222, 25.0358802], [121.3015585, 25.0360911], [121.3015344, 25.0362715], [121.3015258, 25.0364311], [121.3015017, 25.0365144], [121.301456, 25.036763], [121.3012488, 25.0370915], [121.3011803, 25.0372354], [121.301134, 25.0373241], [121.3010557, 25.0374807], [121.3009796, 25.0375953], [121.3008421, 25.0378064], [121.3008236, 25.0378769], [121.3007539, 25.0380049], [121.3006281, 25.0381368], [121.3005541, 25.0382034], [121.3004336, 25.0382637], [121.3003878, 25.0382978], [121.3002681, 25.0385278], [121.3001942, 25.0387273], [121.2996678, 25.0395406], [121.2994905, 25.0398504], [121.2994739, 25.0399554], [121.299489, 25.0401645], [121.2994823, 25.040319], [121.2994049, 25.0404721], [121.2992465, 25.0406972], [121.2990339, 25.0408711], [121.2988208, 25.0411606], [121.298633, 25.0414664], [121.2981961, 25.042139], [121.2979652, 25.0425835], [121.2977218, 25.0430586], [121.2975927, 25.043421], [121.2974676, 25.0438608], [121.2975002, 25.0440366], [121.2975612, 25.0440001], [121.2975302, 25.0443266], [121.2975411, 25.0443762], [121.2971775, 25.0446424], [121.2970692, 25.0447527], [121.2968869, 25.04499], [121.2967692, 25.0451218], [121.2967217, 25.0452595], [121.2966712, 25.0454114], [121.2966453, 25.045716], [121.2966382, 25.0460985], [121.2965823, 25.046269], [121.2965467, 25.0464303], [121.2964266, 25.0465819], [121.2963092, 25.0467071], [121.2961157, 25.0468387], [121.2959287, 25.0469665], [121.2957722, 25.0470668], [121.2956814, 25.0472104], [121.2956668, 25.0473644], [121.2957142, 25.047845], [121.2956531, 25.0479318], [121.2954685, 25.0482481], [121.2951837, 25.0484962], [121.2951053, 25.0485124], [121.294741, 25.048431], [121.2946978, 25.0484704], [121.2947403, 25.0485315], [121.294601, 25.0485804], [121.294511, 25.0486945], [121.2942904, 25.0489188], [121.2940292, 25.0492413], [121.2938189, 25.0494901], [121.293677, 25.0496355], [121.293609, 25.0497233], [121.2935945, 25.0498155], [121.2936378, 25.0498654], [121.2937805, 25.0498689], [121.2943199, 25.0497114], [121.2945146, 25.0496828], [121.2949357, 25.04967], [121.2951651, 25.0496436], [121.2954431, 25.0496058], [121.2957456, 25.0495813], [121.2962035, 25.0494252], [121.2968368, 25.0491706], [121.2972523, 25.0490622], [121.297475, 25.0489688], [121.2981252, 25.048909], [121.298557, 25.0488618], [121.2988272, 25.0488089], [121.2994979, 25.04847], [121.2998915, 25.0482878], [121.3003526, 25.0481198], [121.3010711, 25.0479202], [121.301334, 25.0478798], [121.301629, 25.0478584], [121.30183, 25.0477816], [121.3022347, 25.0476576], [121.3026581, 25.0473834], [121.3029021, 25.0473312], [121.3031777, 25.0475745], [121.3032933, 25.0475769], [121.3035226, 25.0477163], [121.3038736, 25.0478979], [121.3048146, 25.048204], [121.3059273, 25.0485578], [121.3063106, 25.0491448], [121.307559, 25.0491748], [121.307848, 25.0495378], [121.3079719, 25.0507936], [121.3082778, 25.0510895], [121.3096244, 25.0512504], [121.3115055, 25.0512786], [121.3149176, 25.0510066], [121.3155816, 25.0510302], [121.3161377, 25.0511788], [121.3166369, 25.0518356], [121.318083, 25.0526104], [121.3189578, 25.052546], [121.3208197, 25.0541599], [121.3214106, 25.0540895], [121.3218305, 25.054019], [121.322468, 25.0546811], [121.3222659, 25.0550192], [121.3238831, 25.0566673], [121.3236498, 25.0569913], [121.3236965, 25.0576111], [121.3240521, 25.0579159], [121.3247482, 25.0584268], [121.3256166, 25.0587358], [121.3263373, 25.0591719], [121.3274711, 25.0597437], [121.3283343, 25.0601548], [121.3291413, 25.0607302], [121.3297149, 25.0609331], [121.3303673, 25.0608791], [121.3306114, 25.0608621], [121.3311963, 25.061066], [121.3322167, 25.0615211], [121.3327274, 25.0619582], [121.3338423, 25.062346], [121.3342397, 25.0624842], [121.3352463, 25.0626533], [121.3363073, 25.0627947], [121.3377535, 25.0635272], [121.3418329, 25.0649466], [121.342266, 25.0651846], [121.3429626, 25.0651893], [121.3447996, 25.065505], [121.3456602, 25.0655832], [121.3469397, 25.0656555], [121.3483766, 25.0656158], [121.3497579, 25.065635], [121.3511054, 25.0655506], [121.3534331, 25.0652972], [121.3548691, 25.065135], [121.3571566, 25.0650642], [121.3604927, 25.0649372], [121.3639285, 25.0649556], [121.3685647, 25.0652447], [121.37211, 25.06566], [121.37283, 25.06574], [121.3757716, 25.0661135], [121.3764665, 25.0660771], [121.3767797, 25.066104], [121.3777963, 25.0659172], [121.380104, 25.0651508], [121.3801762, 25.0648302], [121.380958, 25.0646065], [121.38213, 25.0642781], [121.3822089, 25.0638059], [121.382369, 25.0637045], [121.3825219, 25.0635263], [121.382776, 25.0629658], [121.3834081, 25.0628291], [121.3839801, 25.0627089], [121.3845243, 25.062842], [121.3850421, 25.063034], [121.3854574, 25.0631305], [121.3859247, 25.063143], [121.3861548, 25.0632599], [121.386466, 25.0632146], [121.3870373, 25.0625694], [121.3874192, 25.0625651], [121.3878644, 25.0628037], [121.3881915, 25.0630836], [121.3883315, 25.0630388], [121.3881674, 25.0626701], [121.3881097, 25.0625404], [121.3879384, 25.0622809], [121.3879282, 25.0619729], [121.3880038, 25.0617517], [121.3881343, 25.0615676], [121.3885364, 25.0615051], [121.389171, 25.0616351], [121.3899665, 25.0616825], [121.3904332, 25.0616157], [121.3910535, 25.0615078], [121.3910692, 25.061375], [121.3906864, 25.0612638], [121.3906279, 25.0612082], [121.3906301, 25.0610513], [121.3909131, 25.0609153], [121.390856, 25.0607798], [121.3906385, 25.0607525], [121.3903166, 25.0608378], [121.3893454, 25.0606721], [121.3889169, 25.0606876], [121.3886417, 25.060492], [121.3885884, 25.0603204], [121.3885831, 25.060111], [121.3882914, 25.0599313], [121.3877152, 25.0597878], [121.3876141, 25.059706], [121.3876289, 25.0595886], [121.3879537, 25.0593683], [121.3888667, 25.05918], [121.3896161, 25.0591221], [121.389712, 25.0590305], [121.3896872, 25.0588771], [121.3894919, 25.0586212], [121.3890623, 25.0584806], [121.3887911, 25.0584251], [121.3885032, 25.0584034], [121.3884794, 25.0583415], [121.3884606, 25.0580127], [121.3885001, 25.0575831], [121.3886044, 25.0571252], [121.3886048, 25.056861], [121.3884773, 25.0568803], [121.3884393, 25.0569949], [121.388226, 25.0571741], [121.3871018, 25.0574479], [121.3867141, 25.0576992], [121.3863017, 25.05783], [121.3860069, 25.0580661], [121.3858302, 25.0581574], [121.3855799, 25.0581381], [121.3855715, 25.0579943], [121.3856902, 25.0578184], [121.3855961, 25.0573446], [121.3856608, 25.0569888], [121.3857138, 25.0567821], [121.3858579, 25.056639], [121.3861155, 25.0565008], [121.3862595, 25.0562879], [121.3864777, 25.0560084], [121.3866639, 25.055847], [121.386947, 25.0557087], [121.387313, 25.0554678], [121.3874111, 25.0553466], [121.3874685, 25.0551762], [121.3874573, 25.0550283], [121.3874379, 25.0549141], [121.3873896, 25.0548048], [121.3872904, 25.0546699], [121.3872126, 25.0546323], [121.3871267, 25.054563], [121.3870329, 25.0545156], [121.3869658, 25.0544913], [121.38677, 25.05445], [121.3867164, 25.0543626], [121.3867754, 25.0540904], [121.38677, 25.0540442], [121.3867432, 25.0539884], [121.3865474, 25.053828], [121.3862228, 25.0536943], [121.3861021, 25.0537162], [121.3860136, 25.0536725], [121.3860297, 25.0534416], [121.3860109, 25.0533347], [121.3859493, 25.0532035], [121.3858795, 25.0531331], [121.3856757, 25.0530164], [121.3855416, 25.052963], [121.3854182, 25.0529265], [121.3852546, 25.052935], [121.3851888, 25.0529168], [121.3851212, 25.0528799], [121.3845681, 25.052751], [121.3844153, 25.0526377], [121.3844495, 25.0524961], [121.3858605, 25.0525271], [121.386336, 25.0526487], [121.3870176, 25.0528802], [121.3877631, 25.053242], [121.3878843, 25.053196], [121.3880746, 25.0529205], [121.3882012, 25.052891], [121.3884215, 25.0530639], [121.388663, 25.0532469], [121.3888969, 25.0533258], [121.3892165, 25.0534493], [121.3895304, 25.0534826], [121.3897372, 25.053428], [121.3897714, 25.0533469], [121.3895469, 25.0531407], [121.3893446, 25.053025], [121.3892881, 25.0529229], [121.3893534, 25.0528742], [121.3896641, 25.0528512], [121.3899084, 25.0528456], [121.3901774, 25.0529986], [121.3902778, 25.0530257], [121.3906864, 25.0532372], [121.3908656, 25.0533771], [121.3907469, 25.0542671], [121.3908711, 25.0544622], [121.391071, 25.0546085], [121.3914294, 25.0548193], [121.3919064, 25.0549676], [121.3924153, 25.0550534], [121.392669, 25.0550712], [121.3927916, 25.0550356], [121.3928184, 25.0549882], [121.392776, 25.0549368], [121.3923294, 25.0547461], [121.3914638, 25.0540814], [121.3913733, 25.0539367], [121.3912158, 25.0537657], [121.3910372, 25.0536519], [121.3910085, 25.0535649], [121.3912456, 25.0535523], [121.3914454, 25.0535655], [121.3915202, 25.0536834], [121.3915798, 25.0538196], [121.3917194, 25.0539125], [121.3919543, 25.0539746], [121.3923563, 25.0539343], [121.3924898, 25.0537316], [121.3925425, 25.0537576], [121.3927578, 25.0538788], [121.3929357, 25.0539861], [121.393005, 25.0539422], [121.393107, 25.053768], [121.393291, 25.0536545], [121.3939891, 25.0534248], [121.3940859, 25.0532594], [121.3942411, 25.0532483], [121.3943607, 25.0530472], [121.394708, 25.053043], [121.3951169, 25.0528099], [121.3954095, 25.0527548], [121.3958994, 25.0525619], [121.3962295, 25.0525185], [121.3963148, 25.0524555], [121.3968632, 25.0520505], [121.3971081, 25.0518576], [121.3973192, 25.0515933], [121.397417, 25.0514861], [121.3978643, 25.0513125], [121.3982005, 25.0512666], [121.3987922, 25.0513585], [121.3992329, 25.051597], [121.3997386, 25.0514379], [121.4001187, 25.0514548], [121.4006495, 25.0513918], [121.4006382, 25.0512489], [121.4002445, 25.0510279], [121.4001167, 25.0508833], [121.4001646, 25.0504876], [121.4001575, 25.0499728], [121.4002633, 25.0496161], [121.4001646, 25.0495373], [121.3999037, 25.0494649], [121.3997372, 25.0493384], [121.399652, 25.0493461], [121.3996268, 25.0495469], [121.3995122, 25.0497554], [121.3989778, 25.0500166], [121.3985855, 25.0506135], [121.3983523, 25.0506095], [121.3982917, 25.050693], [121.3983648, 25.0508349], [121.398552, 25.0508689], [121.3985699, 25.0509673], [121.3981625, 25.0511388], [121.3980347, 25.0511195], [121.3979323, 25.0510228], [121.3974809, 25.0504394], [121.3974543, 25.0503236], [121.3975378, 25.0501524], [121.3979, 25.0498774], [121.3980506, 25.0497785], [121.3983009, 25.0497206], [121.3983209, 25.0494884], [121.3984819, 25.0493009], [121.398685, 25.0488038], [121.3986735, 25.0485932], [121.3984968, 25.0484715], [121.3982749, 25.0485374], [121.3980686, 25.0487298], [121.3972734, 25.0490895], [121.3969267, 25.0494324], [121.3966857, 25.0495739], [121.3966191, 25.0496231], [121.3965949, 25.0496121], [121.396603, 25.0494979], [121.3964975, 25.0493921], [121.3964173, 25.0493421], [121.3958709, 25.0493571], [121.3955192, 25.0495655], [121.3954362, 25.0495247], [121.3953097, 25.049542], [121.3951389, 25.0496307], [121.395157, 25.0497615], [121.3949235, 25.0500054], [121.3946843, 25.0503732], [121.3946549, 25.0503669], [121.3946137, 25.0500634], [121.3945063, 25.0500273], [121.3944216, 25.0500537], [121.3944304, 25.0501662], [121.3944541, 25.0503545], [121.3944224, 25.0504274], [121.3943642, 25.0504341], [121.3940142, 25.0503435], [121.39398, 25.0502555], [121.3943338, 25.0495781], [121.3943312, 25.0494496], [121.3942436, 25.0493822], [121.3940119, 25.0493909], [121.3939422, 25.0493351], [121.3939235, 25.0491602], [121.3939522, 25.0490818], [121.3942458, 25.0490635], [121.3943633, 25.0490141], [121.3944892, 25.0487706], [121.3945031, 25.0482235], [121.3943449, 25.0478605], [121.3943101, 25.0476941], [121.3944134, 25.0474887], [121.3944951, 25.0475123], [121.3947657, 25.0475783], [121.3950349, 25.0477383], [121.3952906, 25.0480034], [121.3958939, 25.0485082], [121.3960184, 25.0485627], [121.3961251, 25.0485313], [121.3962449, 25.0483987], [121.3964505, 25.0483521], [121.3969318, 25.0483745], [121.3970563, 25.0482757], [121.3970777, 25.0481931], [121.39714, 25.0481499], [121.3975874, 25.0481624], [121.398269, 25.048148], [121.3986417, 25.0480901], [121.3993605, 25.0478103], [121.3993963, 25.0477744], [121.3986577, 25.0471639], [121.3981053, 25.0468288], [121.397743, 25.0464929], [121.3976526, 25.0462996], [121.3977098, 25.0462087], [121.3981412, 25.0463968], [121.3982597, 25.0463916], [121.3986146, 25.0461227], [121.3987475, 25.045881], [121.3988947, 25.045785], [121.3990787, 25.045798], [121.3993717, 25.0460013], [121.3995224, 25.0460266], [121.3996273, 25.0459675], [121.3996318, 25.0456359], [121.3996596, 25.0454306], [121.3997827, 25.0452392], [121.3998428, 25.0449736], [121.3998913, 25.0449213], [121.4000677, 25.0449099], [121.4004308, 25.0451233], [121.4007519, 25.0454563], [121.4010647, 25.0455676], [121.4014479, 25.0454224], [121.401926, 25.045475], [121.4022624, 25.0456343], [121.4026791, 25.0457094], [121.4029651, 25.0456853], [121.4030674, 25.0456623], [121.4031007, 25.0455869], [121.4030886, 25.0455359], [121.4030492, 25.0454878], [121.4028803, 25.0453759], [121.402275, 25.0452403], [121.4019031, 25.0451898], [121.4012125, 25.0449675], [121.3999224, 25.044556], [121.3991864, 25.0445395], [121.3988593, 25.0441938], [121.398295, 25.0441404], [121.3981934, 25.0440349], [121.3982068, 25.0439935], [121.3982557, 25.0438986], [121.3984769, 25.0437873], [121.3991773, 25.0436258], [121.3998586, 25.0434448], [121.4003271, 25.0433917], [121.4006078, 25.0433164], [121.4006757, 25.0432345], [121.4004166, 25.0431249], [121.4001126, 25.0430287], [121.3995302, 25.0429216], [121.3992769, 25.0429527], [121.3988823, 25.0431281], [121.3985686, 25.0433494], [121.3980507, 25.0434365], [121.397741, 25.0436834], [121.3974634, 25.0436837], [121.3970442, 25.0435735], [121.3969591, 25.04344], [121.3970581, 25.0432458], [121.3970269, 25.0431846], [121.3969577, 25.0431859], [121.3968294, 25.0431092], [121.3966683, 25.0431233], [121.3963735, 25.0433507], [121.3961182, 25.0436259], [121.395712, 25.0434435], [121.3955687, 25.0434603], [121.3954128, 25.0436136], [121.3951648, 25.0436159], [121.394389, 25.0434549], [121.3942152, 25.0435095], [121.3941086, 25.0436904], [121.3939286, 25.0437787], [121.3937531, 25.0437553], [121.3935603, 25.0435801], [121.393129, 25.043613], [121.3926353, 25.0434105], [121.3923286, 25.0430923], [121.3919814, 25.0427697], [121.3918056, 25.0426702], [121.3916955, 25.042612], [121.3911754, 25.0424734], [121.3910293, 25.0422522], [121.3907833, 25.0421805], [121.3906447, 25.0419933], [121.3906329, 25.041863], [121.3908093, 25.0416996], [121.3908103, 25.0415316], [121.3910241, 25.0414753], [121.3912112, 25.0414847], [121.3921135, 25.041735], [121.3924377, 25.0419839], [121.3926827, 25.0420734], [121.3931602, 25.0420074], [121.3935545, 25.0419581], [121.3936011, 25.0418926], [121.393487, 25.0415915], [121.3935759, 25.0413859], [121.3938243, 25.0412979], [121.3943391, 25.0412142], [121.3943555, 25.0406843], [121.3943295, 25.0401757], [121.3943605, 25.0400674], [121.3952322, 25.0399441], [121.3959355, 25.0395495], [121.3962889, 25.0394459], [121.39708, 25.0392769], [121.3975275, 25.0384751], [121.3988192, 25.0386679], [121.3990658, 25.0385326], [121.3991943, 25.0380911], [121.3992271, 25.0376781], [121.3995809, 25.0374937], [121.399797, 25.037487], [121.4002886, 25.0376384], [121.4006453, 25.0379167], [121.4007834, 25.0379361], [121.4011779, 25.0375985], [121.401261, 25.0374121], [121.4008251, 25.0370391], [121.4007695, 25.03686], [121.4011506, 25.0364948], [121.4011597, 25.0363752], [121.4009868, 25.0362067], [121.400465, 25.0362465], [121.3999946, 25.0361867], [121.3995867, 25.0360318], [121.3995457, 25.0358658], [121.3998829, 25.0354189], [121.3998741, 25.0350397], [121.4000087, 25.0348299], [121.4004203, 25.0346725], [121.4008264, 25.0346347], [121.4011247, 25.034566], [121.401203, 25.0345104], [121.4012001, 25.0344546], [121.401169, 25.034428], [121.401148, 25.034416], [121.4009378, 25.0342726], [121.4008697, 25.0342307], [121.4003988, 25.0342089], [121.3999872, 25.0343354], [121.3994535, 25.0347615], [121.3989577, 25.0347485], [121.3987335, 25.0348355], [121.3985824, 25.0347984], [121.3984878, 25.0342688], [121.3985185, 25.0340307], [121.3985387, 25.0338603], [121.3984597, 25.0336437], [121.3984966, 25.0332438], [121.3983964, 25.0328726], [121.3982357, 25.0325125], [121.398254, 25.0323542], [121.3982935, 25.03225], [121.3985787, 25.0318916], [121.3987648, 25.0315455], [121.398787, 25.0314397], [121.3986596, 25.0313815], [121.3985188, 25.0314295], [121.3983335, 25.0315392], [121.3981612, 25.0314912], [121.3980903, 25.0314423], [121.3979758, 25.0312206], [121.3979827, 25.0311511], [121.3980326, 25.0311263], [121.3983414, 25.0309282], [121.3985031, 25.0307945], [121.3985006, 25.0305216], [121.3982445, 25.0302], [121.3982364, 25.0300797], [121.3989796, 25.029674], [121.3991465, 25.029496], [121.4003437, 25.0290519], [121.4006821, 25.0291372], [121.4009842, 25.0288181], [121.4011777, 25.0285103], [121.4014419, 25.0281945], [121.4014947, 25.0280489], [121.4012054, 25.0276095], [121.4010099, 25.0269996], [121.4011515, 25.0266617], [121.4015399, 25.0261957], [121.4020461, 25.025868], [121.4026335, 25.025724], [121.4032392, 25.0255506], [121.4038704, 25.0251531], [121.4039814, 25.0250223], [121.4039301, 25.0245571], [121.4042899, 25.0240121], [121.4046845, 25.0236572], [121.4057127, 25.0231635], [121.4060332, 25.0228382], [121.40656, 25.02248], [121.4068898, 25.0221369], [121.4071797, 25.0219198], [121.4073888, 25.021758], [121.4082261, 25.0211575], [121.4088192, 25.0207818], [121.4094179, 25.020925], [121.4097494, 25.0210056], [121.4101674, 25.0209398], [121.4104583, 25.0210801], [121.410525, 25.0210791], [121.4106268, 25.0210443], [121.4107208, 25.0209539], [121.4107431, 25.0208695], [121.410702, 25.0207321], [121.4106615, 25.0206708], [121.4106433, 25.0206027], [121.4106398, 25.0205195], [121.4106631, 25.0204301], [121.410729, 25.0202944], [121.4107369, 25.0202661], [121.4107315, 25.0201962], [121.4106739, 25.0200607], [121.4106733, 25.0199396], [121.410702, 25.0198201], [121.4107415, 25.0197698], [121.4108213, 25.0197467], [121.4109008, 25.0197688], [121.4110215, 25.0198365], [121.4111123, 25.0198193], [121.4111634, 25.0197763], [121.4111955, 25.0197314], [121.4111667, 25.0196038], [121.4111148, 25.0195445], [121.4109981, 25.0194379], [121.411103, 25.0193534], [121.4113494, 25.0192729], [121.4118191, 25.0195039], [121.4121931, 25.0195173], [121.4122233, 25.0192844], [121.4121191, 25.0189791], [121.4119652, 25.0186763], [121.4116, 25.01824], [121.4113041, 25.0180956], [121.411009, 25.0180677], [121.4101884, 25.0182091], [121.4098118, 25.0183317], [121.4095226, 25.0183559], [121.4092156, 25.018389], [121.4088297, 25.0182638], [121.4083155, 25.0179633], [121.4069986, 25.0173849], [121.4054355, 25.0170514], [121.4046455, 25.0171495], [121.4043265, 25.0171922], [121.4042289, 25.0172053], [121.4039466, 25.0170858], [121.4031667, 25.0167709], [121.40262, 25.01646], [121.4017139, 25.0158282], [121.40122, 25.01573], [121.4001751, 25.0158006], [121.3996697, 25.0159417], [121.3991105, 25.0160678], [121.3983843, 25.0160736], [121.397531, 25.0161346], [121.3972101, 25.0160935], [121.3968285, 25.0158133], [121.3965117, 25.0154529], [121.396038, 25.0150929], [121.39528, 25.014741], [121.3945517, 25.0146535], [121.3941991, 25.0147297], [121.3939101, 25.0149119], [121.3936027, 25.0151893], [121.39307, 25.01559], [121.3927789, 25.0156636], [121.3925356, 25.0156474], [121.3923586, 25.0154148], [121.3923408, 25.0151168], [121.3924412, 25.0148242], [121.3926534, 25.0144726], [121.3927501, 25.0142295], [121.3924673, 25.0134747], [121.3920959, 25.0125182], [121.3914077, 25.0123142], [121.3912386, 25.012205], [121.3911577, 25.0121285], [121.3912058, 25.0119816], [121.3916242, 25.0117758], [121.3920167, 25.0110659], [121.3924822, 25.0105734], [121.3937178, 25.0097835], [121.394226, 25.0095277], [121.39537, 25.00908], [121.39786, 25.0077208], [121.39911, 25.00738], [121.3993911, 25.0070911], [121.3996321, 25.0066905], [121.3995877, 25.0061884], [121.3995756, 25.0060522], [121.3996952, 25.0059622], [121.3999462, 25.0057734], [121.4003222, 25.0054906], [121.40025, 25.00531], [121.40012, 25.00488], [121.40013, 25.00449], [121.4002669, 25.004305], [121.4009612, 25.0032295], [121.4020322, 25.0025942], [121.4021254, 25.0023999], [121.4020276, 25.0020133], [121.4018011, 25.0015397], [121.4019322, 25.0010464], [121.4027256, 25.0008197], [121.4031356, 25.0004397], [121.40337, 25.00017], [121.4033966, 24.9998642], [121.4031544, 24.9991468], [121.402809, 24.998783], [121.4026598, 24.9988463], [121.4025289, 24.9989731], [121.4022834, 24.999097], [121.4017378, 24.9991959], [121.40143, 24.99922], [121.4003444, 24.9984523], [121.3999733, 24.9983337], [121.399311, 24.9983595], [121.3989143, 24.9983425], [121.398622, 24.9983123], [121.39806, 24.99781], [121.39698, 24.9973], [121.39664, 24.99704], [121.3965, 24.99675], [121.3965601, 24.9961585], [121.3964961, 24.9957423], [121.395608, 24.9949831], [121.3955584, 24.9949371], [121.3951741, 24.9945808], [121.3947221, 24.9939906], [121.3942001, 24.99345], [121.3940083, 24.9933913], [121.3932947, 24.9933504], [121.3924833, 24.9935446], [121.3921308, 24.9935393], [121.3915796, 24.9934519], [121.3907978, 24.9932186], [121.390655, 24.993231], [121.3904923, 24.9932573], [121.3902561, 24.9934994], [121.3900745, 24.9937371], [121.3899646, 24.9940447], [121.3899618, 24.9944933], [121.3899017, 24.9946354], [121.3893194, 24.9949673], [121.3890526, 24.9952777], [121.3888733, 24.9953879], [121.3884714, 24.9956388], [121.388217, 24.9961456], [121.3880032, 24.9964032], [121.3878087, 24.9964092], [121.3876027, 24.9963811], [121.3871377, 24.9960747], [121.3869688, 24.9960032], [121.3860467, 24.9959413], [121.3855783, 24.9957696], [121.385073, 24.9956253], [121.3848217, 24.9956003], [121.3843192, 24.9957148], [121.3841961, 24.9957072], [121.3840694, 24.9956409], [121.3839538, 24.9954522], [121.3839394, 24.9954312], [121.38377, 24.99513], [121.3836, 24.9945423], [121.38357, 24.99347], [121.3836642, 24.9928251], [121.3839169, 24.9923804], [121.3841629, 24.9920678], [121.3843193, 24.9917547], [121.3841349, 24.9911064], [121.3840127, 24.9905216], [121.3837432, 24.9900955], [121.3836495, 24.9898174], [121.3836844, 24.9890808], [121.3835943, 24.9888004], [121.3834166, 24.9886414], [121.383508, 24.9883862], [121.3836912, 24.9880819], [121.3841977, 24.9877088], [121.3845526, 24.9875184], [121.3847411, 24.9873704], [121.3849394, 24.9871099], [121.385204, 24.9868834], [121.385404, 24.9867779], [121.3855759, 24.9865371], [121.3855836, 24.9864147], [121.3855668, 24.9862405], [121.3854757, 24.9860696], [121.3853833, 24.9859624], [121.3852874, 24.9858745], [121.3851745, 24.9857854], [121.3845736, 24.9856689], [121.3842789, 24.9854809], [121.3842234, 24.9854336], [121.3835965, 24.985007], [121.3832939, 24.9848126], [121.3830323, 24.9846298], [121.3828913, 24.9844885], [121.3828131, 24.9844028], [121.3827196, 24.9842583], [121.3825543, 24.9841018], [121.3824223, 24.9840131], [121.3823508, 24.9839713], [121.3822317, 24.9839256], [121.3821244, 24.9839069], [121.3819294, 24.9839356], [121.3817768, 24.9839872], [121.3813634, 24.984189], [121.3810627, 24.9842853], [121.3809503, 24.9842905], [121.3808641, 24.9842746], [121.3807669, 24.9842388], [121.3806313, 24.984133], [121.3803167, 24.983935], [121.3799983, 24.9837935], [121.3797534, 24.9837411], [121.3795948, 24.9836935], [121.3794453, 24.9836262], [121.3793266, 24.9835668], [121.3791772, 24.9834755], [121.3790716, 24.9833963], [121.37873, 24.9831866], [121.3785928, 24.9830227], [121.3781318, 24.9825898], [121.3779018, 24.9823218], [121.3777856, 24.9822291], [121.3777119, 24.9821207], [121.377489, 24.9819187], [121.3773483, 24.9817941], [121.3772789, 24.9817448], [121.3772349, 24.98169], [121.3770337, 24.9815179], [121.3768117, 24.9813023], [121.376727, 24.981251], [121.3765981, 24.9811867], [121.3764692, 24.9811424], [121.3762846, 24.9811162], [121.3760997, 24.9811015], [121.3759456, 24.9810978], [121.3757962, 24.9811477], [121.3757181, 24.9811726], [121.3755824, 24.9811664], [121.3754524, 24.9811357], [121.3753485, 24.9810822], [121.3752282, 24.9809984], [121.3751524, 24.9809527], [121.3750689, 24.9808926], [121.3748121, 24.9806911], [121.3746811, 24.9806142], [121.3745795, 24.9805677], [121.3744454, 24.9805111], [121.3742981, 24.9804587], [121.3741573, 24.9804239], [121.3740741, 24.9803992], [121.3739897, 24.9803696], [121.3739267, 24.9803478], [121.3738279, 24.9803186], [121.3736544, 24.9802551], [121.3735126, 24.9802212], [121.3733975, 24.9801892], [121.3732987, 24.9801619], [121.3730067, 24.9800871], [121.3728121, 24.980048], [121.3726795, 24.9800007], [121.3724793, 24.9799626], [121.3724016, 24.9799449], [121.3723261, 24.9798639], [121.3722297, 24.9797909], [121.372051, 24.9795567], [121.3719945, 24.9794398], [121.3719602, 24.9793641], [121.3718812, 24.9792569], [121.3718381, 24.9791572], [121.3717774, 24.979069], [121.3717034, 24.9789712], [121.3716084, 24.9788684], [121.3715305, 24.9787449], [121.3714638, 24.9786217], [121.3713908, 24.9785177], [121.3713257, 24.9784442], [121.3712306, 24.9782927], [121.3711158, 24.9781702], [121.371049, 24.978103], [121.3709504, 24.978053], [121.3708914, 24.9780172], [121.3708313, 24.9779529], [121.3707476, 24.9778957], [121.370624, 24.9778223], [121.3705729, 24.9777676], [121.3705198, 24.9777258], [121.3704626, 24.9776765], [121.3703504, 24.9776024], [121.3702457, 24.9775133], [121.3702061, 24.9774642], [121.3701447, 24.9773989], [121.3700767, 24.9773385], [121.369954, 24.9772536], [121.3698745, 24.9772052], [121.3697761, 24.9771369], [121.3696767, 24.9770431], [121.3695476, 24.9770043], [121.3694626, 24.9769542], [121.3693618, 24.9768989], [121.3692582, 24.9768695], [121.3691331, 24.9768237], [121.3690392, 24.9768005], [121.3689142, 24.9768031], [121.3687838, 24.9768159], [121.3687287, 24.9768844], [121.3686435, 24.9770634], [121.3686066, 24.9771013], [121.368517, 24.9771705], [121.3683913, 24.9772673], [121.3681884, 24.9773691], [121.3679312, 24.9774356], [121.3675743, 24.9774613], [121.3674295, 24.9775022], [121.3673502, 24.9775399], [121.3671325, 24.9776947], [121.3670241, 24.9777796], [121.3668576, 24.977918], [121.3666877, 24.9780602], [121.366623, 24.9781428], [121.3664494, 24.978272], [121.36617, 24.97846], [121.3660778, 24.9785117], [121.3659034, 24.978594], [121.3657601, 24.9786084], [121.3656191, 24.9786041], [121.3655445, 24.9785903], [121.3654376, 24.9785562], [121.3653436, 24.9785417], [121.3651035, 24.9785502], [121.3649865, 24.9785796], [121.3647603, 24.978673], [121.3646167, 24.9787659], [121.3645342, 24.9788427], [121.3644376, 24.9789723], [121.3642761, 24.9792153], [121.3641491, 24.9793818], [121.3640119, 24.9795245], [121.3639092, 24.9795859], [121.3638356, 24.9795845], [121.3637117, 24.9795887], [121.3636378, 24.979579], [121.3635028, 24.9795522], [121.3633264, 24.9795044], [121.3632476, 24.9794957], [121.3631648, 24.9794645], [121.3630942, 24.979472], [121.3629468, 24.9794048], [121.3628493, 24.9793735], [121.3628198, 24.9793452], [121.3627356, 24.9793052], [121.3626862, 24.9792793], [121.3625933, 24.9792212], [121.3625295, 24.9791616], [121.3624629, 24.9791195], [121.3623875, 24.9790552], [121.3622856, 24.9789992], [121.3620948, 24.9789466], [121.3619808, 24.9789333], [121.3616918, 24.9788674], [121.3614964, 24.9788421], [121.3614162, 24.9788206], [121.3613666, 24.9787866], [121.3613422, 24.9787129], [121.3613176, 24.9785929], [121.3613122, 24.9783307], [121.3613241, 24.9782445], [121.361288, 24.9778761], [121.3612233, 24.9778083], [121.3611572, 24.9778016], [121.3610343, 24.9778128], [121.3608883, 24.9778163], [121.3607242, 24.9778409], [121.3606019, 24.9778439], [121.3604879, 24.9778641], [121.3603228, 24.9778792], [121.3602567, 24.9778864], [121.360172, 24.9778844], [121.3599439, 24.9779223], [121.3598731, 24.9779394], [121.3598179, 24.9779716], [121.3597225, 24.9780116], [121.3594827, 24.9781266], [121.3593096, 24.9781762], [121.359227, 24.9781959], [121.3590903, 24.9782028], [121.3589068, 24.9781967], [121.3587031, 24.9782125], [121.3585431, 24.9782052], [121.3584656, 24.9782076], [121.3582325, 24.978166], [121.3581842, 24.9781274], [121.3580955, 24.9780083], [121.3579416, 24.9778945], [121.3578668, 24.9778577], [121.3577491, 24.9778241], [121.3576118, 24.9778197], [121.3574975, 24.9778136], [121.3573617, 24.9777961], [121.3571805, 24.9777862], [121.3570029, 24.9777627], [121.3569116, 24.977769], [121.3565496, 24.9777432], [121.356375, 24.9777478], [121.3562248, 24.9777654], [121.3560506, 24.977771], [121.3559657, 24.9777814], [121.3558562, 24.9777985], [121.3556998, 24.9778174], [121.355424, 24.977832], [121.3552517, 24.9778461], [121.3550752, 24.9778352], [121.354911, 24.9778178], [121.3546984, 24.9778121], [121.3544888, 24.9777943], [121.3542053, 24.9777851], [121.3540917, 24.9778002], [121.3539717, 24.977842], [121.3535934, 24.9781814], [121.3535065, 24.9782825], [121.3533456, 24.9785205], [121.353332, 24.9786388], [121.353344, 24.978934], [121.3533718, 24.9792018], [121.353343, 24.9792987], [121.3532706, 24.979466], [121.3532232, 24.979599], [121.3532006, 24.9797477], [121.3531626, 24.9798695], [121.3531495, 24.9799594], [121.3531078, 24.9800971], [121.3530678, 24.9801929], [121.3529792, 24.9803286], [121.3529077, 24.9804072], [121.3528389, 24.9805013], [121.3526351, 24.9806876], [121.3525051, 24.9807594], [121.3524311, 24.980812], [121.3523489, 24.9808511], [121.3520094, 24.9807749], [121.3492909, 24.9797964], [121.3487853, 24.9797478], [121.3482281, 24.9796092], [121.3476745, 24.9790117], [121.3472002, 24.9787892], [121.3462495, 24.9792895], [121.3455027, 24.9797733], [121.3445029, 24.9804769], [121.3442117, 24.9807894], [121.3439053, 24.9812269], [121.3432771, 24.9818658], [121.3426825, 24.982312], [121.3425707, 24.982266], [121.3423023, 24.9814407], [121.3421313, 24.9810587], [121.3419146, 24.9808111], [121.3414753, 24.9806147], [121.3411128, 24.9802482], [121.3402354, 24.9800979], [121.3399664, 24.9801144], [121.3395913, 24.9803958], [121.3393026, 24.9805799], [121.3389104, 24.980707], [121.3385303, 24.980648], [121.3380908, 24.9804266], [121.3377299, 24.9806082], [121.3374084, 24.9804909], [121.3369668, 24.980686], [121.3367293, 24.9806624], [121.3364645, 24.9805056], [121.336197, 24.9801696], [121.3361219, 24.980048], [121.3359245, 24.9799031], [121.3353542, 24.9798569], [121.3346892, 24.9797717], [121.3346359, 24.9796663], [121.3346901, 24.9791796], [121.3345966, 24.9790536], [121.3344258, 24.9789772], [121.3338862, 24.9787292], [121.3336072, 24.9787465], [121.33329, 24.97883], [121.3327138, 24.9787521], [121.3320574, 24.9786065], [121.3315659, 24.9785999], [121.3312762, 24.9789768], [121.3310262, 24.9792803], [121.3308936, 24.9793445], [121.33085, 24.979355], [121.3308223, 24.979355], [121.3307751, 24.9793591], [121.3302623, 24.9792499], [121.3297966, 24.9790579]]], [[[121.2741863, 24.9927657], [121.2743228, 24.9918664], [121.2746274, 24.9908824], [121.2748616, 24.9903243], [121.274883, 24.9901885], [121.2748566, 24.9900803], [121.2747234, 24.9898603], [121.2745531, 24.9896756], [121.2745088, 24.9896124], [121.2742259, 24.9887416], [121.2740622, 24.9882364], [121.2738575, 24.9882182], [121.2737766, 24.9883321], [121.2735991, 24.9885991], [121.2733972, 24.9888146], [121.2734249, 24.9890955], [121.2734253, 24.989234], [121.2733848, 24.9893785], [121.2732982, 24.9895043], [121.2730345, 24.9896472], [121.2729481, 24.9897549], [121.272944, 24.9898669], [121.2730191, 24.9899981], [121.2731061, 24.9901751], [121.2731354, 24.9903432], [121.2730886, 24.990394], [121.2730067, 24.9904335], [121.2728795, 24.9904579], [121.2724502, 24.9903988], [121.2723121, 24.9903757], [121.2722491, 24.9903782], [121.2722268, 24.9903938], [121.2721914, 24.9904487], [121.2721552, 24.9905483], [121.2721216, 24.9905858], [121.2720707, 24.9906067], [121.2718548, 24.9906358], [121.2713794, 24.9907112], [121.2712432, 24.9907136], [121.2712271, 24.9906977], [121.2712358, 24.9906536], [121.2713546, 24.990541], [121.2714337, 24.9904888], [121.2714652, 24.9904499], [121.2714625, 24.9904377], [121.271415, 24.9904349], [121.2710918, 24.9905133], [121.2709023, 24.9904806], [121.2706313, 24.9903695], [121.2701887, 24.9901435], [121.2697446, 24.9898965], [121.2695391, 24.98973], [121.2692631, 24.9896083], [121.2686774, 24.9893413], [121.2684568, 24.9892217], [121.2683511, 24.9889996], [121.2683029, 24.9891086], [121.2682207, 24.989396], [121.2681502, 24.989758], [121.2680781, 24.9899175], [121.267933, 24.9899389], [121.2676334, 24.9898697], [121.2672693, 24.9897952], [121.2672486, 24.9896874], [121.2657879, 24.9894915], [121.2652759, 24.9894915], [121.2647526, 24.9896053], [121.2645591, 24.9897191], [121.2642178, 24.989537], [121.2639903, 24.989355], [121.2624885, 24.9884562], [121.2614873, 24.9878987], [121.2605315, 24.9873071], [121.2599627, 24.9869999], [121.2598082, 24.9870714], [121.2597726, 24.9866174], [121.2596228, 24.9863384], [121.2596346, 24.9861942], [121.2597689, 24.9857749], [121.2598735, 24.9854963], [121.2600942, 24.9850715], [121.2602632, 24.9848187], [121.2603856, 24.9846596], [121.2603587, 24.9844721], [121.2603393, 24.9843821], [121.2603774, 24.9843513], [121.2605304, 24.9840617], [121.2605984, 24.9838263], [121.2606303, 24.9836236], [121.2608201, 24.9834217], [121.2609183, 24.9833001], [121.2609455, 24.9830076], [121.2610101, 24.9828581], [121.2611159, 24.98272], [121.2615751, 24.9823003], [121.2616554, 24.9821277], [121.2618936, 24.9810043], [121.2619406, 24.9806456], [121.2620036, 24.9801646], [121.2622371, 24.9787674], [121.2625079, 24.9773387], [121.262645, 24.9770965], [121.2629874, 24.9762298], [121.2632694, 24.9757351], [121.2636035, 24.9756122], [121.2636813, 24.9754841], [121.2636392, 24.9750273], [121.2637545, 24.9744493], [121.2639082, 24.9742368], [121.2639999, 24.9741014], [121.2640656, 24.9738356], [121.2638812, 24.9736133], [121.2636365, 24.9733898], [121.263621, 24.9733423], [121.2636371, 24.9732607], [121.2638185, 24.9732678], [121.2639453, 24.9732954], [121.2640113, 24.973346], [121.2642091, 24.9734733], [121.2649801, 24.9736135], [121.2651036, 24.9736768], [121.2650768, 24.9738005], [121.2650099, 24.9741008], [121.2650869, 24.9743207], [121.2652521, 24.9744588], [121.2654459, 24.9745272], [121.2656726, 24.9747656], [121.2663384, 24.9752124], [121.2668118, 24.9754431], [121.2669217, 24.975656], [121.2672098, 24.9759551], [121.2674947, 24.976084], [121.2682471, 24.9765536], [121.2692132, 24.977057], [121.2696717, 24.9773724], [121.2699273, 24.9775131], [121.269776, 24.9778221], [121.2703873, 24.9780636], [121.2708303, 24.978276], [121.2709951, 24.9781332], [121.2721244, 24.9788007], [121.2744512, 24.9804297], [121.2747442, 24.9806612], [121.2745913, 24.9807655], [121.2747548, 24.9809194], [121.2748598, 24.9811852], [121.2754602, 24.9818382], [121.2756146, 24.9821443], [121.2756819, 24.982482], [121.2758214, 24.9826225], [121.2764287, 24.9832047], [121.2768576, 24.9835481], [121.2771571, 24.9838095], [121.2772797, 24.9839071], [121.2774003, 24.9840032], [121.2775016, 24.9840838], [121.2776367, 24.9841914], [121.2781392, 24.9847127], [121.2785048, 24.9849304], [121.2790237, 24.9853589], [121.2795852, 24.9857281], [121.2799242, 24.9859051], [121.2800705, 24.9859152], [121.2804953, 24.9860043], [121.2808749, 24.98603], [121.2807262, 24.9861159], [121.2808938, 24.9863279], [121.2809751, 24.9862971], [121.2810524, 24.9863403], [121.2812367, 24.9861743], [121.281566, 24.9864779], [121.2819942, 24.9867172], [121.2822534, 24.9868586], [121.282674, 24.9870489], [121.2828048, 24.9868066], [121.2830392, 24.9864161], [121.2832975, 24.9860224], [121.2833038, 24.9858776], [121.283353, 24.9856088], [121.2832539, 24.9851924], [121.2831044, 24.9850244], [121.2829537, 24.9849008], [121.2829098, 24.984659], [121.2828032, 24.9844391], [121.2826775, 24.9842918], [121.2825004, 24.9841211], [121.2820968, 24.9839506], [121.2819737, 24.9838831], [121.2819586, 24.9837642], [121.2819953, 24.9835334], [121.282267, 24.9832426], [121.2823819, 24.9831339], [121.2824935, 24.9829351], [121.2825436, 24.9827038], [121.2825763, 24.9822095], [121.2825081, 24.9818879], [121.2825263, 24.981609], [121.2825315, 24.9814674], [121.2824454, 24.9812266], [121.2820493, 24.9807985], [121.2818085, 24.9805327], [121.2816501, 24.9803045], [121.2815435, 24.9800625], [121.2814734, 24.9797908], [121.2814807, 24.9796199], [121.2815763, 24.9794583], [121.2818327, 24.979237], [121.2821144, 24.9789732], [121.2822438, 24.9787898], [121.2823444, 24.978503], [121.2823084, 24.9781617], [121.2822123, 24.9780607], [121.2820486, 24.9778063], [121.281821, 24.9775122], [121.2817799, 24.9773898], [121.2817179, 24.9772098], [121.2816652, 24.9765866], [121.2814569, 24.9763091], [121.2814099, 24.9762027], [121.2813335, 24.9761228], [121.281175, 24.9758513], [121.2810881, 24.9755903], [121.2810399, 24.9752551], [121.2811235, 24.9750047], [121.2814275, 24.9742862], [121.2817226, 24.9738079], [121.2827082, 24.9728386], [121.2831241, 24.9720685], [121.2836297, 24.9714754], [121.2839175, 24.9708356], [121.2840979, 24.9701806], [121.2841633, 24.9701171], [121.2842781, 24.9700997], [121.284433, 24.9700987], [121.2846638, 24.9701171], [121.2848744, 24.9701188], [121.2850258, 24.9701305], [121.2852419, 24.9701339], [121.2853878, 24.9701473], [121.2855836, 24.9701506], [121.2857129, 24.9701473], [121.2859327, 24.9701657], [121.2863002, 24.970226], [121.2864186, 24.970259], [121.2866714, 24.9703381], [121.2867915, 24.9703884], [121.2868506, 24.9704185], [121.287002, 24.9704771], [121.2871243, 24.9705125], [121.2871886, 24.9705508], [121.2872643, 24.9706043], [121.2872938, 24.9706043], [121.2873086, 24.9705826], [121.2873105, 24.9705524], [121.2873123, 24.9704302], [121.2873161, 24.9703267], [121.2873471, 24.9701545], [121.2876868, 24.969141], [121.2877272, 24.968869], [121.2877196, 24.9685444], [121.2877344, 24.968071], [121.2878532, 24.9677325], [121.2880357, 24.9672092], [121.2881116, 24.9668388], [121.2882012, 24.966182], [121.2883869, 24.9654371], [121.2885025, 24.9650201], [121.2886429, 24.9648687], [121.2888081, 24.9647854], [121.2891962, 24.9646603], [121.2894659, 24.9645161], [121.2896696, 24.9643007], [121.2899452, 24.9639457], [121.2904391, 24.9632379], [121.290599, 24.9630964], [121.2907984, 24.9630079], [121.2910318, 24.9629117], [121.291104, 24.962804], [121.2911761, 24.9624385], [121.2912721, 24.9619882], [121.2912873, 24.9619735], [121.2913421, 24.9619224], [121.2921568, 24.9619129], [121.2926578, 24.9618198], [121.293835, 24.9616021], [121.2938365, 24.9616107], [121.293999, 24.9615671], [121.2941717, 24.9615094], [121.2943195, 24.9614541], [121.294554, 24.9613704], [121.2947387, 24.9613135], [121.2948717, 24.9612582], [121.2949567, 24.9612314], [121.2950877, 24.9611735], [121.2951229, 24.9611677], [121.295182, 24.9612137], [121.2953587, 24.9614583], [121.2954165, 24.9615474], [121.2954006, 24.9616441], [121.2954006, 24.961773], [121.2953442, 24.9620575], [121.295346, 24.9621955], [121.2953349, 24.9623735], [121.2953094, 24.9625049], [121.2953228, 24.9628818], [121.295309, 24.9631894], [121.2953737, 24.9631931], [121.2954314, 24.9632137], [121.2955306, 24.9632137], [121.295587, 24.9633219], [121.2956174, 24.9633445], [121.2956674, 24.9633414], [121.2957358, 24.963294], [121.2958914, 24.963249], [121.2959428, 24.9632391], [121.2959716, 24.9632652], [121.2960443, 24.9634083], [121.2960684, 24.9634861], [121.2960532, 24.9636161], [121.2958817, 24.9637924], [121.2957456, 24.9638563], [121.2955756, 24.9638929], [121.2955158, 24.9638931], [121.2954488, 24.9639101], [121.2953751, 24.9639297], [121.2953463, 24.9639678], [121.2953529, 24.9640229], [121.2953327, 24.9640886], [121.2953339, 24.9641511], [121.2953051, 24.9642011], [121.2953067, 24.9642385], [121.2953132, 24.9643869], [121.2953317, 24.9643827], [121.2953279, 24.96443], [121.2952608, 24.9652617], [121.2951821, 24.9653853], [121.2950249, 24.9654821], [121.2949445, 24.9658214], [121.2948308, 24.966254], [121.2947949, 24.9663188], [121.2945689, 24.9666625], [121.294315, 24.966966], [121.2938981, 24.967415], [121.2936727, 24.9676202], [121.2936764, 24.9677232], [121.2937161, 24.9678768], [121.2937243, 24.9687123], [121.2939402, 24.9687195], [121.294106, 24.9688129], [121.2941174, 24.9690346], [121.2942359, 24.9694101], [121.2943094, 24.969466], [121.2944689, 24.9700996], [121.2947353, 24.9706048], [121.2949019, 24.9709412], [121.2948764, 24.9716162], [121.2949312, 24.9717813], [121.2951268, 24.9720061], [121.2950174, 24.9722113], [121.2950088, 24.9723748], [121.2949959, 24.9726156], [121.2951077, 24.9727145], [121.2950862, 24.9728521], [121.2949787, 24.9729596], [121.2949529, 24.973123], [121.2949701, 24.9732606], [121.295069, 24.9732993], [121.2955178, 24.9736824], [121.2956148, 24.9745608], [121.2955517, 24.9747995], [121.2955826, 24.975163], [121.2957188, 24.9754336], [121.296022, 24.9759273], [121.2962407, 24.9763002], [121.2963422, 24.9764791], [121.2965428, 24.9766214], [121.2970811, 24.9764039], [121.297059, 24.9763312], [121.2974443, 24.9762267], [121.2975474, 24.9763066], [121.297641, 24.9764591], [121.2977601, 24.9765978], [121.2979487, 24.9766284], [121.2983838, 24.9764707], [121.2992142, 24.9762502], [121.2995431, 24.9762089], [121.2998353, 24.9771696], [121.3000629, 24.9777704], [121.300136, 24.9778714], [121.3002942, 24.9781681], [121.3005745, 24.9791615], [121.301698, 24.9788074], [121.3020332, 24.9790671], [121.3024623, 24.9787357], [121.3028941, 24.9785739], [121.3034721, 24.9785084], [121.3038547, 24.9783808], [121.303511, 24.977791], [121.3031571, 24.9771848], [121.3028842, 24.9767161], [121.3026784, 24.9763573], [121.3025693, 24.9761722], [121.3025047, 24.9760113], [121.3024933, 24.9758489], [121.3024611, 24.9756745], [121.302411, 24.9753568], [121.3023744, 24.9752249], [121.3023808, 24.9748499], [121.3023717, 24.9746776], [121.3023984, 24.9743384], [121.3028693, 24.9743453], [121.303382, 24.9742409], [121.3034185, 24.9741371], [121.3039162, 24.9739287], [121.3043389, 24.9736346], [121.3046294, 24.9733546], [121.3050292, 24.9730847], [121.3052462, 24.9729645], [121.305445, 24.9730044], [121.3055984, 24.9732329], [121.3058863, 24.9735312], [121.306109, 24.9737956], [121.3068919, 24.9737053], [121.3071721, 24.9736376], [121.307626, 24.9728153], [121.3077276, 24.9727942], [121.3077833, 24.9730521], [121.3078733, 24.9732437], [121.3078958, 24.9735073], [121.3081298, 24.9734385], [121.3080432, 24.9735938], [121.3087189, 24.9746243], [121.309235, 24.9754879], [121.309332, 24.9754521], [121.3098195, 24.9753198], [121.3102937, 24.9751815], [121.3105549, 24.9751064], [121.3107936, 24.9750444], [121.3107402, 24.9748713], [121.3106644, 24.9745944], [121.3105548, 24.9742743], [121.310458, 24.9739562], [121.3105256, 24.9736821], [121.3104582, 24.9734599], [121.3103599, 24.9730064], [121.3104339, 24.9727465], [121.3109497, 24.9725043], [121.3112686, 24.9723404], [121.3114644, 24.972235], [121.3117959, 24.9719135], [121.3119673, 24.9721688], [121.3121413, 24.9723539], [121.3124394, 24.9725846], [121.3126598, 24.9727002], [121.3131741, 24.9723195], [121.3134501, 24.9720045], [121.3135301, 24.9720441], [121.31373, 24.9720324], [121.3138722, 24.9719532], [121.3140798, 24.9718376], [121.3142843, 24.971656], [121.3144124, 24.9714952], [121.314246, 24.971194], [121.3142895, 24.9710336], [121.3144638, 24.9709289], [121.3147152, 24.9711543], [121.3148388, 24.9712597], [121.315057, 24.971932], [121.3151105, 24.9720141], [121.3157685, 24.9719062], [121.3161838, 24.9718455], [121.3164309, 24.9717853], [121.3168863, 24.9717065], [121.3172399, 24.9716639], [121.3172966, 24.971526], [121.3172442, 24.9712795], [121.3171663, 24.9709135], [121.3172123, 24.9708454], [121.3173051, 24.970825], [121.3175082, 24.9708902], [121.3176635, 24.9709305], [121.3177832, 24.9709774], [121.3179448, 24.9709926], [121.318032, 24.9709627], [121.3181406, 24.9708762], [121.3182733, 24.9706527], [121.31832, 24.9706468], [121.3184028, 24.9709298], [121.3184568, 24.9710487], [121.3184722, 24.97134], [121.3185699, 24.9715334], [121.3186007, 24.9718597], [121.3184259, 24.9722185], [121.3184481, 24.9722933], [121.318706, 24.9725454], [121.3187945, 24.9725694], [121.3190886, 24.9724794], [121.3191378, 24.9724428], [121.3193423, 24.9722824], [121.3199232, 24.9718174], [121.3203612, 24.9713271], [121.320383, 24.9711885], [121.3201547, 24.9709377], [121.3202103, 24.9706853], [121.3201405, 24.9703333], [121.3202421, 24.9701884], [121.3203043, 24.9700832], [121.3204465, 24.9700653], [121.3206168, 24.9701114], [121.3204845, 24.9704041], [121.3205428, 24.9705647], [121.3210734, 24.970808], [121.3216195, 24.970882], [121.321843, 24.9710015], [121.3221037, 24.9709763], [121.3224437, 24.9708794], [121.3226533, 24.9707173], [121.3232858, 24.9703508], [121.3233304, 24.9703881], [121.3233178, 24.9708576], [121.3239611, 24.9709446], [121.3239743, 24.9710242], [121.3240297, 24.9711195], [121.3239888, 24.9711911], [121.3240283, 24.9712328], [121.3240161, 24.9712982], [121.3239697, 24.9714099], [121.3239579, 24.971491], [121.3238847, 24.971463], [121.3238002, 24.9714453], [121.3236951, 24.9717495], [121.3236357, 24.9719922], [121.3237215, 24.9720276], [121.3238008, 24.9720692], [121.323802, 24.9721536], [121.323795, 24.9722344], [121.3237583, 24.9722958], [121.3237319, 24.9723786], [121.3237066, 24.9724932], [121.3236732, 24.9726457], [121.3236641, 24.9727327], [121.3236735, 24.972828], [121.3238901, 24.9729468], [121.3243848, 24.973188], [121.3251631, 24.9734952], [121.3275796, 24.9748564], [121.3276188, 24.9749017], [121.3274021, 24.9751865], [121.3273704, 24.9753209], [121.3274255, 24.9754699], [121.3275673, 24.9755941], [121.327861, 24.9758495], [121.328587, 24.9762661], [121.3285482, 24.9763863], [121.3280254, 24.9769028], [121.327745, 24.9771771], [121.3273721, 24.9773693], [121.3271842, 24.9775526], [121.3270766, 24.9778499], [121.3270785, 24.9780508], [121.327213, 24.9783043], [121.3273639, 24.9784298], [121.3279024, 24.9786211], [121.3280495, 24.9785255], [121.3282863, 24.9785488], [121.3284019, 24.978409], [121.3285173, 24.9783949], [121.3290726, 24.9787073], [121.3297966, 24.9790579], [121.3272751, 24.9823724], [121.3254997, 24.9813362], [121.3235845, 24.9839719], [121.3219063, 24.9862715], [121.3218654, 24.9863533], [121.3212916, 24.9871136], [121.3211989, 24.987417], [121.3211148, 24.9875689], [121.321093, 24.9877028], [121.3211627, 24.9877887], [121.3212343, 24.9878499], [121.3216306, 24.9879883], [121.321725, 24.988019], [121.3218611, 24.9880348], [121.3219486, 24.9881107], [121.3219441, 24.9881818], [121.3216778, 24.9884105], [121.3215841, 24.9884543], [121.3215437, 24.988522], [121.3217474, 24.9886976], [121.3218911, 24.9888192], [121.3220842, 24.9891122], [121.3221797, 24.9892793], [121.3221742, 24.9893483], [121.3221073, 24.9894957], [121.3219882, 24.9896893], [121.3216681, 24.9902067], [121.321608, 24.9903599], [121.3213985, 24.9908437], [121.3214526, 24.9909949], [121.321981, 24.9911894], [121.322213, 24.9912986], [121.3226814, 24.9918359], [121.3226229, 24.9919557], [121.322765, 24.9920022], [121.3230181, 24.9921214], [121.32339, 24.9922502], [121.3228106, 24.9935376], [121.3228127, 24.9936212], [121.3228583, 24.9937233], [121.3230276, 24.9938672], [121.3231963, 24.9941074], [121.3233151, 24.9943747], [121.3234323, 24.9947541], [121.3235182, 24.995267], [121.3235926, 24.9953546], [121.323838, 24.9954765], [121.3242294, 24.9955713], [121.324704, 24.9956591], [121.3253386, 24.9957613], [121.3257524, 24.995797], [121.3259912, 24.9958128], [121.3262098, 24.9958565], [121.3263957, 24.9959141], [121.3268485, 24.9961257], [121.3269361, 24.9962126], [121.3273411, 24.9967393], [121.3277833, 24.9973389], [121.3278782, 24.9975496], [121.3281527, 24.9978128], [121.3285634, 24.9978934], [121.3289269, 24.9980052], [121.3289389, 24.9983074], [121.3290328, 24.9985099], [121.3291722, 24.9989767], [121.3293089, 24.9993376], [121.3294926, 24.9997878], [121.3296265, 24.999921], [121.3297516, 24.9999952], [121.3298911, 25.0000851], [121.3299663, 25.0002186], [121.3300762, 25.0003841], [121.330103, 25.0004984], [121.330101, 25.0007084], [121.3300661, 25.0008244], [121.3300533, 25.000972], [121.3300937, 25.0012197], [121.3302129, 25.0014859], [121.33026, 25.0016075], [121.3303172, 25.0017797], [121.3303933, 25.0019117], [121.3304745, 25.0020055], [121.3306639, 25.0021504], [121.3307346, 25.0022207], [121.3307856, 25.00229], [121.3312013, 25.0027367], [121.3312788, 25.0032913], [121.3313454, 25.0037233], [121.3314129, 25.003861], [121.3315004, 25.0041325], [121.3316391, 25.0043281], [121.3320583, 25.0046479], [121.3321923, 25.004802], [121.3322327, 25.0048861], [121.3322192, 25.0050781], [121.3321441, 25.0052677], [121.3320311, 25.005408], [121.3320315, 25.0054816], [121.3317279, 25.0056321], [121.3314897, 25.0056664], [121.3314233, 25.0057211], [121.3314468, 25.0058641], [121.3314866, 25.0062777], [121.3313556, 25.0067262], [121.3312858, 25.0072464], [121.3312479, 25.0078599], [121.3313782, 25.0083907], [121.3314112, 25.0085055], [121.3314146, 25.0085967], [121.3314504, 25.0087912], [121.3314554, 25.0091153], [121.3314694, 25.0093741], [121.3315245, 25.0095191], [121.3315594, 25.0096091], [121.3315943, 25.0096966], [121.3316971, 25.0098242], [121.3319752, 25.0101284], [121.332184, 25.0102889], [121.3323898, 25.0104429], [121.332407, 25.010523], [121.3323861, 25.0106167], [121.3322764, 25.0107237], [121.3321049, 25.0108799], [121.3319692, 25.0110339], [121.3318404, 25.0112448], [121.3317999, 25.0114241], [121.3317311, 25.0115415], [121.3316333, 25.0116545], [121.3315143, 25.0117483], [121.3313147, 25.0118992], [121.3310899, 25.0120492], [121.3308595, 25.012168], [121.3306182, 25.0123527], [121.330371, 25.012664], [121.3301416, 25.0128283], [121.3298945, 25.0129661], [121.3297343, 25.0130772], [121.3296844, 25.0131639], [121.3295889, 25.0132919], [121.329581, 25.0135711], [121.3296203, 25.0136909], [121.3297001, 25.0140995], [121.3298186, 25.0144389], [121.3299717, 25.0151456], [121.3300514, 25.015612], [121.3300336, 25.0159357], [121.3300336, 25.0161937], [121.3300423, 25.0164155], [121.3300334, 25.0165786], [121.3298993, 25.0167227], [121.3297531, 25.0168012], [121.3294627, 25.0168268], [121.3291434, 25.0167785], [121.3288224, 25.0167464], [121.328647, 25.0167261], [121.3285129, 25.0167295], [121.3284279, 25.0167564], [121.3282868, 25.0168061], [121.3281897, 25.0168173], [121.3280377, 25.0168512], [121.3278548, 25.0168635], [121.3277037, 25.0168803], [121.3272437, 25.0168791], [121.3271163, 25.0168633], [121.3268082, 25.0168507], [121.3265876, 25.0168238], [121.3262415, 25.0167656], [121.3260237, 25.0167367], [121.3258633, 25.0167804], [121.3257494, 25.0168272], [121.3256925, 25.0168878], [121.3256257, 25.0169996], [121.3255756, 25.017109], [121.3255349, 25.0172507], [121.3254642, 25.0174555], [121.3252986, 25.0177949], [121.3251771, 25.0179316], [121.3250853, 25.0180591], [121.3249232, 25.0182674], [121.3248358, 25.0184823], [121.3248292, 25.0185237], [121.3247404, 25.0190445], [121.3247089, 25.0194127], [121.3246935, 25.0196052], [121.324745, 25.0197697], [121.3247628, 25.0199555], [121.3248244, 25.0201364], [121.3249245, 25.0203405], [121.325047, 25.0205341], [121.3251997, 25.0206729], [121.3254688, 25.0208157], [121.3257015, 25.0208992], [121.3258057, 25.0209545], [121.3262272, 25.0210879], [121.3265974, 25.0212954], [121.3268124, 25.0215101], [121.326917, 25.0217287], [121.3270772, 25.0217178], [121.3270387, 25.0218487], [121.3269732, 25.0219719], [121.3268577, 25.0220643], [121.3267038, 25.0221335], [121.3264766, 25.0221412], [121.3261417, 25.0221682], [121.3258096, 25.0223223], [121.3256826, 25.0223493], [121.3255709, 25.0224186], [121.3255016, 25.022511], [121.3254824, 25.0226072], [121.3255046, 25.0227054], [121.325698, 25.0228728], [121.3259642, 25.0231218], [121.3261257, 25.0232331], [121.326276, 25.0232917], [121.3263185, 25.0238053], [121.326328, 25.024138], [121.3263151, 25.0244562], [121.3262052, 25.0247052], [121.3259992, 25.0250635], [121.3258939, 25.0251963], [121.3256345, 25.0254638], [121.3254198, 25.0257091], [121.3251429, 25.0260094], [121.3249994, 25.0261022], [121.3249176, 25.0261779], [121.3248546, 25.026231], [121.3247431, 25.0263289], [121.3247295, 25.0263335], [121.3246574, 25.0263495], [121.3245687, 25.0263582], [121.324311, 25.0263589], [121.3242093, 25.0263041], [121.3241314, 25.0262017], [121.3239993, 25.0259624], [121.3238025, 25.0258889], [121.3236737, 25.0258865], [121.3235634, 25.0259006], [121.3234773, 25.0259285], [121.3234219, 25.0260034], [121.3232338, 25.0261903], [121.3231619, 25.0262169], [121.3224619, 25.026212], [121.3217752, 25.0261975], [121.321521, 25.0262147], [121.3209911, 25.0262135], [121.3203531, 25.0262452], [121.3202426, 25.0262217], [121.3199159, 25.0263389], [121.3194571, 25.0265895], [121.3190282, 25.0268083], [121.3188222, 25.0267783], [121.3184026, 25.0266886], [121.318176, 25.0266586], [121.3180918, 25.0266389], [121.3176106, 25.0265324], [121.3170812, 25.0265701], [121.3168354, 25.0267507], [121.3166025, 25.0269269], [121.3165075, 25.0271117], [121.316467, 25.0274429], [121.3163305, 25.0277028], [121.3162961, 25.0278762], [121.3162162, 25.0282749], [121.3161527, 25.0283899], [121.3161376, 25.0285127], [121.3158239, 25.0287947], [121.3155535, 25.0289997], [121.3151872, 25.0292039], [121.3146423, 25.0293215], [121.3142993, 25.0295281], [121.3139934, 25.029672], [121.3134616, 25.0297375], [121.3130901, 25.0299413], [121.3128793, 25.030122], [121.3126255, 25.0304324], [121.312307, 25.0308535], [121.3112592, 25.0312442], [121.3108299, 25.0313471], [121.3103891, 25.031413], [121.3096038, 25.0316304], [121.3075368, 25.0307682], [121.3071538, 25.0306457], [121.3069724, 25.0305851], [121.3068916, 25.0305673], [121.3067836, 25.0305587], [121.3066526, 25.0305727], [121.306486, 25.0306083], [121.3063302, 25.0306872], [121.3061151, 25.0307642], [121.3057059, 25.0308989], [121.3055107, 25.0308565], [121.305351, 25.0308046], [121.3052393, 25.0307699], [121.3050315, 25.0306583], [121.3048775, 25.030589], [121.3048003, 25.030569], [121.3046446, 25.0305216], [121.3044867, 25.0304966], [121.3043292, 25.0304454], [121.3041801, 25.0304429], [121.3039813, 25.0304625], [121.3037807, 25.0305227], [121.3036127, 25.0306519], [121.3034784, 25.0308355], [121.3032719, 25.0312361], [121.3030964, 25.031743], [121.3030863, 25.0319415], [121.3029883, 25.0320961], [121.3028397, 25.0324647], [121.3025689, 25.0330243], [121.3025158, 25.0331443], [121.3019659, 25.0331628], [121.3016224, 25.0331832], [121.3013981, 25.0331375], [121.3004709, 25.032963], [121.3001406, 25.0329193], [121.2990212, 25.0327585], [121.2975756, 25.0325358], [121.2963337, 25.0323705], [121.2961918, 25.0322515], [121.2960603, 25.0316958], [121.2957921, 25.0313022], [121.2946013, 25.0310899], [121.2944957, 25.0310435], [121.2944067, 25.0309385], [121.2943313, 25.0308691], [121.2942419, 25.0307732], [121.2938215, 25.0306604], [121.2935971, 25.0306851], [121.2935138, 25.0306076], [121.2933975, 25.0304806], [121.2932537, 25.030343], [121.2931139, 25.0301227], [121.2927816, 25.0295007], [121.2925212, 25.0289214], [121.2924501, 25.0288139], [121.2923871, 25.0287859], [121.2923072, 25.0288052], [121.2920552, 25.0289391], [121.2919596, 25.0289564], [121.29186, 25.0289123], [121.2915734, 25.0287277], [121.2905991, 25.0282601], [121.2903163, 25.0280075], [121.2900598, 25.0278225], [121.2889777, 25.0265353], [121.2887645, 25.0263463], [121.2886157, 25.0263101], [121.2883985, 25.0263624], [121.2882536, 25.0264026], [121.287964, 25.0264187], [121.2877508, 25.0264589], [121.2875859, 25.0265273], [121.2874411, 25.026656], [121.2873124, 25.0268451], [121.287244, 25.0271266], [121.2872722, 25.0273036], [121.2872963, 25.0274726], [121.2874009, 25.0276737], [121.2875631, 25.0280271], [121.2874968, 25.0281195], [121.2873942, 25.0281798], [121.2872752, 25.0282026], [121.2871625, 25.0282391], [121.2870375, 25.0283091], [121.2869654, 25.0283923], [121.2869387, 25.0286708], [121.2869123, 25.0287227], [121.2867007, 25.0287398], [121.286573, 25.0287324], [121.2864005, 25.028712], [121.2862343, 25.0286479], [121.2859695, 25.0284986], [121.2858009, 25.028414], [121.2856601, 25.0283909], [121.2855446, 25.0284135], [121.2854636, 25.0284631], [121.2852986, 25.0286469], [121.2851292, 25.0288598], [121.2850348, 25.0289754], [121.284824, 25.0293114], [121.2847165, 25.0295252], [121.2846388, 25.0296934], [121.2845972, 25.0298066], [121.2845307, 25.0307091], [121.2845057, 25.0310105], [121.2843922, 25.0316792], [121.2843122, 25.0320013], [121.2842825, 25.03207], [121.2842269, 25.0321191], [121.2839236, 25.0320932], [121.2835904, 25.0320247], [121.2835093, 25.0319861], [121.2834939, 25.031913], [121.283511, 25.0317493], [121.2835531, 25.0316588], [121.2835419, 25.0316217], [121.2834237, 25.0316323], [121.2832241, 25.0316986], [121.283183, 25.0317335], [121.283049, 25.0317996], [121.282917, 25.0318094], [121.2827851, 25.0317483], [121.2825471, 25.0316391], [121.2814637, 25.0312854], [121.2808321, 25.0310687], [121.2796294, 25.0306986], [121.2787645, 25.0305337], [121.27817, 25.0304894], [121.2778441, 25.0304675], [121.2773064, 25.030414], [121.2773386, 25.0303314], [121.2773573, 25.0302561], [121.2774672, 25.0300126], [121.277682, 25.0296316], [121.2779781, 25.0292476], [121.2781164, 25.0290533], [121.2782444, 25.02885], [121.2783201, 25.0287039], [121.2784411, 25.0285008], [121.2785437, 25.0283096], [121.2785888, 25.0281032], [121.2786074, 25.0278608], [121.2786109, 25.0276604], [121.2785775, 25.0274584], [121.2785053, 25.0272053], [121.2784609, 25.0270816], [121.2783879, 25.0270038], [121.2782045, 25.0268025], [121.2780564, 25.0266784], [121.2779536, 25.0265794], [121.2777265, 25.0264143], [121.2776112, 25.0263169], [121.2775692, 25.0262783], [121.2774888, 25.0262378], [121.2769687, 25.0259431], [121.276761, 25.0258517], [121.2766352, 25.0257659], [121.2764543, 25.0257517], [121.2762429, 25.0257577], [121.2760257, 25.0257874], [121.2757047, 25.0259964], [121.2755385, 25.0261813], [121.2753184, 25.0263929], [121.2751465, 25.0264695], [121.2749946, 25.0264231], [121.2748302, 25.0263283], [121.2747497, 25.0262142], [121.274655, 25.0259149], [121.2746679, 25.0257313], [121.2747146, 25.0253664], [121.274897, 25.0246566], [121.2750626, 25.0242178], [121.2750713, 25.0239441], [121.2750025, 25.0238437], [121.274341, 25.0236853], [121.2736666, 25.0234827], [121.2716979, 25.0223162], [121.2715892, 25.0222396], [121.2715081, 25.0221649], [121.2713854, 25.0219334], [121.271378, 25.0218046], [121.2713928, 25.0217527], [121.2715138, 25.0214711], [121.2716163, 25.0212255], [121.2716969, 25.0205314], [121.2718552, 25.0197314], [121.2719277, 25.0194331], [121.271892, 25.0185061], [121.2719435, 25.0181733], [121.2720694, 25.0179593], [121.2723107, 25.0178833], [121.2724996, 25.0176979], [121.2726885, 25.0176313], [121.2728931, 25.0175124], [121.2730072, 25.0172604], [121.2732208, 25.0167516], [121.273296, 25.0165283], [121.2734195, 25.0158144], [121.2735122, 25.015316], [121.2735174, 25.0152256], [121.2735137, 25.0150536], [121.2735792, 25.0148672], [121.2735544, 25.0148373], [121.2737631, 25.0143435], [121.2738951, 25.0140028], [121.2739511, 25.013899], [121.2739572, 25.0138242], [121.2741689, 25.0131443], [121.2742209, 25.0130446], [121.2742266, 25.0129495], [121.2742317, 25.0128991], [121.2742315, 25.0127587], [121.2741521, 25.0126085], [121.2740863, 25.0125097], [121.2740992, 25.0124701], [121.2741289, 25.0124319], [121.2741963, 25.0124342], [121.2743139, 25.0124223], [121.2744228, 25.0123831], [121.2745144, 25.0122743], [121.2745387, 25.0121969], [121.2745557, 25.0121094], [121.2747029, 25.0118301], [121.2747887, 25.0115988], [121.275065, 25.0108949], [121.2753416, 25.0103032], [121.2756308, 25.0098533], [121.2763915, 25.0089012], [121.2771049, 25.0080789], [121.2772803, 25.0077452], [121.2774607, 25.007495], [121.2775866, 25.007261], [121.2777202, 25.006945], [121.2778591, 25.0066138], [121.2780296, 25.006219], [121.2782912, 25.0055895], [121.2785823, 25.0048459], [121.2787184, 25.0044323], [121.2788251, 25.0041708], [121.2791071, 25.003226], [121.279388, 25.0023662], [121.2794871, 25.0022624], [121.2798639, 25.0016932], [121.2799752, 25.0014607], [121.2801014, 25.001323], [121.2802072, 25.0011049], [121.2802918, 25.0009524], [121.2803334, 25.0008098], [121.2801106, 25.0007269], [121.2798639, 25.0006054], [121.2796694, 25.0005482], [121.2792932, 25.0003901], [121.2791569, 25.0003414], [121.2790528, 25.000182], [121.2783658, 24.9991663], [121.2778401, 24.9984856], [121.277574, 24.9982029], [121.2768413, 24.997459], [121.2765995, 24.9973293], [121.276367, 24.99716], [121.2761708, 24.9970379], [121.2760849, 24.9969498], [121.2760419, 24.9968516], [121.2760347, 24.9967635], [121.2760558, 24.9965691], [121.2760438, 24.9964888], [121.2759323, 24.9962671], [121.2757859, 24.9960955], [121.2756837, 24.996039], [121.2755088, 24.9959482], [121.2755066, 24.9958893], [121.2755244, 24.9957871], [121.2755966, 24.9955106], [121.2755884, 24.9953363], [121.2755278, 24.9952409], [121.2754273, 24.995096], [121.275401, 24.9949975], [121.2754265, 24.9947785], [121.2754583, 24.9946398], [121.2754785, 24.9945754], [121.2754712, 24.9945147], [121.2754256, 24.9944226], [121.2753992, 24.9943676], [121.2753696, 24.9943162], [121.2753422, 24.9942586], [121.2753224, 24.9941846], [121.2752502, 24.9939487], [121.275229, 24.9939056], [121.2751693, 24.9938847], [121.2749113, 24.9938866], [121.2748139, 24.9938658], [121.2745776, 24.9936242], [121.2745352, 24.9935653], [121.2743631, 24.9933504], [121.2742247, 24.9931201], [121.2741876, 24.9929733], [121.2741823, 24.9928936], [121.2741863, 24.9927657]]], [[[121.1552216, 25.0627076], [121.1549665, 25.0645214], [121.1550389, 25.0648864], [121.1552161, 25.065294], [121.1552613, 25.0655543], [121.1551972, 25.0660122], [121.1552564, 25.0661962], [121.1567289, 25.0670574], [121.1571305, 25.0674399], [121.1574234, 25.067915], [121.1574378, 25.0680393], [121.1564904, 25.0689752], [121.1567741, 25.0692654], [121.1567761, 25.069588], [121.1568952, 25.0700854], [121.1568358, 25.0703263], [121.1559667, 25.0711908], [121.1553909, 25.0714352], [121.1546837, 25.0720049], [121.1542153, 25.072526], [121.154115, 25.0727849], [121.1536243, 25.0732077], [121.1535001, 25.0732395], [121.153307, 25.0734547], [121.1530718, 25.0738415], [121.1530739, 25.0739299], [121.152815, 25.0743926], [121.1520468, 25.0751687], [121.1520471, 25.0754163], [121.1521419, 25.0756179], [121.1530039, 25.0762924], [121.1532299, 25.0767177], [121.1535683, 25.0769301], [121.1546213, 25.0768902], [121.1548576, 25.0769608], [121.1550827, 25.0770814], [121.1552171, 25.0772181], [121.1552189, 25.0776633], [121.1548001, 25.0789109], [121.1545589, 25.0794139], [121.15502, 25.0796604], [121.1552012, 25.0798975], [121.155173, 25.0800627], [121.1562773, 25.0803724], [121.15683, 25.0805425], [121.1577414, 25.0808098], [121.1581725, 25.0809336], [121.1586752, 25.0810709], [121.1595355, 25.0812554], [121.1601633, 25.0814541], [121.1611682, 25.0819184], [121.1617491, 25.0821027], [121.1621491, 25.0822966], [121.1626153, 25.0825474], [121.1637451, 25.0828791], [121.1642429, 25.0830869], [121.1648755, 25.0833754], [121.1654355, 25.0836455], [121.1658355, 25.0838112], [121.1662756, 25.0839156], [121.1673957, 25.0844456], [121.1678823, 25.0846392], [121.1684266, 25.084755], [121.1687555, 25.0848216], [121.1691914, 25.0848527], [121.1696555, 25.0849855], [121.1704956, 25.0852554], [121.1717172, 25.0854406], [121.1724433, 25.0856117], [121.1730685, 25.0865032], [121.1737935, 25.0871002], [121.1740588, 25.0874319], [121.1744475, 25.0879224], [121.1748423, 25.0882472], [121.1751049, 25.0885897], [121.1755765, 25.089245], [121.1758987, 25.0894993], [121.1766018, 25.089818], [121.1774903, 25.0902689], [121.1779294, 25.0905266], [121.1782973, 25.0907317], [121.1789791, 25.0910744], [121.1796762, 25.0913956], [121.1805649, 25.0917726], [121.1810874, 25.0918913], [121.1815548, 25.092184], [121.1820117, 25.0924091], [121.1825443, 25.0924707], [121.1830409, 25.0927986], [121.1838205, 25.0931683], [121.1842995, 25.0934042], [121.1848866, 25.0936673], [121.1856623, 25.0938734], [121.1862245, 25.0939732], [121.1872025, 25.0938303], [121.1880442, 25.0938236], [121.1886207, 25.0938458], [121.1893621, 25.0945866], [121.1900652, 25.0955313], [121.1903108, 25.0957399], [121.1905702, 25.0960059], [121.1912195, 25.096413], [121.1921627, 25.0970218], [121.1931094, 25.0976973], [121.193731, 25.0981497], [121.1942602, 25.0984972], [121.1948508, 25.0989295], [121.1954196, 25.0993311], [121.1957701, 25.0995872], [121.1960881, 25.0998466], [121.1962593, 25.1000618], [121.1964636, 25.1003657], [121.1968576, 25.1006265], [121.1978918, 25.1013271], [121.1985524, 25.1019401], [121.1993208, 25.1023296], [121.1999045, 25.1025033], [121.200161, 25.1025995], [121.200731, 25.1028596], [121.2010832, 25.1030315], [121.2015302, 25.1032524], [121.202036, 25.1034977], [121.2027135, 25.1038174], [121.2029392, 25.1038665], [121.2031118, 25.1039552], [121.2035356, 25.1040968], [121.2040187, 25.104245], [121.2051396, 25.1045783], [121.2054068, 25.104665], [121.2056548, 25.1048526], [121.205861, 25.1050138], [121.206006, 25.1053015], [121.2060727, 25.1055267], [121.2063874, 25.1056149], [121.2065976, 25.1057012], [121.206743, 25.1057951], [121.2068459, 25.1061988], [121.2071905, 25.1059598], [121.2071998, 25.1057473], [121.207168, 25.1055843], [121.2071692, 25.1054915], [121.2073009, 25.1055245], [121.2075428, 25.1056265], [121.2084576, 25.1065474], [121.2086958, 25.1066993], [121.2092006, 25.1067578], [121.2100917, 25.1068304], [121.210841, 25.1070996], [121.2113506, 25.1074771], [121.2115448, 25.108372], [121.2119278, 25.1085518], [121.2123237, 25.1085934], [121.2127909, 25.1086696], [121.2137389, 25.1090778], [121.2156896, 25.1093852], [121.2159526, 25.10956], [121.2184208, 25.1100297], [121.2192013, 25.1101185], [121.2201209, 25.1102996], [121.2209436, 25.1104304], [121.221531, 25.1105797], [121.2219211, 25.1106767], [121.2226508, 25.1108495], [121.225191, 25.1111397], [121.2259612, 25.111281], [121.2263863, 25.1113768], [121.2268503, 25.1115028], [121.2277151, 25.1116804], [121.2281168, 25.1118489], [121.2284534, 25.1118712], [121.2296313, 25.1120904], [121.2300158, 25.1122038], [121.2302783, 25.1123241], [121.2305367, 25.1124607], [121.2309716, 25.112546], [121.2313901, 25.1127951], [121.2317761, 25.1130629], [121.2319497, 25.1132588], [121.2320511, 25.1133732], [121.2323369, 25.1138455], [121.2324909, 25.1144296], [121.23285, 25.1145903], [121.2334722, 25.1148077], [121.237117, 25.1150412], [121.2388805, 25.1154516], [121.2392193, 25.1156174], [121.2395641, 25.1157706], [121.239515, 25.1163573], [121.2395547, 25.1164009], [121.2396759, 25.1165339], [121.2394303, 25.1194773], [121.240806, 25.1194456], [121.2417631, 25.1194493], [121.2417713, 25.1196829], [121.2416569, 25.1203019], [121.2415704, 25.1210646], [121.2439909, 25.1210979], [121.2454748, 25.1210928], [121.2466294, 25.1194074], [121.2468125, 25.1192584], [121.2473913, 25.1195461], [121.2483011, 25.1197791], [121.2485601, 25.1189008], [121.2485747, 25.1176704], [121.2487469, 25.1172597], [121.2494269, 25.1162605], [121.250546, 25.1149791], [121.2522354, 25.1135083], [121.2525202, 25.1123607], [121.252595, 25.1118591], [121.2527943, 25.1114128], [121.2527932, 25.1111906], [121.252821, 25.1109213], [121.2528672, 25.1106687], [121.2529412, 25.110075], [121.253077, 25.1087163], [121.2534026, 25.1074069], [121.2537032, 25.1056972], [121.2538502, 25.1052328], [121.2541454, 25.1019445], [121.2545019, 25.1010193], [121.2546431, 25.1007538], [121.2547879, 25.1005534], [121.2549381, 25.1003671], [121.255366, 25.099831], [121.2565461, 25.0982229], [121.2566802, 25.0978949], [121.2567016, 25.0977249], [121.2567714, 25.0976059], [121.2568009, 25.0973096], [121.2567982, 25.0970837], [121.2569175, 25.0965176], [121.2570372, 25.0964358], [121.2571335, 25.0961364], [121.2571254, 25.0961048], [121.257222, 25.0957842], [121.2572937, 25.0954805], [121.2574245, 25.0950117], [121.2575586, 25.0946231], [121.2577225, 25.0943281], [121.2578121, 25.0941862], [121.2580929, 25.0935123], [121.258144, 25.0934505], [121.2582218, 25.0934244], [121.2585296, 25.0932167], [121.2588193, 25.0930029], [121.2594621, 25.0925651], [121.2598878, 25.0923143], [121.2611693, 25.0912608], [121.2618847, 25.0906948], [121.2626944, 25.0897121], [121.2633021, 25.0886177], [121.2637829, 25.0880954], [121.2644331, 25.0873783], [121.2646805, 25.0868038], [121.2651584, 25.0857404], [121.2652257, 25.0852855], [121.265214, 25.0849941], [121.265223, 25.0848215], [121.2652968, 25.0846358], [121.2653412, 25.0840895], [121.2655804, 25.0838045], [121.2657105, 25.0835421], [121.2660759, 25.0830172], [121.2664735, 25.0826812], [121.2670866, 25.0822852], [121.2691203, 25.0816635], [121.2699188, 25.0814837], [121.2704372, 25.0813623], [121.2710014, 25.0812208], [121.27154, 25.080954], [121.272187, 25.080522], [121.27257, 25.080164], [121.27266, 25.080024], [121.2728619, 25.0796715], [121.2730551, 25.0791953], [121.2731235, 25.0787379], [121.2732238, 25.0779909], [121.2729379, 25.07709], [121.272328, 25.0761164], [121.2717252, 25.075272], [121.2711644, 25.0744987], [121.2707333, 25.0736043], [121.2707201, 25.0734444], [121.2702944, 25.0734311], [121.269603, 25.0733802], [121.2688226, 25.0731427], [121.2685512, 25.0733929], [121.2681991, 25.0734099], [121.2676562, 25.0733972], [121.2671473, 25.0734523], [121.2667316, 25.0734438], [121.2656712, 25.0732742], [121.2652259, 25.0731427], [121.2650902, 25.0731427], [121.2649544, 25.0730706], [121.2650096, 25.0729815], [121.265192, 25.072727], [121.2652471, 25.0724259], [121.2653035, 25.0721017], [121.265164, 25.0714953], [121.2650139, 25.0713348], [121.2648211, 25.0709498], [121.2648159, 25.0706313], [121.2648062, 25.0705468], [121.2647428, 25.0704864], [121.2646345, 25.0704114], [121.2644481, 25.0703506], [121.2642399, 25.0701757], [121.2641841, 25.0699674], [121.2641731, 25.069724], [121.2641169, 25.0696358], [121.2640354, 25.0695318], [121.26391, 25.0694945], [121.2634867, 25.0694196], [121.2632014, 25.0694448], [121.2628967, 25.0694394], [121.2626136, 25.069265], [121.2624104, 25.0690162], [121.2622915, 25.0687196], [121.2622396, 25.0682351], [121.2620528, 25.0680372], [121.2619986, 25.0678174], [121.2620257, 25.06769], [121.2623045, 25.0664125], [121.2622646, 25.0662504], [121.2621782, 25.0662083], [121.2621193, 25.0661828], [121.2620214, 25.0661843], [121.2619266, 25.0661307], [121.2612911, 25.0655672], [121.2598995, 25.0645977], [121.2597895, 25.0644508], [121.2594631, 25.0642831], [121.2593855, 25.0637766], [121.2591429, 25.0637389], [121.2589424, 25.0635789], [121.2587541, 25.0635214], [121.2582385, 25.063436], [121.2578113, 25.0630902], [121.2575618, 25.0629316], [121.2574148, 25.0625955], [121.2571703, 25.0624832], [121.2569812, 25.0623291], [121.2561354, 25.0619187], [121.2547046, 25.060911], [121.2545096, 25.0608093], [121.2521577, 25.0620749], [121.2520255, 25.062096], [121.2507799, 25.0617145], [121.2505121, 25.0615924], [121.2502638, 25.0614616], [121.2501146, 25.061409], [121.2498238, 25.0613352], [121.2497329, 25.0612615], [121.2496688, 25.0609915], [121.2496286, 25.0608684], [121.2491071, 25.0602839], [121.2490089, 25.0600553], [121.2490191, 25.0599662], [121.2490484, 25.0598816], [121.2491194, 25.0598128], [121.24926, 25.0596807], [121.2493908, 25.059473], [121.2494282, 25.0593727], [121.2494411, 25.0592085], [121.249505, 25.0591006], [121.2497572, 25.0590039], [121.2498841, 25.0588998], [121.2510847, 25.0573604], [121.2510692, 25.0572915], [121.2493721, 25.0569827], [121.2482522, 25.0567896], [121.2479754, 25.0566049], [121.2472374, 25.0563644], [121.2456579, 25.0555081], [121.245435, 25.0553193], [121.2455141, 25.0550598], [121.2456882, 25.0547651], [121.2460551, 25.0543852], [121.246112, 25.0542767], [121.2460949, 25.0541924], [121.2457829, 25.053898], [121.2457885, 25.0538261], [121.2462466, 25.053081], [121.2472057, 25.0517711], [121.2474127, 25.0514035], [121.2476621, 25.0509718], [121.2478506, 25.0509058], [121.2481859, 25.0502038], [121.2483248, 25.0500223], [121.248337, 25.0498554], [121.2475381, 25.0491246], [121.2467769, 25.0485721], [121.2463264, 25.0483025], [121.247689, 25.0472753], [121.2473948, 25.0470838], [121.2470682, 25.0469699], [121.246256, 25.0468017], [121.2461738, 25.0466798], [121.2461499, 25.0463651], [121.2460834, 25.0462707], [121.2459965, 25.0462605], [121.2453275, 25.0464659], [121.2452388, 25.0464126], [121.2451981, 25.0461683], [121.2451058, 25.0460762], [121.2448036, 25.0459271], [121.2443858, 25.0459012], [121.2441341, 25.0459739], [121.2432527, 25.0465066], [121.2431446, 25.0465044], [121.2422544, 25.0456797], [121.2421922, 25.0456282], [121.2420721, 25.0455775], [121.2418745, 25.0455226], [121.2414692, 25.0455051], [121.2413813, 25.0454751], [121.2412575, 25.0454355], [121.2411348, 25.0453719], [121.2408948, 25.0452249], [121.2405735, 25.0451282], [121.2404536, 25.045074], [121.2402356, 25.0449502], [121.2401274, 25.0449286], [121.2393266, 25.0445061], [121.2390058, 25.0443239], [121.2384584, 25.0439052], [121.2382507, 25.0436708], [121.2380989, 25.04347], [121.2380268, 25.0433148], [121.2379383, 25.0431913], [121.2378911, 25.0431623], [121.2377894, 25.043102], [121.2374704, 25.0430002], [121.2371863, 25.0428985], [121.2367555, 25.0426107], [121.2367146, 25.0424859], [121.2367465, 25.0424284], [121.236826, 25.0422659], [121.2369204, 25.0420457], [121.2370029, 25.0416251], [121.2370068, 25.0412085], [121.2370972, 25.0404459], [121.2371759, 25.0400292], [121.2373724, 25.0395851], [121.2375729, 25.0392431], [121.2377764, 25.0390524], [121.2374323, 25.0388649], [121.2364907, 25.0382838], [121.2367748, 25.0379105], [121.2357866, 25.037304], [121.235459, 25.0371255], [121.2342998, 25.0366397], [121.234335, 25.0362173], [121.234308, 25.0359472], [121.2344991, 25.0354296], [121.2343012, 25.0348694], [121.2344232, 25.0343737], [121.2344628, 25.0335812], [121.2346137, 25.033203], [121.2346767, 25.0326776], [121.2347828, 25.0323723], [121.2347293, 25.032295], [121.2343364, 25.032246], [121.2338223, 25.0317868], [121.2335815, 25.0317241], [121.2332992, 25.0314594], [121.2332149, 25.03144], [121.2329054, 25.0312523], [121.2323128, 25.0312531], [121.2321469, 25.0311643], [121.2322789, 25.0308228], [121.2323141, 25.0304687], [121.2323498, 25.0303601], [121.2324419, 25.0302337], [121.233218, 25.0295777], [121.2334129, 25.0296307], [121.2339098, 25.0296271], [121.2340421, 25.0295727], [121.2344671, 25.0293407], [121.2347914, 25.0291062], [121.2351215, 25.0289179], [121.2352898, 25.0287815], [121.2356852, 25.0284298], [121.2368157, 25.0269658], [121.2376363, 25.0254534], [121.2378455, 25.0249948], [121.2378374, 25.0242466], [121.2384167, 25.0229353], [121.2388672, 25.023064], [121.2391005, 25.0228629], [121.239543, 25.0223238], [121.2398165, 25.0218653], [121.2399417, 25.0215234], [121.2403072, 25.0209481], [121.2409508, 25.0201839], [121.2415462, 25.0194679], [121.2419726, 25.0190656], [121.242592, 25.0186473], [121.2430586, 25.0180921], [121.243292, 25.0176014], [121.2436942, 25.0170543], [121.2441286, 25.0164751], [121.2441608, 25.0161372], [121.2442654, 25.0157832], [121.2444979, 25.0156099], [121.2445664, 25.0155496], [121.2446851, 25.0154783], [121.2448267, 25.0153456], [121.2449686, 25.0151767], [121.2450585, 25.0150909], [121.2451003, 25.0150308], [121.2451562, 25.014964], [121.2451797, 25.0149177], [121.2454048, 25.0146115], [121.2454287, 25.0145702], [121.2455557, 25.0144247], [121.2456966, 25.0143094], [121.245875, 25.0142379], [121.2459958, 25.0141892], [121.2461174, 25.0141012], [121.2461848, 25.0140374], [121.2462703, 25.0139177], [121.2463658, 25.0137201], [121.2463874, 25.0136583], [121.2464263, 25.0134978], [121.246538, 25.0131974], [121.2465604, 25.0129782], [121.2465917, 25.0128685], [121.2466548, 25.012702], [121.2471392, 25.0119168], [121.2472376, 25.0117441], [121.2472838, 25.0116118], [121.2473708, 25.0113752], [121.2474931, 25.0109322], [121.2475302, 25.0108271], [121.2476012, 25.0106746], [121.2473895, 25.0106307], [121.2467594, 25.0106862], [121.2457356, 25.01065], [121.2454596, 25.0106426], [121.2451668, 25.0106503], [121.244928, 25.010695], [121.2448134, 25.0107445], [121.2446364, 25.0107757], [121.2440437, 25.0106715], [121.2437062, 25.0105991], [121.2436848, 25.0105544], [121.2436896, 25.0104986], [121.2436732, 25.0104384], [121.2436513, 25.0104108], [121.2434594, 25.0103926], [121.2433263, 25.0103633], [121.2432205, 25.0103187], [121.2428013, 25.0101396], [121.2426133, 25.0100822], [121.2424412, 25.0100548], [121.2414478, 25.0099039], [121.2411721, 25.0098759], [121.2408995, 25.0098375], [121.2408125, 25.0098314], [121.2394547, 25.0095798], [121.2391498, 25.0095289], [121.2387861, 25.0094672], [121.2387175, 25.0094593], [121.2385534, 25.0094231], [121.2384494, 25.0094145], [121.2383047, 25.0093733], [121.2380695, 25.0092235], [121.2379061, 25.0091048], [121.2377195, 25.0089896], [121.237577, 25.0089205], [121.2375342, 25.0089146], [121.237337, 25.0088511], [121.2363472, 25.0086995], [121.2361479, 25.0086587], [121.2355463, 25.0083921], [121.235133, 25.0082311], [121.2349887, 25.0081543], [121.2348894, 25.0080635], [121.2348179, 25.007986], [121.2347558, 25.0079327], [121.2346997, 25.0079053], [121.2346286, 25.0078873], [121.234245, 25.0078791], [121.2341476, 25.007854], [121.2340321, 25.0078339], [121.2339685, 25.0078336], [121.2332263, 25.0080252], [121.2331582, 25.0080611], [121.2331207, 25.0080585], [121.2330865, 25.0079109], [121.2330524, 25.0078347], [121.2328827, 25.007555], [121.2327688, 25.0074157], [121.2326345, 25.0072765], [121.2325757, 25.0072655], [121.2324648, 25.0072647], [121.2321335, 25.0073113], [121.2320005, 25.0073495], [121.2319285, 25.0073616], [121.2317341, 25.0073725], [121.2314859, 25.0073724], [121.2312671, 25.0073842], [121.2310828, 25.0073786], [121.2304349, 25.0073803], [121.230209, 25.0073886], [121.2299793, 25.0073879], [121.2295655, 25.007393], [121.2293631, 25.0073703], [121.2292539, 25.0073308], [121.2287799, 25.0070976], [121.2286713, 25.0070429], [121.2286098, 25.0069902], [121.2285582, 25.006899], [121.2285404, 25.0068269], [121.2285698, 25.0067061], [121.2288089, 25.0060604], [121.2293841, 25.0047079], [121.2293703, 25.0046623], [121.2293411, 25.0046354], [121.2289988, 25.0045094], [121.2287478, 25.0043386], [121.2286843, 25.0043251], [121.2285191, 25.004315], [121.2284014, 25.0043234], [121.2283059, 25.0043127], [121.2282331, 25.004318], [121.2280869, 25.0043136], [121.2279966, 25.0042938], [121.2278798, 25.0042849], [121.2277874, 25.0042566], [121.2276428, 25.0042637], [121.2275554, 25.0042491], [121.2273431, 25.0041766], [121.2272327, 25.0041138], [121.2270662, 25.003996], [121.2268925, 25.0038079], [121.2268522, 25.0037168], [121.2268341, 25.0036418], [121.2268177, 25.0032634], [121.2267621, 25.0031615], [121.2257402, 25.003489], [121.2252131, 25.0037321], [121.2249448, 25.0039121], [121.224713, 25.0041223], [121.2244578, 25.0043915], [121.224069, 25.0048363], [121.2239048, 25.0049698], [121.2235892, 25.0054008], [121.2234524, 25.0056956], [121.2233178, 25.0062113], [121.2231416, 25.0071872], [121.2231135, 25.0085652], [121.223023, 25.009099], [121.2230244, 25.0094979], [121.2230783, 25.0097483], [121.2232021, 25.0101075], [121.2234022, 25.0106136], [121.2234975, 25.0109139], [121.2235426, 25.0112098], [121.2236168, 25.0117912], [121.2234479, 25.012297], [121.2232238, 25.012726], [121.2231897, 25.0127874], [121.2231341, 25.0128621], [121.2228191, 25.0134453], [121.2227962, 25.0135485], [121.2227753, 25.0136922], [121.2227715, 25.0138632], [121.2227639, 25.0140514], [121.2227839, 25.0142092], [121.2228172, 25.0144088], [121.2229049, 25.0147093], [121.223072, 25.0151349], [121.2231545, 25.0152549], [121.2231812, 25.0153275], [121.2232374, 25.0154008], [121.2233203, 25.0155191], [121.2233774, 25.0155761], [121.2235413, 25.0157902], [121.2238478, 25.016106], [121.22389, 25.0161684], [121.2239967, 25.0162702], [121.224292, 25.016581], [121.2247375, 25.0170432], [121.2248951, 25.0172001], [121.2249256, 25.0172415], [121.2249885, 25.0173114], [121.2250638, 25.0174375], [121.2251677, 25.0176959], [121.2251971, 25.0178502], [121.2252048, 25.0179227], [121.2252238, 25.0180626], [121.2252671, 25.0184353], [121.2253286, 25.0189052], [121.2253998, 25.0192023], [121.2254982, 25.0195751], [121.225523, 25.0198393], [121.2254944, 25.0200713], [121.2254582, 25.0202054], [121.225406, 25.0203423], [121.2253191, 25.0204851], [121.2252396, 25.020551], [121.2251552, 25.0205654], [121.2246913, 25.0203802], [121.2247293, 25.0202886], [121.2247716, 25.0202117], [121.2248656, 25.0198212], [121.2248666, 25.019527], [121.2248113, 25.019231], [121.2247267, 25.0189486], [121.2245685, 25.0186685], [121.2244959, 25.0185598], [121.2244188, 25.0184749], [121.2238674, 25.017926], [121.2228012, 25.0187966], [121.2213756, 25.0173871], [121.2186849, 25.0196189], [121.2179131, 25.0188398], [121.2173268, 25.0192987], [121.2168632, 25.0191449], [121.2163742, 25.0186688], [121.2150978, 25.0197348], [121.2135, 25.0181515], [121.2134233, 25.0180755], [121.2124794, 25.0171666], [121.212664, 25.0169959], [121.2126689, 25.0169871], [121.2126939, 25.0169421], [121.2132843, 25.0158803], [121.2132628, 25.015715], [121.213203, 25.0156738], [121.2120462, 25.0145208], [121.2120255, 25.0145037], [121.2116106, 25.0140914], [121.2104535, 25.0150566], [121.209617, 25.0142563], [121.2115173, 25.0127013], [121.2122395, 25.0121071], [121.2132435, 25.0112577], [121.2134791, 25.0108724], [121.2142116, 25.009568], [121.2140221, 25.0094102], [121.213351, 25.0090992], [121.2136226, 25.0071297], [121.2135968, 25.005948], [121.2134819, 25.0049963], [121.2134842, 25.0048199], [121.2135179, 25.0045996], [121.2137649, 25.0042114], [121.213751, 25.0041783], [121.2138855, 25.0039648], [121.2142214, 25.003439], [121.2132314, 25.0033698], [121.2127864, 25.0028986], [121.2125676, 25.0026603], [121.2123181, 25.0022446], [121.2119667, 25.0018566], [121.2112144, 25.0009803], [121.2110528, 25.0014538], [121.2109202, 25.0017583], [121.2103356, 25.0027397], [121.2095242, 25.0036245], [121.2093432, 25.0046503], [121.2096811, 25.0056761], [121.2100982, 25.0067359], [121.2100446, 25.0074506], [121.2090521, 25.0080631], [121.2086337, 25.0085007], [121.2088322, 25.0092542], [121.2096597, 25.0103577], [121.2101854, 25.0110723], [121.2102001, 25.0114562], [121.2097763, 25.011811], [121.208623, 25.0119909], [121.2081147, 25.0122488], [121.207945, 25.0126042], [121.2077875, 25.0129342], [121.2078773, 25.0135514], [121.2081992, 25.0146743], [121.2088765, 25.0163565], [121.2090535, 25.0170274], [121.2089854, 25.0172032], [121.2088033, 25.0172667], [121.2082904, 25.0170174], [121.2070204, 25.0161427], [121.206557, 25.0161072], [121.2061922, 25.0161222], [121.20602, 25.0163441], [121.206118, 25.0166996], [121.2065094, 25.0170758], [121.2074442, 25.0178829], [121.2077821, 25.0183253], [121.2078934, 25.0188355], [121.2078761, 25.0189201], [121.2078128, 25.0190148], [121.2073163, 25.0194599], [121.2066633, 25.0200937], [121.2062511, 25.0207674], [121.2061345, 25.0209057], [121.2060474, 25.0210349], [121.2060345, 25.0210724], [121.2061035, 25.0214658], [121.2065268, 25.021927], [121.2071589, 25.0225728], [121.2074407, 25.0228971], [121.2075325, 25.0230147], [121.2076988, 25.0232399], [121.2079489, 25.0234092], [121.2079932, 25.0234494], [121.2080345, 25.0235094], [121.2080113, 25.0235836], [121.2078001, 25.0237736], [121.2076592, 25.0238339], [121.2073052, 25.023945], [121.2060803, 25.0245277], [121.2038755, 25.0251012], [121.2025996, 25.0255319], [121.2023359, 25.0256845], [121.2017941, 25.0262046], [121.2012858, 25.0264674], [121.2005788, 25.0261922], [121.2005124, 25.0261522], [121.2004744, 25.0261092], [121.2004126, 25.0260303], [121.2003509, 25.0259299], [121.2002622, 25.0258007], [121.2001969, 25.0257559], [121.2000406, 25.0257061], [121.1999725, 25.0257075], [121.1997746, 25.0256817], [121.1996768, 25.0256548], [121.199602, 25.02562], [121.1995244, 25.0255655], [121.1994959, 25.0255224], [121.1994206, 25.0254409], [121.1993835, 25.0253775], [121.1993455, 25.0252757], [121.1993113, 25.0251662], [121.1993249, 25.0249859], [121.1993616, 25.0247794], [121.1993503, 25.0246416], [121.1992903, 25.0245266], [121.1991539, 25.0244077], [121.1990621, 25.0243432], [121.1989798, 25.0243001], [121.1989671, 25.0242858], [121.1989083, 25.0242376], [121.1987518, 25.0240677], [121.1986568, 25.0239314], [121.1985935, 25.0238396], [121.1984842, 25.0237492], [121.1983908, 25.0236918], [121.1983433, 25.0236703], [121.1982748, 25.0236834], [121.1977067, 25.0245156], [121.1971366, 25.0253162], [121.1970545, 25.0254084], [121.1969904, 25.0254636], [121.1968337, 25.0256193], [121.1967616, 25.0256573], [121.1966936, 25.0257304], [121.1966354, 25.025808], [121.1965683, 25.0259252], [121.1964203, 25.0261757], [121.1961111, 25.0266401], [121.195845, 25.0265643], [121.1951221, 25.0264479], [121.1950242, 25.0257963], [121.1948002, 25.0251987], [121.1940264, 25.0237256], [121.193962, 25.0233222], [121.1940586, 25.0210229], [121.1938977, 25.0183105], [121.1939265, 25.0179584], [121.1932016, 25.0179899], [121.1929263, 25.0180544], [121.1924673, 25.0182184], [121.1919373, 25.0183194], [121.1912516, 25.0183971], [121.1908302, 25.0184754], [121.1904222, 25.0187583], [121.1902791, 25.0185733], [121.1901279, 25.0180152], [121.1898656, 25.0178009], [121.1893835, 25.0177233], [121.1890474, 25.0174376], [121.188855, 25.0170219], [121.1886584, 25.0165857], [121.1882067, 25.0160141], [121.1878999, 25.0157725], [121.1877048, 25.0157839], [121.1874692, 25.0159938], [121.187268, 25.0163869], [121.1872511, 25.0165644], [121.1872361, 25.0167844], [121.187224, 25.0169763], [121.1873282, 25.0173465], [121.1873793, 25.0175068], [121.1872471, 25.0183516], [121.1872496, 25.0185598], [121.1872768, 25.0187739], [121.1873127, 25.0191838], [121.1872636, 25.0195439], [121.1871653, 25.0198889], [121.1869952, 25.0201391], [121.1865558, 25.0205091], [121.1864487, 25.0206084], [121.1861136, 25.0208016], [121.185984, 25.0209178], [121.185794, 25.0212773], [121.1856256, 25.0215442], [121.1853495, 25.0218284], [121.1853489, 25.0220193], [121.1854387, 25.0222981], [121.1854373, 25.0231214], [121.185452, 25.0235638], [121.1855499, 25.0237994], [121.1856147, 25.024021], [121.1856404, 25.0241552], [121.1856278, 25.0244642], [121.185567, 25.0246303], [121.1854574, 25.0249587], [121.1853806, 25.0252953], [121.1852499, 25.025978], [121.1850658, 25.0262764], [121.1844398, 25.0268485], [121.1845411, 25.0268895], [121.1842796, 25.0270812], [121.1840255, 25.0272316], [121.1837106, 25.0272341], [121.1833813, 25.02742], [121.1831494, 25.0276845], [121.1830186, 25.0281203], [121.1827975, 25.0284853], [121.1826086, 25.0284798], [121.1826007, 25.0277538], [121.1824462, 25.0273263], [121.182297, 25.0271876], [121.1821259, 25.0268977], [121.182041, 25.0265713], [121.181853, 25.0257638], [121.1817911, 25.0251519], [121.1813081, 25.0242193], [121.181029, 25.0238967], [121.1808244, 25.0233254], [121.1805081, 25.0228042], [121.1803362, 25.0226095], [121.1801376, 25.0224895], [121.1799337, 25.022574], [121.1794096, 25.0230825], [121.1792112, 25.0231598], [121.1789066, 25.0231398], [121.1785362, 25.0233954], [121.1785476, 25.0234869], [121.178622, 25.0236352], [121.178503, 25.0239048], [121.1787161, 25.0241565], [121.1773927, 25.0247466], [121.1772555, 25.0246779], [121.1772188, 25.0251309], [121.1769854, 25.0255361], [121.1766517, 25.0259507], [121.1764088, 25.0266433], [121.1761196, 25.0272725], [121.1760018, 25.0273844], [121.1760239, 25.0275337], [121.1759048, 25.0275302], [121.1751182, 25.0273157], [121.1751256, 25.0272078], [121.1740916, 25.0268775], [121.1737817, 25.0268285], [121.173423, 25.026793], [121.1731192, 25.0268204], [121.172825, 25.0269741], [121.1724027, 25.027308], [121.1719546, 25.0276313], [121.1718958, 25.0276389], [121.1716076, 25.0273375], [121.1712923, 25.0272234], [121.1709615, 25.0272808], [121.1706863, 25.0272943], [121.1706025, 25.0273308], [121.1705035, 25.0275019], [121.1703403, 25.0275336], [121.1699923, 25.0275386], [121.1697189, 25.0275746], [121.1696963, 25.0275456], [121.1693957, 25.027545], [121.1691026, 25.0273916], [121.167573, 25.0277054], [121.1663491, 25.0279923], [121.165855, 25.0282475], [121.1653784, 25.028029], [121.1648254, 25.0276238], [121.1640262, 25.0269936], [121.1635891, 25.0269097], [121.1633154, 25.0269483], [121.1624514, 25.026563], [121.1622221, 25.0264854], [121.162152, 25.0280109], [121.1621779, 25.0282124], [121.1607671, 25.0288929], [121.1582879, 25.029931], [121.1589485, 25.0310753], [121.1592301, 25.0315132], [121.1594396, 25.0316948], [121.1599784, 25.0321828], [121.1606875, 25.0329031], [121.1631032, 25.0364232], [121.1654363, 25.0397751], [121.1661757, 25.0416067], [121.1673622, 25.0435843], [121.1675716, 25.0440934], [121.166381, 25.0447597], [121.1646707, 25.0454443], [121.1644403, 25.045548], [121.1643497, 25.0455939], [121.1642234, 25.0456395], [121.1640936, 25.0456941], [121.1635293, 25.0460757], [121.162875, 25.04633], [121.1623873, 25.0466114], [121.1622099, 25.0466082], [121.1619259, 25.0464286], [121.1617536, 25.0466973], [121.1616857, 25.046956], [121.161648, 25.0473302], [121.161359, 25.0477768], [121.1610694, 25.0480379], [121.1608562, 25.0483739], [121.1608501, 25.0485954], [121.1611923, 25.0494519], [121.1612196, 25.0499619], [121.1611272, 25.0501731], [121.1611312, 25.0503216], [121.1613379, 25.0507433], [121.1615179, 25.0511863], [121.1617643, 25.0513446], [121.1617401, 25.0516392], [121.1617021, 25.0516784], [121.1611289, 25.0518047], [121.1607264, 25.0519223], [121.1602011, 25.0520714], [121.1599658, 25.0522455], [121.159571, 25.0525964], [121.1593136, 25.0527626], [121.1590729, 25.0528991], [121.1586158, 25.0537667], [121.1582284, 25.0542343], [121.1580433, 25.0545323], [121.1579263, 25.0546859], [121.1578484, 25.0548095], [121.1578263, 25.0548726], [121.1577202, 25.0550921], [121.1575745, 25.0553789], [121.1575207, 25.0554392], [121.1574922, 25.0555008], [121.1571518, 25.0558881], [121.1568043, 25.056264], [121.1565796, 25.0565411], [121.1564821, 25.0566927], [121.1564188, 25.0568619], [121.1563649, 25.0570828], [121.156149, 25.0575942], [121.1559188, 25.0579491], [121.1555047, 25.0581236], [121.1553369, 25.0583574], [121.1553002, 25.0584579], [121.1557647, 25.0588315], [121.1562402, 25.0591479], [121.1564166, 25.0593822], [121.156697, 25.0599382], [121.1567048, 25.0600495], [121.1562389, 25.0606882], [121.1556467, 25.0617417], [121.155459, 25.0619312], [121.1553517, 25.0621523], [121.1552427, 25.0625423], [121.1552216, 25.0627076]]], [[[121.4504748, 24.7906451], [121.4503752, 24.7909217], [121.4500702, 24.7910437], [121.4494445, 24.7910608], [121.4487139, 24.7908228], [121.4477119, 24.790201], [121.4473826, 24.7900832], [121.4465508, 24.7900402], [121.4457707, 24.7900965], [121.4453868, 24.7902513], [121.4449692, 24.7906595], [121.4445944, 24.7910492], [121.44435, 24.7912142], [121.443825, 24.7914518], [121.4429281, 24.7917665], [121.4424561, 24.7922306], [121.4418106, 24.7931255], [121.4415357, 24.7933941], [121.4407866, 24.7938479], [121.4404067, 24.7940437], [121.4401564, 24.7941543], [121.4395459, 24.7945807], [121.4391373, 24.7948012], [121.4384482, 24.795127], [121.4380702, 24.79556], [121.4377968, 24.7959551], [121.43756, 24.79634], [121.437485, 24.796525], [121.43748, 24.79696], [121.4375147, 24.797125], [121.437473, 24.7974061], [121.4374312, 24.797645], [121.4371694, 24.797925], [121.4370153, 24.7982375], [121.437217, 24.7988871], [121.4373381, 24.7995092], [121.4374898, 24.7998554], [121.4379365, 24.8006779], [121.4380202, 24.8011154], [121.4379367, 24.8020507], [121.4379896, 24.8029108], [121.4378958, 24.8039283], [121.4378392, 24.80433], [121.4376306, 24.8047626], [121.4370324, 24.8053246], [121.436889, 24.8055206], [121.4368669, 24.8056578], [121.436952, 24.8061613], [121.4371131, 24.8068229], [121.4372496, 24.8075978], [121.4372219, 24.8081095], [121.4370402, 24.8087157], [121.43688, 24.8090398], [121.436614, 24.8097238], [121.4364788, 24.8102089], [121.4364235, 24.8106108], [121.4365354, 24.8114003], [121.43656, 24.811574], [121.4365837, 24.8117413], [121.4365416, 24.812003], [121.4363671, 24.8122097], [121.4357229, 24.8123649], [121.43509, 24.8125286], [121.4337278, 24.8130967], [121.4326118, 24.8133694], [121.4320745, 24.8135484], [121.43113, 24.81406], [121.4297308, 24.8150698], [121.4291385, 24.8156895], [121.4285713, 24.816707], [121.4284043, 24.8168283], [121.4279104, 24.8170366], [121.4277061, 24.8172262], [121.4271887, 24.8186961], [121.4270033, 24.8189991], [121.4266719, 24.8192849], [121.426267, 24.8194578], [121.4258166, 24.8196897], [121.4254783, 24.8198679], [121.4252492, 24.8200753], [121.4251478, 24.8202451], [121.4249701, 24.8209899], [121.4250773, 24.8220581], [121.4249868, 24.8227923], [121.4247873, 24.8232265], [121.4244931, 24.8238752], [121.4241421, 24.8247735], [121.4238853, 24.8252025], [121.4236461, 24.825389], [121.4233862, 24.8254493], [121.4229862, 24.8254943], [121.4219739, 24.8253646], [121.4213547, 24.8254025], [121.4204437, 24.8255592], [121.4195624, 24.8255808], [121.419223, 24.825543], [121.4189816, 24.8253899], [121.4187705, 24.8252295], [121.4174421, 24.8252318], [121.4171311, 24.825271], [121.4170142, 24.8253751], [121.4165228, 24.8261207], [121.4161645, 24.8269922], [121.4161121, 24.8273559], [121.4161068, 24.8273923], [121.416144, 24.828228], [121.416081, 24.8286849], [121.4160769, 24.8287143], [121.41584, 24.82913], [121.4150671, 24.8299238], [121.414489, 24.8305735], [121.4140556, 24.8312031], [121.4138637, 24.8317841], [121.4138792, 24.8322027], [121.413953, 24.8324217], [121.4140815, 24.8326467], [121.4148954, 24.8335958], [121.4151422, 24.8340406], [121.4155762, 24.8352661], [121.4156008, 24.8355726], [121.4154063, 24.8357455], [121.4144846, 24.8361123], [121.4140666, 24.836275], [121.4136676, 24.8365776], [121.4133163, 24.8367344], [121.4130305, 24.8367181], [121.4129357, 24.8368118], [121.4127864, 24.8368478], [121.412671, 24.836879], [121.41212, 24.83762], [121.4117864, 24.8380412], [121.4113658, 24.8382962], [121.4106768, 24.8384193], [121.4100968, 24.8388317], [121.40933, 24.83965], [121.4088026, 24.8406434], [121.4079543, 24.8411468], [121.4069438, 24.8417734], [121.4062701, 24.8419262], [121.4053784, 24.8424204], [121.4046365, 24.8424611], [121.4040134, 24.8428126], [121.4027063, 24.8435193], [121.4018605, 24.8425499], [121.400851, 24.8417582], [121.3997525, 24.8415136], [121.3984386, 24.8416286], [121.3977917, 24.841874], [121.3977672, 24.842135], [121.3972743, 24.8424642], [121.3969581, 24.8429705], [121.3970354, 24.8432465], [121.3972722, 24.8436643], [121.3972464, 24.8437807], [121.3969499, 24.8437836], [121.3964853, 24.8436322], [121.3955166, 24.8437891], [121.3945891, 24.8439626], [121.3937, 24.84402], [121.3925398, 24.8432726], [121.3920648, 24.843154], [121.3915328, 24.8431352], [121.3912612, 24.8429405], [121.3906702, 24.8425742], [121.3902747, 24.8424645], [121.3892304, 24.8421564], [121.3882183, 24.8423979], [121.3880447, 24.8424045], [121.3875923, 24.8421067], [121.3863696, 24.8414501], [121.3859541, 24.8412006], [121.3852683, 24.841014], [121.3850062, 24.8407845], [121.3847778, 24.8401793], [121.3848192, 24.8399512], [121.384754, 24.8394889], [121.3845181, 24.8390774], [121.3844477, 24.8389364], [121.3844141, 24.8386786], [121.3845465, 24.838318], [121.3845553, 24.8380198], [121.3843907, 24.8379079], [121.3840869, 24.8378372], [121.383822, 24.8375827], [121.3835062, 24.8371216], [121.3832457, 24.8369301], [121.3827988, 24.8367657], [121.3822034, 24.8366463], [121.3812457, 24.8365324], [121.3806734, 24.8363997], [121.380216, 24.8361007], [121.3789659, 24.8349988], [121.3781531, 24.8345888], [121.3777586, 24.8344552], [121.3769789, 24.8343663], [121.3763372, 24.8340754], [121.3757895, 24.8338521], [121.3749963, 24.8338053], [121.3747946, 24.8338243], [121.3743964, 24.8337619], [121.3738561, 24.8333778], [121.3736195, 24.8332902], [121.3734789, 24.8332963], [121.3732421, 24.8333686], [121.3729257, 24.8335682], [121.3728436, 24.833717], [121.3728055, 24.8337831], [121.3728078, 24.8339663], [121.3729809, 24.8344916], [121.3729294, 24.8347845], [121.3728117, 24.8349872], [121.3726407, 24.8350931], [121.3722892, 24.8351866], [121.3719266, 24.8352372], [121.3711595, 24.8352532], [121.3706186, 24.8354758], [121.3702526, 24.8361236], [121.3699264, 24.8362561], [121.3691754, 24.8363696], [121.3684702, 24.8365548], [121.3676738, 24.8367994], [121.3671002, 24.83691], [121.3664402, 24.8373874], [121.3658653, 24.8375517], [121.36531, 24.837612], [121.3646391, 24.8379913], [121.3640711, 24.838141], [121.3630682, 24.8379568], [121.36167, 24.8379], [121.3601042, 24.8381584], [121.3595044, 24.8386503], [121.359096, 24.8390535], [121.358569, 24.8392584], [121.3576832, 24.8395145], [121.3573463, 24.8404484], [121.3567775, 24.8409369], [121.3564132, 24.8414929], [121.3557779, 24.8423691], [121.3554228, 24.8423571], [121.3549897, 24.843269], [121.3548399, 24.8439813], [121.3543144, 24.8440811], [121.3534079, 24.8440426], [121.3530415, 24.8443104], [121.3526687, 24.8444726], [121.35228, 24.8445026], [121.3518173, 24.8444419], [121.3512, 24.84471], [121.35069, 24.8449], [121.3499894, 24.8452], [121.34916, 24.84548], [121.3487828, 24.8455215], [121.3474527, 24.8454967], [121.3467506, 24.8459097], [121.3462979, 24.8458539], [121.345767, 24.8456124], [121.3450459, 24.845521], [121.3448093, 24.8454072], [121.34476, 24.8452519], [121.3440816, 24.8450981], [121.3433798, 24.8449188], [121.3428189, 24.8448098], [121.3421825, 24.8445863], [121.3415798, 24.8442301], [121.3413491, 24.8438055], [121.3409134, 24.8437492], [121.3404119, 24.8437045], [121.3400498, 24.8434087], [121.3395132, 24.8434], [121.3392948, 24.8436472], [121.3386904, 24.8436521], [121.3384195, 24.8437706], [121.3380336, 24.8437908], [121.337814, 24.8435788], [121.3366391, 24.8437545], [121.3360983, 24.8437654], [121.3357865, 24.8443276], [121.3357934, 24.84479], [121.3356171, 24.8448348], [121.3355165, 24.8447967], [121.3354201, 24.8447054], [121.3352566, 24.844656], [121.3350009, 24.8446484], [121.3348122, 24.8446826], [121.3345649, 24.8446369], [121.3342966, 24.8445799], [121.3340199, 24.844519], [121.3338144, 24.844481], [121.3335545, 24.8443706], [121.3334623, 24.8443402], [121.3332107, 24.8443326], [121.332934, 24.8437277], [121.3329089, 24.8435318], [121.3329392, 24.8433482], [121.3329785, 24.8431879], [121.3330963, 24.8430158], [121.3332663, 24.8427367], [121.3333318, 24.8425468], [121.333371, 24.8421965], [121.3333776, 24.8420303], [121.3332206, 24.8421075], [121.333129, 24.8421134], [121.3331551, 24.8418344], [121.3331617, 24.8415316], [121.3330112, 24.8413179], [121.3328869, 24.8413594], [121.332586, 24.8415138], [121.3323701, 24.841591], [121.3321869, 24.841591], [121.331971, 24.8414663], [121.3319645, 24.8412585], [121.3319776, 24.841027], [121.3320757, 24.8408667], [121.3320953, 24.8407123], [121.3321869, 24.8404274], [121.3320495, 24.8402018], [121.3320299, 24.8401186], [121.3320561, 24.8400177], [121.3320953, 24.8398515], [121.3321477, 24.8397149], [121.3321934, 24.8396496], [121.3322392, 24.8394656], [121.3322458, 24.83924], [121.3323308, 24.8390738], [121.3324028, 24.8389847], [121.3323897, 24.8388838], [121.332357, 24.8387828], [121.3323308, 24.8386404], [121.332285, 24.8384207], [121.332272, 24.8382723], [121.332272, 24.8381535], [121.3321934, 24.8379279], [121.3321411, 24.837738], [121.3320692, 24.8374589], [121.3320103, 24.8372927], [121.3319056, 24.8371027], [121.3317159, 24.8368415], [121.3316047, 24.836699], [121.3315327, 24.8365387], [121.3314804, 24.8363546], [121.3314346, 24.8361231], [121.3313299, 24.8357906], [121.3312121, 24.8356719], [121.3310617, 24.8355175], [121.330885, 24.8353988], [121.3308262, 24.8352266], [121.3305252, 24.8350544], [121.3303551, 24.8347338], [121.3302047, 24.8343598], [121.3301981, 24.8342232], [121.3302177, 24.8338848], [121.3303028, 24.8333089], [121.3305374, 24.8325828], [121.3306671, 24.8323175], [121.3309774, 24.8320544], [121.3314084, 24.83132], [121.3313495, 24.8312665], [121.331343, 24.8311419], [121.3309439, 24.8310053], [121.3307477, 24.83094], [121.3306037, 24.8307856], [121.3306299, 24.8307025], [121.3307787, 24.8305628], [121.3308196, 24.8305244], [121.3309047, 24.8303522], [121.3309177, 24.8302097], [121.3308392, 24.8298475], [121.3307149, 24.8296041], [121.3307149, 24.8294854], [121.3307411, 24.8287788], [121.3306299, 24.8286185], [121.3305121, 24.8283454], [121.3304009, 24.8281673], [121.3303748, 24.8279771], [121.3304987, 24.8278271], [121.3305813, 24.8277584], [121.3307948, 24.8277084], [121.3311185, 24.8276709], [121.3313802, 24.8275834], [121.3316349, 24.8275521], [121.3319379, 24.8276146], [121.3321308, 24.8276709], [121.3322685, 24.8277084], [121.3325646, 24.8276271], [121.3328332, 24.8275959], [121.3331224, 24.8276709], [121.3333565, 24.8276709], [121.3335662, 24.8276031], [121.3336298, 24.8274812], [121.3334037, 24.8272568], [121.3332553, 24.8271222], [121.3330928, 24.8270773], [121.3328667, 24.8269426], [121.3327325, 24.8267054], [121.3326053, 24.8265323], [121.3321179, 24.826295], [121.3317575, 24.8261924], [121.3315244, 24.8261026], [121.331376, 24.8259936], [121.331376, 24.8258526], [121.3317717, 24.8252049], [121.3317575, 24.8250446], [121.3315244, 24.8249998], [121.3313902, 24.8250254], [121.3311287, 24.8251857], [121.3309309, 24.8253524], [121.3308179, 24.825455], [121.3307119, 24.8254614], [121.3301962, 24.8254165], [121.3298712, 24.8254165], [121.3295391, 24.8253845], [121.3293766, 24.825346], [121.3292141, 24.8252306], [121.3291223, 24.8250703], [121.3291152, 24.8249356], [121.3292, 24.8246407], [121.3291435, 24.8245637], [121.328981, 24.8245445], [121.328656, 24.8248074], [121.3282116, 24.8250858], [121.3281544, 24.8251216], [121.3280131, 24.8250767], [121.3277658, 24.8249292], [121.3276316, 24.82491], [121.3274549, 24.8248266], [121.327349, 24.8247048], [121.3272218, 24.8245124], [121.3272218, 24.8243393], [121.3274125, 24.8239546], [121.3275609, 24.8237173], [121.327568, 24.8234801], [121.3274761, 24.8231017], [121.3276174, 24.8228388], [121.327794, 24.8227811], [121.3280201, 24.8227042], [121.3280908, 24.82264], [121.3280908, 24.8224156], [121.3279777, 24.8223066], [121.3277234, 24.8222232], [121.3272642, 24.8220886], [121.3266636, 24.821986], [121.3259925, 24.8218834], [121.3255332, 24.8215628], [121.3253495, 24.8205881], [121.3252294, 24.8202611], [121.3248833, 24.8201136], [121.3246501, 24.8200943], [121.3245159, 24.8201777], [121.3243322, 24.8203124], [121.324092, 24.8205753], [121.3240213, 24.8207163], [121.3240425, 24.8209664], [121.3240637, 24.8211396], [121.3240001, 24.8213512], [121.3239436, 24.8214602], [121.3238518, 24.8215115], [121.3237952, 24.8215564], [121.3232442, 24.8214602], [121.3228415, 24.8215051], [121.3226366, 24.8215564], [121.3224529, 24.8216205], [121.3223954, 24.8216814], [121.3223257, 24.8217551], [121.3221703, 24.8219219], [121.3220078, 24.8220822], [121.3216545, 24.8221655], [121.3214073, 24.822204], [121.3210443, 24.8220381], [121.3208703, 24.8218577], [121.3207502, 24.8216718], [121.3207008, 24.8213319], [121.3207078, 24.8211973], [121.3207785, 24.8209857], [121.3210328, 24.8206971], [121.3211105, 24.8205817], [121.3210823, 24.8203188], [121.3209551, 24.8202098], [121.320729, 24.8201392], [121.3204535, 24.8199789], [121.3202062, 24.8198443], [121.3200154, 24.8195365], [121.3196975, 24.819421], [121.3195633, 24.8191004], [121.3195421, 24.818985], [121.3192595, 24.818799], [121.3190263, 24.8185682], [121.3190051, 24.8183822], [121.3192383, 24.8182475], [121.3194997, 24.8180744], [121.3196198, 24.817959], [121.3200673, 24.8174437], [121.3202939, 24.8168659], [121.3210924, 24.8142704], [121.3215348, 24.8137121], [121.3216643, 24.8132126], [121.3218477, 24.8128992], [121.3220959, 24.8112635], [121.322139, 24.8106759], [121.322056, 24.8098071], [121.3217355, 24.8093777], [121.3219797, 24.8088791], [121.3220712, 24.8083665], [121.3220102, 24.8081449], [121.3216745, 24.807951], [121.3209038, 24.8074385], [121.3175163, 24.8046939], [121.3165242, 24.8034767], [121.3161788, 24.8034053], [121.315372, 24.8037469], [121.3124574, 24.8052983], [121.3092375, 24.8074731], [121.3084897, 24.808138], [121.3075741, 24.8088029], [121.3069485, 24.8091353], [121.3060023, 24.8096617], [121.3053309, 24.8099249], [121.304812, 24.8099941], [121.3044305, 24.8097309], [121.303988, 24.8093569], [121.3033166, 24.8090661], [121.3027062, 24.8088998], [121.30176, 24.8087752], [121.3011038, 24.8087752], [121.3004171, 24.8088721], [121.2995931, 24.8090661], [121.2987996, 24.80926], [121.2970141, 24.8095647], [121.2954576, 24.8097725], [121.291841, 24.8123904], [121.2898266, 24.8134512], [121.2882091, 24.81431], [121.2872136, 24.8152082], [121.2865122, 24.8159722], [121.2861022, 24.8162268], [121.2852173, 24.8161485], [121.2836851, 24.8156196], [121.2820881, 24.8162072], [121.2803832, 24.8167459], [121.2797358, 24.8169908], [121.2790775, 24.8168537], [121.2779985, 24.8164227], [121.2771568, 24.8160995], [121.276477, 24.8158253], [121.2753548, 24.8155314], [121.2736931, 24.8151593], [121.2715565, 24.8149732], [121.2673482, 24.8146108], [121.2666037, 24.8144737], [121.2654923, 24.8142484], [121.2648448, 24.8140329], [121.2645751, 24.8135628], [121.2645535, 24.8130339], [121.2647585, 24.811741], [121.2650822, 24.811026], [121.2655678, 24.8100074], [121.2658807, 24.8094099], [121.2660318, 24.8088908], [121.2660891, 24.8082444], [121.2659462, 24.8071988], [121.2656868, 24.8062015], [121.2650459, 24.8052872], [121.2643439, 24.8046916], [121.2634283, 24.8045946], [121.2612343, 24.8044204], [121.2594217, 24.8053321], [121.2588681, 24.8056135], [121.2580821, 24.805714], [121.2570857, 24.8055532], [121.2565211, 24.8056939], [121.2559676, 24.8061361], [121.2555026, 24.8068194], [121.2549269, 24.8075831], [121.2544066, 24.8087086], [121.254152, 24.8092413], [121.2536316, 24.8099145], [121.2532885, 24.810216], [121.2528345, 24.8104069], [121.2526906, 24.8104672], [121.2524581, 24.8105275], [121.2522478, 24.8105577], [121.2519046, 24.8105476], [121.249458, 24.8097738], [121.2485494, 24.8097578], [121.2479996, 24.8096452], [121.2473898, 24.8095798], [121.2467848, 24.8094237], [121.2464801, 24.8093941], [121.245988, 24.8093178], [121.2457289, 24.8092307], [121.2446757, 24.809104], [121.2440031, 24.8089882], [121.2436634, 24.8088786], [121.243299, 24.8087328], [121.2435658, 24.8086194], [121.2441247, 24.8081319], [121.2446467, 24.8076313], [121.2448901, 24.8073502], [121.245338, 24.8070816], [121.2454049, 24.8068053], [121.2454023, 24.8063847], [121.2454194, 24.8060746], [121.2459324, 24.8053443], [121.2465573, 24.8052168], [121.2471919, 24.8040592], [121.2473234, 24.8038194], [121.2474174, 24.8037434], [121.2475444, 24.8029028], [121.2475846, 24.8028037], [121.2476884, 24.8025477], [121.2477336, 24.8024364], [121.2476582, 24.801476], [121.247648, 24.8012041], [121.2468357, 24.8005469], [121.2466861, 24.800194], [121.2466536, 24.7999518], [121.2468833, 24.7994697], [121.246912, 24.7990398], [121.2468478, 24.7985032], [121.2470124, 24.7982321], [121.2471804, 24.7975842], [121.2475577, 24.7969046], [121.2480888, 24.7964603], [121.249433, 24.7960433], [121.2497321, 24.7957381], [121.2500521, 24.7957365], [121.2503498, 24.7957018], [121.2508333, 24.7952692], [121.2510421, 24.7945162], [121.2512002, 24.7944432], [121.2519704, 24.7940878], [121.2532839, 24.7935941], [121.2547046, 24.7939068], [121.2554652, 24.7934769], [121.2573246, 24.7928475], [121.2579058, 24.7928297], [121.2585435, 24.7930569], [121.2595673, 24.7937142], [121.2600835, 24.7934485], [121.26049, 24.79284], [121.26105, 24.79178], [121.2610174, 24.7909853], [121.2612218, 24.7902277], [121.2608812, 24.7895319], [121.2607449, 24.7888052], [121.2604554, 24.7879857], [121.26007, 24.78733], [121.2586842, 24.7865941], [121.2584287, 24.7858365], [121.258616, 24.7846923], [121.259689, 24.7837182], [121.2598082, 24.7829914], [121.2598423, 24.7820792], [121.26029, 24.78179], [121.260779, 24.7816926], [121.2621074, 24.781538], [121.2633506, 24.7811359], [121.2646961, 24.7813524], [121.2649856, 24.7813215], [121.2655306, 24.7804556], [121.2660075, 24.7797907], [121.2665865, 24.7797288], [121.2671145, 24.7798989], [121.2680171, 24.7799144], [121.2682726, 24.7795433], [121.2691582, 24.7790175], [121.2708102, 24.7783217], [121.2713722, 24.7773785], [121.2714063, 24.775662], [121.2711168, 24.7748579], [121.2715273, 24.7748476], [121.2729731, 24.7748115], [121.273163, 24.7747144], [121.2741823, 24.774193], [121.2743163, 24.7740858], [121.2745971, 24.7738614], [121.274942, 24.7735856], [121.2753234, 24.7732806], [121.275652, 24.7727946], [121.2760878, 24.7721501], [121.2765158, 24.7715171], [121.2766774, 24.7712781], [121.2772309, 24.7709611], [121.2785962, 24.770763], [121.2788829, 24.7707214], [121.2804923, 24.770675], [121.28208, 24.77048], [121.28313, 24.7704], [121.2843687, 24.77039], [121.2853342, 24.7701562], [121.2861604, 24.7697763], [121.2871152, 24.7688898], [121.2880808, 24.7685098], [121.2901086, 24.7682565], [121.29136, 24.76816], [121.2918574, 24.767974], [121.2923187, 24.7678182], [121.2926084, 24.7675746], [121.292823, 24.7669804], [121.2929321, 24.7662026], [121.293074, 24.7652882], [121.2936643, 24.764309], [121.2939849, 24.7640091], [121.2948016, 24.7636855], [121.2955311, 24.7635881], [121.2964323, 24.7632958], [121.2971619, 24.7631984], [121.2975052, 24.7631594], [121.2980417, 24.7629451], [121.2986425, 24.7629841], [121.299651, 24.7633153], [121.3002947, 24.7635101], [121.30086, 24.76358], [121.3011507, 24.7632884], [121.30167, 24.76281], [121.30175, 24.76257], [121.3016895, 24.7620488], [121.302698, 24.7600224], [121.3034275, 24.7585805], [121.3042215, 24.7572944], [121.3048652, 24.7567293], [121.3055733, 24.7561058], [121.306496, 24.7556576], [121.3077225, 24.7551566], [121.3075045, 24.754469], [121.30707, 24.75374], [121.3067106, 24.7527932], [121.3064531, 24.752423], [121.3060239, 24.7522086], [121.3058737, 24.7519553], [121.30585, 24.75162], [121.30549, 24.75079], [121.30518, 24.75034], [121.30507, 24.74999], [121.3053373, 24.748779], [121.3055204, 24.7481905], [121.3056162, 24.7478826], [121.3053802, 24.74646], [121.3050583, 24.7459144], [121.30415, 24.74531], [121.3029984, 24.7442579], [121.30247, 24.74377], [121.3019041, 24.7430692], [121.3013891, 24.7425235], [121.3008526, 24.7414517], [121.3004878, 24.7402824], [121.3004414, 24.7400715], [121.3002304, 24.7391131], [121.3002163, 24.7381548], [121.3002089, 24.7376515], [121.2998291, 24.7372552], [121.2992004, 24.7365991], [121.299081, 24.7361738], [121.2989214, 24.7356052], [121.298385, 24.7345723], [121.2980846, 24.7333055], [121.2982777, 24.7321166], [121.2984494, 24.731376], [121.2986639, 24.7306159], [121.2989722, 24.7305234], [121.29955, 24.73035], [121.3, 24.7302], [121.3007024, 24.7296804], [121.30111, 24.72906], [121.3012064, 24.7289434], [121.30154, 24.72854], [121.3021186, 24.7281017], [121.30252, 24.72774], [121.3035563, 24.7268738], [121.3040713, 24.7263671], [121.3046649, 24.7262555], [121.3049898, 24.7261945], [121.3053158, 24.7261332], [121.3055733, 24.7251392], [121.3056591, 24.7240087], [121.3062385, 24.7228783], [121.3067106, 24.7215334], [121.307247, 24.7207148], [121.3075903, 24.720286], [121.307526, 24.7194673], [121.307246, 24.7174009], [121.3071826, 24.7169334], [121.3065604, 24.7151402], [121.3064102, 24.713113], [121.3060239, 24.7123528], [121.30581, 24.71162], [121.30553, 24.71111], [121.30506, 24.71067], [121.30444, 24.71018], [121.30391, 24.7096], [121.30364, 24.709], [121.30328, 24.70811], [121.3031, 24.70743], [121.3030199, 24.7058421], [121.3028053, 24.7051013], [121.3022688, 24.7044385], [121.3022045, 24.7038342], [121.3023976, 24.7031714], [121.3022474, 24.7017873], [121.3012818, 24.6998574], [121.30017, 24.69785], [121.2995652, 24.6967772], [121.299372, 24.6959584], [121.29961, 24.69524], [121.3001016, 24.6946718], [121.3008741, 24.6939699], [121.3016036, 24.6935605], [121.3022903, 24.6933266], [121.3031513, 24.6931854], [121.30363, 24.69313], [121.3041089, 24.6929913], [121.3049945, 24.6934246], [121.3056076, 24.6936722], [121.3066295, 24.69409], [121.3070382, 24.6944923], [121.307447, 24.6947398], [121.3084858, 24.6951731], [121.3103252, 24.6962872], [121.311347, 24.6966431], [121.3119602, 24.6971382], [121.3130672, 24.6976488], [121.314072, 24.6979428], [121.3148554, 24.6980975], [121.31525, 24.69809], [121.31597, 24.69818], [121.31674, 24.69813], [121.3178188, 24.698113], [121.318466, 24.69785], [121.319011, 24.6973858], [121.31908, 24.69676], [121.3198114, 24.6961015], [121.3202542, 24.695792], [121.32108, 24.69551], [121.32171, 24.69544], [121.32304, 24.69547], [121.3233028, 24.6953278], [121.3237797, 24.6952195], [121.3246142, 24.6947089], [121.3265964, 24.69352], [121.3274413, 24.6929604], [121.3285143, 24.6920165], [121.3296213, 24.6911035], [121.3307794, 24.6897573], [121.3312733, 24.6891848], [121.3321419, 24.688148], [121.33253, 24.68759], [121.33333, 24.68667], [121.3341175, 24.6857959], [121.3356332, 24.6839234], [121.3362463, 24.6829331], [121.336621, 24.6822522], [121.33675, 24.68184], [121.33708, 24.6814], [121.33746, 24.68103], [121.33792, 24.68071], [121.33805, 24.6804], [121.33838, 24.67998], [121.33864, 24.67947], [121.33892, 24.67906], [121.33892, 24.6784], [121.33929, 24.67615], [121.33926, 24.67554], [121.3389883, 24.6750716], [121.3392438, 24.6740037], [121.3396695, 24.673168], [121.3397717, 24.6719609], [121.33962, 24.67135], [121.33981, 24.67028], [121.3392438, 24.669237], [121.3395674, 24.6684013], [121.33938, 24.6677358], [121.3392267, 24.6671941], [121.3390905, 24.6669619], [121.3391586, 24.6666369], [121.3393971, 24.6664203], [121.3398228, 24.6662964], [121.3403167, 24.6663274], [121.3406573, 24.6668536], [121.3419517, 24.6683239], [121.3426159, 24.6689275], [121.3432801, 24.6693144], [121.3437399, 24.6694537], [121.34416, 24.66917], [121.34441, 24.66893], [121.34457, 24.66854], [121.34455, 24.66798], [121.34462, 24.66762], [121.34483, 24.66692], [121.345, 24.66657], [121.3455793, 24.6665905], [121.345988, 24.6666679], [121.3480317, 24.6677513], [121.3488833, 24.6678751], [121.34937, 24.66775], [121.35013, 24.66703], [121.35055, 24.66671], [121.3505183, 24.6668072], [121.350944, 24.6665441], [121.3513698, 24.6663274], [121.3517615, 24.6664048], [121.3522725, 24.6668846], [121.3530048, 24.6675501], [121.3533284, 24.6678441], [121.353686, 24.6671631], [121.3535157, 24.6664357], [121.3531751, 24.6663119], [121.3531921, 24.6656928], [121.3529537, 24.6655381], [121.35333, 24.66533], [121.3535498, 24.6652285], [121.3537031, 24.664919], [121.3535498, 24.6645011], [121.3533284, 24.6640987], [121.3533284, 24.663557], [121.3532432, 24.6628296], [121.3535, 24.66168], [121.3530389, 24.6613282], [121.3530899, 24.6601365], [121.35364, 24.65923], [121.3537371, 24.6588828], [121.3533624, 24.6585732], [121.3533795, 24.6579541], [121.353107, 24.6574278], [121.3528515, 24.6567158], [121.3528685, 24.6560503], [121.3531751, 24.6559729], [121.3533965, 24.6556788], [121.3534135, 24.6553073], [121.3531921, 24.6548739], [121.3526301, 24.6544405], [121.3522384, 24.6540381], [121.35236, 24.65348], [121.3521532, 24.6524438], [121.3524428, 24.6513912], [121.3528004, 24.6506947], [121.3526301, 24.649704], [121.3527664, 24.6492861], [121.35295, 24.64874], [121.3529367, 24.6480787], [121.3526301, 24.6470881], [121.3524087, 24.6460664], [121.3522214, 24.6448126], [121.3524428, 24.643373], [121.3529367, 24.6426454], [121.3534817, 24.642212], [121.3539926, 24.6419179], [121.3551507, 24.6415773], [121.3558319, 24.6412213], [121.3567516, 24.6393946], [121.3574839, 24.6371344], [121.3573647, 24.6367474], [121.3574499, 24.6347659], [121.3578075, 24.6337442], [121.3580763, 24.6335406], [121.3591509, 24.6335774], [121.3606108, 24.6337802], [121.3612529, 24.6337495], [121.362, 24.63334], [121.36283, 24.63277], [121.3634495, 24.6324531], [121.3641862, 24.6323118], [121.3648148, 24.6320722], [121.3654704, 24.6318019], [121.365788, 24.6317528], [121.3661334, 24.6317846], [121.3663895, 24.6318081], [121.3663693, 24.6316975], [121.3659637, 24.631378], [121.365565, 24.6309049], [121.3654366, 24.6304749], [121.3653825, 24.6300386], [121.3653925, 24.6298582], [121.3654433, 24.6289389], [121.3653757, 24.6283245], [121.3651926, 24.6279574], [121.3651121, 24.6277961], [121.3648621, 24.6273783], [121.3648338, 24.626988], [121.3647945, 24.6264445], [121.364652, 24.6261834], [121.36453, 24.62596], [121.36423, 24.62544], [121.3640818, 24.6251842], [121.3637334, 24.6245828], [121.363653, 24.6243747], [121.3633819, 24.6236735], [121.3632738, 24.6230406], [121.3633009, 24.6225942], [121.3633211, 24.6222603], [121.3633211, 24.6217749], [121.3631724, 24.6212097], [121.3630642, 24.620669], [121.3628618, 24.6206799], [121.3624718, 24.6207008], [121.361922, 24.6207304], [121.3617193, 24.6206567], [121.3613945, 24.6201575], [121.3610637, 24.619649], [121.3606943, 24.619224], [121.3600972, 24.6185369], [121.3597, 24.61828], [121.359575, 24.6182147], [121.3593334, 24.6180884], [121.35884, 24.6173633], [121.3588279, 24.6172165], [121.358786, 24.6167059], [121.3588671, 24.6163618], [121.3590901, 24.6157535], [121.3592284, 24.6153423], [121.35933, 24.61504], [121.3595227, 24.6146597], [121.3595362, 24.6141989], [121.35951, 24.61391], [121.3594889, 24.6137933], [121.3596646, 24.6136151], [121.3599958, 24.6133386], [121.3606041, 24.6128225], [121.361165, 24.6124231], [121.3613475, 24.6119622], [121.3613078, 24.6117509], [121.3612056, 24.6112064], [121.3612109, 24.6110107], [121.3612259, 24.6104629], [121.3612056, 24.6101127], [121.3612748, 24.6099717], [121.3614016, 24.6097132], [121.3618206, 24.6094552], [121.3622329, 24.6091725], [121.3627263, 24.608644], [121.3636523, 24.6078944], [121.3637739, 24.6076977], [121.3640105, 24.6072676], [121.3641389, 24.6067821], [121.3643214, 24.6059341], [121.3641389, 24.6053565], [121.3638846, 24.6048988], [121.3634765, 24.6041644], [121.3632602, 24.6035376], [121.363294, 24.6031381], [121.3639023, 24.6025113], [121.3645714, 24.6018906], [121.3654095, 24.6012638], [121.3658556, 24.6008644], [121.3659908, 24.6006186], [121.3662206, 24.5999119], [121.3664571, 24.5995862], [121.3665737, 24.5994351], [121.3667748, 24.5991744], [121.3671491, 24.5989022], [121.3672479, 24.5988303], [121.367721, 24.5986275], [121.3681347, 24.5984937], [121.3686334, 24.5983325], [121.3692215, 24.5980068], [121.3698973, 24.5977672], [121.3710801, 24.5974783], [121.3715194, 24.5972632], [121.3719114, 24.5969129], [121.3721142, 24.5965749], [121.3721277, 24.5957023], [121.3722156, 24.5952291], [121.372175, 24.594971], [121.3722899, 24.5947128], [121.3723257, 24.5945901], [121.3724386, 24.5942028], [121.372736, 24.5937726], [121.3730942, 24.5936128], [121.3735876, 24.5933608], [121.3743311, 24.593158], [121.3748109, 24.5930044], [121.3756112, 24.5927285], [121.375845, 24.5926479], [121.3770075, 24.5921501], [121.3774098, 24.5919645], [121.3779132, 24.5917322], [121.3781495, 24.5916302], [121.3792514, 24.5911545], [121.3794586, 24.5910561], [121.3801571, 24.5907243], [121.3808533, 24.5905031], [121.3816305, 24.5901097], [121.3818053, 24.5900256], [121.3830093, 24.589446], [121.3836717, 24.5889789], [121.384165, 24.5886778], [121.3843014, 24.5885632], [121.3846111, 24.5883029], [121.3850233, 24.5881312], [121.3853343, 24.5880017], [121.3855779, 24.5878258], [121.3859947, 24.5875229], [121.3862873, 24.5873134], [121.3865496, 24.5870338], [121.3867198, 24.5868524], [121.3872335, 24.5865513], [121.3876931, 24.5865144], [121.3883217, 24.5864468], [121.3889029, 24.5865329], [121.3913699, 24.5864591], [121.3920728, 24.5866373], [121.3933029, 24.5870061], [121.39413, 24.58723], [121.394729, 24.5875469], [121.3949925, 24.5878788], [121.3952832, 24.5885241], [121.3957428, 24.5889359], [121.3965673, 24.5890711], [121.3971621, 24.5892432], [121.3981354, 24.589827], [121.3985544, 24.5900483], [121.3990396, 24.5901973], [121.3998656, 24.5903494], [121.4013998, 24.5915048], [121.4017378, 24.5916646], [121.4023325, 24.5917322], [121.4030301, 24.5917101], [121.4031366, 24.5920307], [121.4034285, 24.5925533], [121.4036977, 24.5929419], [121.4041441, 24.5935025], [121.4046504, 24.5939779], [121.4049561, 24.5943682], [121.4053495, 24.594798], [121.4060916, 24.5953634], [121.4064557, 24.5957226], [121.4066211, 24.5959706], [121.4067853, 24.5963252], [121.4068198, 24.5966611], [121.4067991, 24.5968493], [121.4067205, 24.5970487], [121.4067538, 24.5971947], [121.408049, 24.5979631], [121.4081525, 24.598061], [121.4082394, 24.5982266], [121.4083414, 24.5988249], [121.4084629, 24.5989841], [121.4087319, 24.5992238], [121.4090257, 24.5994007], [121.4098717, 24.5997349], [121.4104483, 24.600065], [121.4114117, 24.600254], [121.4116958, 24.6003706], [121.4119736, 24.6005786], [121.4121082, 24.6007339], [121.4123072, 24.600999], [121.4124945, 24.6013237], [121.4125885, 24.6016205], [121.4126436, 24.6022735], [121.4127403, 24.6025955], [121.4127169, 24.6028616], [121.4125823, 24.6033938], [121.4126338, 24.6035483], [121.4127118, 24.6036344], [121.4127703, 24.603661], [121.4129307, 24.6036577], [121.4134155, 24.6033955], [121.4145604, 24.6023881], [121.4151742, 24.602014], [121.4154184, 24.6019538], [121.4157307, 24.602216], [121.4159233, 24.6022812], [121.4161797, 24.6022844], [121.4162625, 24.6022596], [121.4163561, 24.6022315], [121.4175046, 24.6016535], [121.4176218, 24.6015455], [121.4177771, 24.6012011], [121.4178743, 24.6010939], [121.4179716, 24.6010609], [121.4182121, 24.6010553], [121.4185391, 24.6010991], [121.4201519, 24.6014087], [121.4208104, 24.6016526], [121.4217081, 24.6019852], [121.4225538, 24.6022346], [121.4232024, 24.6026568], [121.4233421, 24.6027142], [121.4235376, 24.602776], [121.4239878, 24.6028497], [121.4244327, 24.6030265], [121.4245545, 24.6030983], [121.424712, 24.6032467], [121.4248162, 24.6033577], [121.4251995, 24.603766], [121.4253039, 24.6038318], [121.4255274, 24.6039014], [121.4256721, 24.6040236], [121.4258481, 24.6043586], [121.4258836, 24.6047803], [121.4259537, 24.6049159], [121.4262202, 24.6050637], [121.4265473, 24.6051896], [121.4272276, 24.6054514], [121.4274077, 24.6055719], [121.427609, 24.6057643], [121.4278617, 24.6062415], [121.4281163, 24.6071154], [121.4286504, 24.6086619], [121.4287424, 24.6091578], [121.4289477, 24.6096936], [121.4290735, 24.6099668], [121.4295329, 24.6107232], [121.4297564, 24.6112537], [121.4297812, 24.6115171], [121.429778, 24.6120421], [121.4299012, 24.6123675], [121.4301992, 24.6129394], [121.4302622, 24.613114], [121.4304475, 24.6139854], [121.4306042, 24.6144842], [121.4307569, 24.6146169], [121.430975, 24.6146729], [121.4311552, 24.6147191], [121.431775, 24.6150029], [121.4322308, 24.61527], [121.4323336, 24.6153303], [121.4325443, 24.6155432], [121.4327199, 24.6158252], [121.4328105, 24.6160214], [121.432913, 24.6163892], [121.4329171, 24.6175706], [121.4329891, 24.6177195], [121.4332022, 24.6179755], [121.4333985, 24.6184525], [121.4335217, 24.6187518], [121.4335803, 24.6188476], [121.4337383, 24.618954], [121.4343865, 24.6191334], [121.4346077, 24.6192375], [121.434827, 24.6194648], [121.4349674, 24.6197149], [121.4350914, 24.6203566], [121.435238, 24.6208121], [121.4352878, 24.6209158], [121.4356272, 24.621275], [121.4356741, 24.6214452], [121.4355992, 24.621699], [121.4352817, 24.6222246], [121.435238, 24.6223285], [121.4352, 24.6225227], [121.435138, 24.6234847], [121.4349454, 24.623962], [121.4348605, 24.6242626], [121.4348576, 24.6245978], [121.4349146, 24.624879], [121.4350098, 24.6251592], [121.4351005, 24.6252895], [121.4352818, 24.6254281], [121.4355424, 24.6255316], [121.4356137, 24.6256146], [121.4356677, 24.6263731], [121.4359053, 24.6270879], [121.4360545, 24.6273699], [121.4365803, 24.6282636], [121.4368418, 24.6285085], [121.4369983, 24.6287159], [121.437409, 24.6296083], [121.4377899, 24.6302669], [121.4381793, 24.6308523], [121.438641, 24.631633], [121.4392269, 24.6325095], [121.4393527, 24.6328633], [121.4393732, 24.6333528], [121.4394154, 24.6335022], [121.43984, 24.6338033], [121.4399731, 24.6339407], [121.4401737, 24.6342641], [121.4404326, 24.6349595], [121.4405614, 24.6351058], [121.4407531, 24.635189], [121.4412696, 24.635308], [121.4426142, 24.635937], [121.443448, 24.6362385], [121.4439072, 24.6364631], [121.4444125, 24.6367638], [121.4447143, 24.6369898], [121.4449875, 24.6372682], [121.4452308, 24.6376476], [121.4453752, 24.6381026], [121.4454711, 24.6387382], [121.4455939, 24.639298], [121.4456041, 24.639499], [121.4455834, 24.6397924], [121.4454717, 24.6401385], [121.4452931, 24.6404021], [121.4449626, 24.6407479], [121.4448302, 24.64103], [121.4448186, 24.6411813], [121.44492, 24.6426083], [121.4449444, 24.6428335], [121.4450768, 24.6432473], [121.4453417, 24.6436611], [121.4454876, 24.6438715], [121.4460659, 24.6443685], [121.4469038, 24.6448867], [121.447718, 24.6453343], [121.4483652, 24.6457342], [121.4487379, 24.6460465], [121.4488848, 24.6462131], [121.4490768, 24.6465495], [121.4497648, 24.6482466], [121.4500455, 24.6488746], [121.4509088, 24.6501905], [121.4513438, 24.6509531], [121.4513724, 24.651082], [121.4513755, 24.6511974], [121.4512896, 24.6515898], [121.4511149, 24.6517885], [121.4506429, 24.6520698], [121.4493254, 24.6527123], [121.4491158, 24.6528505], [121.448878, 24.6530646], [121.4486549, 24.6535098], [121.4485225, 24.6539061], [121.4482245, 24.6546044], [121.4478717, 24.6551476], [121.4476672, 24.6557878], [121.4475593, 24.6562395], [121.4474992, 24.6572772], [121.4476614, 24.6581017], [121.4477302, 24.6583419], [121.4479841, 24.6589334], [121.4484267, 24.6595259], [121.4485818, 24.6598355], [121.4489916, 24.6609718], [121.449221, 24.6616081], [121.4493627, 24.6619234], [121.4495383, 24.6621927], [121.4496134, 24.6622693], [121.4498291, 24.6623795], [121.4511283, 24.662872], [121.4516866, 24.6631843], [121.4519384, 24.6633655], [121.4521781, 24.6635379], [121.4535166, 24.6641146], [121.4537035, 24.6642138], [121.4538512, 24.6643443], [121.4543781, 24.6655715], [121.4545807, 24.6662045], [121.4547547, 24.6669293], [121.4549699, 24.6676777], [121.4551966, 24.6681565], [121.4558615, 24.6689932], [121.4565036, 24.6699262], [121.457395, 24.670983], [121.4591583, 24.6728077], [121.4594952, 24.6731395], [121.4596893, 24.6732558], [121.4599198, 24.6732627], [121.4601392, 24.6732101], [121.46076, 24.6728265], [121.4612049, 24.6726695], [121.461979, 24.6726274], [121.4628356, 24.6725293], [121.46318, 24.6724898], [121.4642473, 24.6724727], [121.46517, 24.672395], [121.466786, 24.6724128], [121.4672429, 24.6723078], [121.4674451, 24.6722613], [121.4685373, 24.67189], [121.4689441, 24.6718199], [121.4690729, 24.6718252], [121.469336, 24.6718572], [121.4699476, 24.6720403], [121.4710645, 24.6724359], [121.471521, 24.6726434], [121.4718722, 24.6729572], [121.4720683, 24.6730502], [121.4722175, 24.6730768], [121.4723638, 24.6731008], [121.4734868, 24.6730576], [121.4739117, 24.6731068], [121.4742662, 24.6731479], [121.4751591, 24.6733422], [121.4753259, 24.6733785], [121.4761824, 24.6736713], [121.4766645, 24.6737721], [121.4775965, 24.6737709], [121.4782754, 24.6735901], [121.4785973, 24.673606], [121.4789953, 24.6737284], [121.4791709, 24.6737496], [121.4797069, 24.6737615], [121.4798532, 24.6737758], [121.47955, 24.67477], [121.4793072, 24.6752523], [121.4787, 24.67592], [121.4782324, 24.6765784], [121.4778315, 24.6772653], [121.4772079, 24.6781136], [121.476735, 24.6785465], [121.4761403, 24.6789298], [121.4759099, 24.6792834], [121.4754388, 24.6808168], [121.4754414, 24.68118], [121.475496, 24.6825189], [121.4753826, 24.6835782], [121.4752402, 24.6838329], [121.4748074, 24.684108], [121.4740178, 24.6849002], [121.4739171, 24.6851989], [121.4738926, 24.685492], [121.4738211, 24.6863044], [121.4736846, 24.686871], [121.4735858, 24.6874362], [121.4734634, 24.6881366], [121.4733244, 24.6887417], [121.4730075, 24.6894761], [121.4730015, 24.6897682], [121.4730492, 24.6900279], [121.4731807, 24.6902651], [121.4735637, 24.6907961], [121.4739538, 24.6912186], [121.474246, 24.6917266], [121.4745308, 24.6924867], [121.4747223, 24.6933117], [121.4747669, 24.6936562], [121.4746447, 24.6942043], [121.4743051, 24.6949362], [121.4741835, 24.6954674], [121.4741817, 24.6960531], [121.4740586, 24.6961405], [121.4718088, 24.6966351], [121.4707644, 24.6967764], [121.4704427, 24.6966703], [121.4697586, 24.6961369], [121.4693796, 24.6961577], [121.468776, 24.6966413], [121.4686942, 24.6966862], [121.4676676, 24.6972498], [121.4675909, 24.6972986], [121.466913, 24.6977297], [121.4668564, 24.6977813], [121.4664363, 24.6981644], [121.4658184, 24.6989893], [121.4647884, 24.6997109], [121.4645779, 24.6998786], [121.4643147, 24.7002065], [121.4637363, 24.7009575], [121.4621595, 24.7018327], [121.4612758, 24.7022686], [121.4605722, 24.702544], [121.4592242, 24.7029075], [121.4568211, 24.7031664], [121.4562969, 24.7033234], [121.4554442, 24.7037727], [121.4548853, 24.7040484], [121.4535011, 24.7046306], [121.4523421, 24.7050948], [121.45158, 24.70528], [121.4512827, 24.7053248], [121.4508762, 24.705386], [121.4503505, 24.7055747], [121.4502221, 24.7056776], [121.4500358, 24.7058725], [121.4496447, 24.706649], [121.4492705, 24.7078212], [121.4490713, 24.7087995], [121.4490405, 24.7089508], [121.4489705, 24.7093378], [121.4489191, 24.7096224], [121.4488739, 24.7098723], [121.4488253, 24.7101412], [121.4488106, 24.7103687], [121.4487958, 24.7105961], [121.4488242, 24.7116156], [121.4487926, 24.712097], [121.4486342, 24.7123719], [121.4482947, 24.7127009], [121.4474895, 24.7131574], [121.4472089, 24.7133724], [121.4470167, 24.7135884], [121.4464995, 24.7141696], [121.4456344, 24.7145432], [121.4453742, 24.7146555], [121.445218, 24.7147578], [121.4450617, 24.7148601], [121.4449327, 24.7150381], [121.4446616, 24.7155701], [121.44454, 24.71595], [121.4443268, 24.716695], [121.4439637, 24.7176081], [121.4437699, 24.7180534], [121.4436072, 24.718427], [121.4435174, 24.7186334], [121.443313, 24.719063], [121.4431553, 24.7193943], [121.4430263, 24.7196654], [121.4425031, 24.7209176], [121.4421284, 24.7217882], [121.4420488, 24.7219528], [121.4416737, 24.7227282], [121.44147, 24.7232194], [121.4414105, 24.7236665], [121.4413771, 24.7239119], [121.4412704, 24.7246952], [121.4412368, 24.7249419], [121.4410327, 24.7258039], [121.4409861, 24.7260009], [121.4408977, 24.7261233], [121.4404889, 24.7262913], [121.4397621, 24.7264269], [121.4384432, 24.7265742], [121.4382332, 24.7266305], [121.437841, 24.7272438], [121.4375289, 24.727585], [121.4370137, 24.7281395], [121.4366279, 24.7284533], [121.4362747, 24.7287467], [121.4358495, 24.7289877], [121.4352153, 24.7293191], [121.434898, 24.729546], [121.4345569, 24.7297678], [121.434189, 24.7300763], [121.4341027, 24.7303032], [121.4341353, 24.7305914], [121.434229, 24.7308549], [121.4347426, 24.7317073], [121.43504, 24.73228], [121.4353442, 24.7330115], [121.4353253, 24.73326], [121.435, 24.73411], [121.4348763, 24.7343255], [121.4344684, 24.7348935], [121.4339147, 24.7355903], [121.4334721, 24.7360856], [121.4331296, 24.7363988], [121.4328453, 24.736965], [121.4327479, 24.7373862], [121.43278, 24.73785], [121.4330412, 24.7389915], [121.4330384, 24.7391533], [121.4328995, 24.7401594], [121.4326553, 24.7408547], [121.43226, 24.741748], [121.4318768, 24.7423288], [121.4305421, 24.7433044], [121.4303087, 24.743496], [121.4302137, 24.7437644], [121.4302329, 24.7444634], [121.4301774, 24.7452262], [121.4301231, 24.7455606], [121.4295284, 24.7462912], [121.4291832, 24.7468821], [121.4288574, 24.7475633], [121.4285824, 24.7483101], [121.4285542, 24.7485253], [121.4286414, 24.7489371], [121.4290961, 24.7497478], [121.4291593, 24.7500192], [121.4290831, 24.7503347], [121.4288825, 24.7506515], [121.4288222, 24.7507466], [121.4287835, 24.7508077], [121.4287056, 24.7509307], [121.4285863, 24.7511191], [121.4284566, 24.7514571], [121.4284189, 24.7515553], [121.4284297, 24.752073], [121.4284519, 24.7531316], [121.4284393, 24.753426], [121.4281867, 24.7540989], [121.4281076, 24.7542479], [121.4279331, 24.7545764], [121.427771, 24.7547741], [121.4274844, 24.7549501], [121.4272174, 24.7551141], [121.4270363, 24.7552494], [121.426885, 24.7554256], [121.4268489, 24.7554676], [121.4263215, 24.7565536], [121.4259478, 24.7574591], [121.4257511, 24.7579356], [121.4255632, 24.7583562], [121.4254511, 24.75873], [121.4254705, 24.7590106], [121.4257847, 24.7597894], [121.4258511, 24.7602529], [121.4257911, 24.76058], [121.4255768, 24.7608038], [121.4253332, 24.7609694], [121.4249453, 24.7612535], [121.4234764, 24.7616803], [121.4233332, 24.7618106], [121.4232653, 24.7619], [121.4232295, 24.7622368], [121.4232432, 24.7626097], [121.4234326, 24.7632018], [121.4238921, 24.7639555], [121.4241158, 24.7643841], [121.4246105, 24.7653071], [121.4250858, 24.7665256], [121.425379, 24.7669908], [121.4255927, 24.7671979], [121.4264547, 24.7680702], [121.4268837, 24.7684153], [121.4278605, 24.7691106], [121.4285821, 24.7696368], [121.4296805, 24.7704147], [121.4308384, 24.771502], [121.431151, 24.7718197], [121.431611, 24.7720382], [121.4321842, 24.7722536], [121.43354, 24.7725071], [121.4342458, 24.7726174], [121.4347311, 24.7726903], [121.4351268, 24.7727547], [121.4354263, 24.772838], [121.4356721, 24.7729498], [121.4360337, 24.7731445], [121.4368732, 24.7737677], [121.4372489, 24.7740571], [121.4375011, 24.7743279], [121.4379174, 24.7747571], [121.4382989, 24.7752294], [121.4387063, 24.7759235], [121.4393747, 24.7769409], [121.4395568, 24.7772759], [121.4397374, 24.7776312], [121.4399116, 24.7780918], [121.4400258, 24.7784174], [121.4401811, 24.7787939], [121.4408205, 24.7794143], [121.4414032, 24.7798712], [121.4419, 24.7802135], [121.4423068, 24.78049], [121.4425395, 24.7805462], [121.4434037, 24.7805365], [121.4438689, 24.7805762], [121.44415, 24.7806521], [121.4450558, 24.7813109], [121.4457937, 24.7816479], [121.446039, 24.7818812], [121.4464169, 24.7823267], [121.4467011, 24.7826067], [121.4469384, 24.7828712], [121.44709, 24.78321], [121.4471516, 24.783465], [121.4472874, 24.7839976], [121.4475265, 24.7842647], [121.4480798, 24.7846759], [121.4485831, 24.7850215], [121.4493587, 24.7858126], [121.4495506, 24.7861351], [121.4494995, 24.7866574], [121.4493698, 24.7869842], [121.4492739, 24.7870766], [121.4488994, 24.7876869], [121.4487911, 24.7880407], [121.4488295, 24.7883935], [121.4489173, 24.7886167], [121.4492236, 24.7888511], [121.4494829, 24.7889735], [121.450028, 24.7893833], [121.4503974, 24.7898661], [121.4504776, 24.7901714], [121.4505077, 24.7904702], [121.4504748, 24.7906451]]], [[[121.3071907, 24.9312092], [121.307282, 24.9312923], [121.3126543, 24.9359828], [121.3130438, 24.9362408], [121.3141785, 24.937104], [121.31577, 24.938474], [121.3158492, 24.9383607], [121.3159325, 24.9382018], [121.3160842, 24.9379642], [121.3161991, 24.9377913], [121.3162556, 24.9376856], [121.3163243, 24.9375735], [121.3164231, 24.9374131], [121.3165472, 24.9371849], [121.3167, 24.9369588], [121.316774, 24.9368177], [121.3171528, 24.9363594], [121.3172122, 24.9362914], [121.3172662, 24.9362159], [121.317336, 24.93612], [121.3173986, 24.9360295], [121.3174607, 24.9359368], [121.3175794, 24.9357421], [121.3176135, 24.9356877], [121.3176606, 24.935607], [121.3176922, 24.9355252], [121.317745, 24.9354132], [121.3178146, 24.9353022], [121.3179374, 24.9350798], [121.3180627, 24.934873], [121.3181394, 24.9347963], [121.3182292, 24.9347467], [121.3183201, 24.9347084], [121.3184092, 24.9347037], [121.3185775, 24.9346656], [121.3187866, 24.934624], [121.3189118, 24.9345858], [121.3189618, 24.9345625], [121.3190072, 24.9345411], [121.3190922, 24.9345125], [121.3192226, 24.9344661], [121.3193778, 24.9344031], [121.3194955, 24.9343651], [121.3195939, 24.9343172], [121.3197075, 24.9342609], [121.3198253, 24.9341911], [121.3199158, 24.9341061], [121.3199982, 24.9340556], [121.3200523, 24.9339847], [121.3200815, 24.9338993], [121.3200603, 24.9338155], [121.3200367, 24.9337592], [121.3200444, 24.9336775], [121.3201005, 24.9335628], [121.3201489, 24.9335427], [121.3201769, 24.933556], [121.320189, 24.9335836], [121.320224, 24.9336545], [121.3202691, 24.9336935], [121.3203337, 24.9337024], [121.3203929, 24.9336837], [121.3204774, 24.9336559], [121.3205578, 24.9336743], [121.3206405, 24.9336779], [121.3206974, 24.9336703], [121.3207296, 24.9336441], [121.3207613, 24.9336112], [121.3207772, 24.9335769], [121.3208019, 24.9335248], [121.3208123, 24.9334529], [121.3208295, 24.9333935], [121.3208341, 24.9332695], [121.3208192, 24.9331674], [121.3207882, 24.9330903], [121.3207583, 24.9330226], [121.3207525, 24.9329569], [121.3207686, 24.9328757], [121.3207847, 24.9327808], [121.3208021, 24.932736], [121.3208284, 24.9326704], [121.3208935, 24.932552], [121.320926, 24.9324865], [121.3209926, 24.9324141], [121.3210679, 24.9323453], [121.3211489, 24.9322786], [121.3211707, 24.9322156], [121.3211823, 24.9321557], [121.3211869, 24.9321041], [121.3212159, 24.9320642], [121.3212995, 24.9320088], [121.3213682, 24.931987], [121.3214331, 24.9319947], [121.321504, 24.9320197], [121.3215491, 24.932072], [121.3215764, 24.9321609], [121.3216011, 24.9321953], [121.3216685, 24.9322731], [121.3217476, 24.932337], [121.321855, 24.9323464], [121.3219184, 24.9323319], [121.3219756, 24.9322786], [121.3220193, 24.9322276], [121.3221359, 24.9321437], [121.3221675, 24.9321083], [121.322414, 24.931902], [121.3225002, 24.9318181], [121.3225863, 24.9317368], [121.3226414, 24.9316983], [121.322761, 24.9316144], [121.3228592, 24.93153], [121.3229552, 24.9314654], [121.3230775, 24.9314039], [121.3231526, 24.931351], [121.3232085, 24.9312826], [121.3232413, 24.9311971], [121.3232411, 24.9310067], [121.3232177, 24.9309267], [121.3231918, 24.9308314], [121.3231648, 24.9307689], [121.3231476, 24.9306876], [121.3231011, 24.9306194], [121.3230597, 24.9305334], [121.3230149, 24.930448], [121.3229609, 24.9303573], [121.3229195, 24.9302938], [121.3228828, 24.9302042], [121.3226924, 24.9298245], [121.3226334, 24.9297155], [121.3225633, 24.9295436], [121.3224956, 24.9294373], [121.3224435, 24.9292978], [121.3223473, 24.9290716], [121.3222646, 24.9288444], [121.3220578, 24.9281963], [121.3220273, 24.9280628], [121.3220475, 24.9280427], [121.3222112, 24.9280739], [121.3223623, 24.9281104], [121.3225404, 24.9281552], [121.3225967, 24.9281765], [121.3226702, 24.928199], [121.323093, 24.9282953], [121.3232286, 24.9283401], [121.3237043, 24.9284547], [121.3240355, 24.9285306], [121.3242673, 24.928573], [121.3247025, 24.9286827], [121.3249373, 24.928695], [121.3250417, 24.9287204], [121.325252, 24.9287371], [121.3257461, 24.9287705], [121.3261149, 24.9288059], [121.3264952, 24.9288726], [121.3268709, 24.9289518], [121.3274293, 24.9290455], [121.328221, 24.9291518], [121.3287105, 24.9292445], [121.329263, 24.9293311], [121.3300856, 24.9294602], [121.3302536, 24.9294915], [121.3304713, 24.9295149], [121.3307867, 24.9295712], [121.331032, 24.9296082], [121.3312871, 24.9296254], [121.3315376, 24.9296342], [121.3316996, 24.9296457], [121.3319719, 24.9296639], [121.3321529, 24.9296853], [121.332254, 24.9296707], [121.3326745, 24.9297405], [121.3331686, 24.9298072], [121.3332421, 24.9298343], [121.3333455, 24.9298343], [121.3335839, 24.929832], [121.3337563, 24.9298171], [121.3339183, 24.9298004], [121.334074, 24.9297608], [121.3341872, 24.9297431], [121.3342929, 24.9297228], [121.3343802, 24.9296903], [121.3344985, 24.9296457], [121.3346318, 24.929592], [121.3347691, 24.929553], [121.3351006, 24.9293883], [121.3352895, 24.9292915], [121.3353919, 24.9292404], [121.3354884, 24.9291857], [121.3356889, 24.9290685], [121.335836, 24.9290002], [121.3359563, 24.9289665], [121.33606, 24.9289346], [121.3361445, 24.928921], [121.3363318, 24.9288861], [121.3367035, 24.9287955], [121.3374578, 24.9286262], [121.3378151, 24.9285579], [121.3381701, 24.9285204], [121.3388646, 24.9284549], [121.3393329, 24.9284735], [121.3397764, 24.9285055], [121.3379845, 24.9267721], [121.3366013, 24.9258306], [121.3353235, 24.9250707], [121.3348712, 24.9248676], [121.3342548, 24.9248164], [121.3329855, 24.9247621], [121.3317237, 24.9248958], [121.329971, 24.9250054], [121.3270622, 24.924584], [121.3260683, 24.9238882], [121.3247171, 24.9234519], [121.321642, 24.9205788], [121.3199705, 24.918567], [121.3175362, 24.9163593], [121.3195639, 24.9149924], [121.3198159, 24.9143149], [121.3201464, 24.9136039], [121.32151, 24.91322], [121.3225247, 24.912497], [121.3225389, 24.9118894], [121.3226531, 24.9118141], [121.3231269, 24.9116777], [121.3231132, 24.9112891], [121.3232596, 24.9110219], [121.3235054, 24.9099945], [121.3236875, 24.9098298], [121.3238359, 24.9098054], [121.3244493, 24.9099299], [121.3247756, 24.9096546], [121.3250182, 24.9095283], [121.3259512, 24.9094384], [121.3260979, 24.9093332], [121.3261932, 24.9091891], [121.3261941, 24.9089777], [121.3261142, 24.9088308], [121.3260398, 24.9086475], [121.3261754, 24.9082614], [121.3259908, 24.9080628], [121.3260153, 24.9076705], [121.3262, 24.90744], [121.3261818, 24.9072909], [121.3261622, 24.9071302], [121.3258929, 24.9069229], [121.3257542, 24.9066269], [121.3254359, 24.9061754], [121.3250581, 24.9058006], [121.3248786, 24.9056226], [121.32361, 24.90439], [121.3232691, 24.9042229], [121.3229355, 24.9040594], [121.3226945, 24.9039413], [121.32237, 24.9038274], [121.3220014, 24.9036979], [121.3219361, 24.9036366], [121.3217973, 24.9035061], [121.3217642, 24.9033983], [121.3217146, 24.9032369], [121.3217447, 24.9029586], [121.3217554, 24.9028594], [121.3217949, 24.9026084], [121.3218333, 24.9024116], [121.3218615, 24.9022672], [121.3218, 24.90202], [121.3214698, 24.9017491], [121.3214645, 24.9015683], [121.3214592, 24.9013854], [121.3213452, 24.901275], [121.3209436, 24.9008859], [121.3204152, 24.900374], [121.3203384, 24.9002996], [121.3203355, 24.9002243], [121.3209585, 24.9000424], [121.3213954, 24.8998666], [121.32203, 24.89897], [121.3224434, 24.8985556], [121.3227608, 24.898447], [121.3238352, 24.89787], [121.3247354, 24.8975614], [121.325524, 24.8972763], [121.3262275, 24.8966638], [121.3265376, 24.8962493], [121.3265784, 24.895968], [121.32708, 24.89595], [121.3278333, 24.8959422], [121.3282621, 24.896278], [121.3284635, 24.8967378], [121.3290837, 24.8973522], [121.3296586, 24.8974826], [121.3299977, 24.8977149], [121.3304221, 24.8977593], [121.3305934, 24.897937], [121.3306669, 24.8983737], [121.3311526, 24.8986727], [121.331385, 24.8989807], [121.3316188, 24.8996382], [121.331723, 24.8997694], [121.331943, 24.8999032], [121.3322917, 24.8998412], [121.3323231, 24.8998211], [121.332428, 24.8997365], [121.3328833, 24.8994114], [121.3332915, 24.8993915], [121.3337108, 24.8988919], [121.3336945, 24.898655], [121.3332388, 24.898235], [121.3332609, 24.8976378], [121.3332789, 24.8970574], [121.3333699, 24.8968743], [121.3334289, 24.8966796], [121.3334368, 24.8965712], [121.3333774, 24.8962446], [121.3332841, 24.8960775], [121.3329689, 24.8958439], [121.3327219, 24.8955411], [121.3326771, 24.89503], [121.332503, 24.8946134], [121.3323398, 24.8940878], [121.3321293, 24.8937906], [121.3320216, 24.8934734], [121.3322419, 24.8933623], [121.3330541, 24.893228], [121.3332375, 24.8931477], [121.3334179, 24.8926384], [121.3334318, 24.892277], [121.3333375, 24.8917805], [121.3333338, 24.8916808], [121.3336839, 24.8915198], [121.3338985, 24.8915635], [121.33439, 24.8917535], [121.3350425, 24.8916659], [121.3352385, 24.8917868], [121.3353348, 24.8921335], [121.335449, 24.8922594], [121.3360403, 24.8922838], [121.3363011, 24.8922172], [121.3365589, 24.8922742], [121.3368372, 24.8925569], [121.3374635, 24.8926442], [121.3383283, 24.8933073], [121.3389754, 24.8932281], [121.3392863, 24.8929188], [121.3394664, 24.892893], [121.3397895, 24.8925823], [121.3403085, 24.8925393], [121.3404632, 24.8923264], [121.3421764, 24.8925534], [121.3420021, 24.8922446], [121.3417409, 24.8913785], [121.3420347, 24.8907863], [121.3414721, 24.8902675], [121.3416485, 24.8899713], [121.3415428, 24.8891411], [121.3410915, 24.8887585], [121.3410881, 24.8880843], [121.3413188, 24.8874783], [121.3423938, 24.887307], [121.343683, 24.8867064], [121.3445751, 24.8860296], [121.3447277, 24.8856487], [121.3447786, 24.8848262], [121.3449272, 24.8842086], [121.3452066, 24.8837161], [121.3453398, 24.883376], [121.3453205, 24.8830267], [121.3452277, 24.882755], [121.345567, 24.8817809], [121.3456005, 24.8809581], [121.3455888, 24.8800426], [121.3461939, 24.8792529], [121.3471089, 24.8787109], [121.3476792, 24.8786023], [121.3486053, 24.8785808], [121.34969, 24.8788], [121.3505463, 24.8785565], [121.3508976, 24.8782892], [121.3519711, 24.876779], [121.3522507, 24.8766737], [121.3527663, 24.8767182], [121.3532964, 24.8765872], [121.3534574, 24.8764154], [121.3533882, 24.8749554], [121.3536718, 24.8744476], [121.3542245, 24.8739807], [121.3544049, 24.8734567], [121.3544255, 24.8732763], [121.3538678, 24.8727484], [121.353839, 24.8725953], [121.3537669, 24.8721685], [121.3536932, 24.8720367], [121.3531846, 24.8711882], [121.3529746, 24.8710074], [121.3526534, 24.8708881], [121.3523408, 24.8706362], [121.3520478, 24.8704792], [121.35062, 24.870124], [121.3501714, 24.8698313], [121.349722, 24.8693538], [121.3495146, 24.8689133], [121.3492814, 24.8687392], [121.3481307, 24.8686208], [121.3478978, 24.8683015], [121.3459021, 24.8681973], [121.3458131, 24.8681173], [121.3453659, 24.8678704], [121.3452496, 24.867329], [121.3450663, 24.8669428], [121.3452311, 24.8668365], [121.3456706, 24.8662969], [121.345972, 24.8661129], [121.3463762, 24.8655407], [121.34656, 24.86485], [121.3467634, 24.8638135], [121.3467915, 24.8635563], [121.3469311, 24.8633638], [121.3471663, 24.8631832], [121.3473285, 24.8630311], [121.3474071, 24.8624345], [121.3473559, 24.8620096], [121.3480591, 24.8615478], [121.3482776, 24.8613054], [121.3483208, 24.8607629], [121.3488768, 24.8601794], [121.3494903, 24.8597006], [121.3499179, 24.8596024], [121.3507186, 24.8592616], [121.3512546, 24.8593825], [121.3522119, 24.8591479], [121.3526054, 24.8589275], [121.3530434, 24.8588398], [121.3534515, 24.8586472], [121.3537076, 24.8582446], [121.3538546, 24.857864], [121.3538548, 24.8575863], [121.353956, 24.8571908], [121.3541455, 24.8567805], [121.3542911, 24.8565693], [121.3546674, 24.8562778], [121.3550265, 24.8557358], [121.3553748, 24.8556206], [121.3555794, 24.8555098], [121.3556379, 24.8553602], [121.3555359, 24.8551447], [121.3555896, 24.8550486], [121.3558301, 24.8549659], [121.3561037, 24.8547302], [121.3567028, 24.8544317], [121.3572563, 24.8544099], [121.3576531, 24.8545217], [121.3578872, 24.854375], [121.3581017, 24.8539409], [121.3581238, 24.8534063], [121.358009, 24.8531973], [121.3571244, 24.853108], [121.3568446, 24.8532602], [121.3567276, 24.8535389], [121.3565814, 24.8536037], [121.3559782, 24.8534063], [121.355469, 24.8535884], [121.3549826, 24.8534565], [121.3545989, 24.8532168], [121.3544267, 24.8524796], [121.3541796, 24.852159], [121.3537187, 24.8518351], [121.3535596, 24.8515668], [121.3535619, 24.8509931], [121.3533419, 24.850622], [121.3530829, 24.8503417], [121.3527863, 24.8502528], [121.3525305, 24.8503164], [121.3521116, 24.8506783], [121.3518677, 24.8506693], [121.3517541, 24.8501838], [121.3518793, 24.8500054], [121.3524534, 24.8497042], [121.3528377, 24.8495005], [121.3529075, 24.8492401], [121.3525963, 24.8490516], [121.3517352, 24.8491454], [121.3513034, 24.8492614], [121.3508072, 24.8494796], [121.3502884, 24.8494648], [121.3499355, 24.8496314], [121.3497691, 24.8496232], [121.3497542, 24.8494278], [121.3499779, 24.8491857], [121.3503497, 24.8489593], [121.3503823, 24.8487483], [121.3497528, 24.8487384], [121.3490953, 24.8483833], [121.3486322, 24.8483358], [121.3485474, 24.8484918], [121.3482626, 24.8495384], [121.3480957, 24.8497947], [121.3481613, 24.8500462], [121.3483273, 24.8503583], [121.3482775, 24.8506176], [121.3481964, 24.8508135], [121.3479845, 24.8509096], [121.3478312, 24.8509409], [121.3476663, 24.8508409], [121.3476748, 24.8505904], [121.3476792, 24.8500165], [121.3475976, 24.8499138], [121.3473718, 24.849954], [121.3469819, 24.8501939], [121.3469447, 24.8501945], [121.3466045, 24.8501995], [121.346122, 24.8500881], [121.3456761, 24.8498148], [121.3451853, 24.8497168], [121.3446921, 24.8496199], [121.3442569, 24.8494509], [121.3436356, 24.8490521], [121.3432159, 24.848899], [121.3424939, 24.8486565], [121.3419314, 24.8485734], [121.3415913, 24.8486719], [121.3410646, 24.8487515], [121.3404647, 24.8489656], [121.3402997, 24.8489328], [121.3402288, 24.848721], [121.3397595, 24.8487415], [121.3391955, 24.8485144], [121.338903, 24.848543], [121.3388414, 24.8487511], [121.3386593, 24.8487832], [121.338444, 24.8486803], [121.3381063, 24.8484286], [121.3376449, 24.8484454], [121.337335, 24.8484283], [121.3371358, 24.84835], [121.3367045, 24.8477693], [121.3362257, 24.8470375], [121.3360727, 24.8461442], [121.3360448, 24.8455034], [121.3359305, 24.8451702], [121.3357934, 24.84479], [121.3356171, 24.8448348], [121.3355165, 24.8447967], [121.3354201, 24.8447054], [121.3352566, 24.844656], [121.3350009, 24.8446484], [121.3348122, 24.8446826], [121.3345649, 24.8446369], [121.3342966, 24.8445799], [121.3340199, 24.844519], [121.3338144, 24.844481], [121.3335545, 24.8443706], [121.3334623, 24.8443402], [121.3332107, 24.8443326], [121.332934, 24.8437277], [121.3329089, 24.8435318], [121.3329392, 24.8433482], [121.3329785, 24.8431879], [121.3330963, 24.8430158], [121.3332663, 24.8427367], [121.3333318, 24.8425468], [121.333371, 24.8421965], [121.3333776, 24.8420303], [121.3332206, 24.8421075], [121.333129, 24.8421134], [121.3331551, 24.8418344], [121.3331617, 24.8415316], [121.3330112, 24.8413179], [121.3328869, 24.8413594], [121.332586, 24.8415138], [121.3323701, 24.841591], [121.3321869, 24.841591], [121.331971, 24.8414663], [121.3319645, 24.8412585], [121.3319776, 24.841027], [121.3320757, 24.8408667], [121.3320953, 24.8407123], [121.3321869, 24.8404274], [121.3320495, 24.8402018], [121.3320299, 24.8401186], [121.3320561, 24.8400177], [121.3320953, 24.8398515], [121.3321477, 24.8397149], [121.3321934, 24.8396496], [121.3322392, 24.8394656], [121.3322458, 24.83924], [121.3323308, 24.8390738], [121.3324028, 24.8389847], [121.3323897, 24.8388838], [121.332357, 24.8387828], [121.3323308, 24.8386404], [121.332285, 24.8384207], [121.332272, 24.8382723], [121.332272, 24.8381535], [121.3321934, 24.8379279], [121.3321411, 24.837738], [121.3320692, 24.8374589], [121.3320103, 24.8372927], [121.3319056, 24.8371027], [121.3317159, 24.8368415], [121.3316047, 24.836699], [121.3315327, 24.8365387], [121.3314804, 24.8363546], [121.3314346, 24.8361231], [121.3313299, 24.8357906], [121.3312121, 24.8356719], [121.3310617, 24.8355175], [121.330885, 24.8353988], [121.3308262, 24.8352266], [121.3305252, 24.8350544], [121.3303551, 24.8347338], [121.3302047, 24.8343598], [121.3301981, 24.8342232], [121.3302177, 24.8338848], [121.3303028, 24.8333089], [121.3305374, 24.8325828], [121.3306671, 24.8323175], [121.3309774, 24.8320544], [121.3314084, 24.83132], [121.3313495, 24.8312665], [121.331343, 24.8311419], [121.3309439, 24.8310053], [121.3307477, 24.83094], [121.3306037, 24.8307856], [121.3306299, 24.8307025], [121.3307787, 24.8305628], [121.3308196, 24.8305244], [121.3309047, 24.8303522], [121.3309177, 24.8302097], [121.3308392, 24.8298475], [121.3307149, 24.8296041], [121.3307149, 24.8294854], [121.3307411, 24.8287788], [121.3306299, 24.8286185], [121.3305121, 24.8283454], [121.3304009, 24.8281673], [121.3303748, 24.8279771], [121.3304987, 24.8278271], [121.3305813, 24.8277584], [121.3307948, 24.8277084], [121.3311185, 24.8276709], [121.3313802, 24.8275834], [121.3316349, 24.8275521], [121.3319379, 24.8276146], [121.3321308, 24.8276709], [121.3322685, 24.8277084], [121.3325646, 24.8276271], [121.3328332, 24.8275959], [121.3331224, 24.8276709], [121.3333565, 24.8276709], [121.3335662, 24.8276031], [121.3336298, 24.8274812], [121.3334037, 24.8272568], [121.3332553, 24.8271222], [121.3330928, 24.8270773], [121.3328667, 24.8269426], [121.3327325, 24.8267054], [121.3326053, 24.8265323], [121.3321179, 24.826295], [121.3317575, 24.8261924], [121.3315244, 24.8261026], [121.331376, 24.8259936], [121.331376, 24.8258526], [121.3317717, 24.8252049], [121.3317575, 24.8250446], [121.3315244, 24.8249998], [121.3313902, 24.8250254], [121.3311287, 24.8251857], [121.3309309, 24.8253524], [121.3308179, 24.825455], [121.3307119, 24.8254614], [121.3301962, 24.8254165], [121.3298712, 24.8254165], [121.3295391, 24.8253845], [121.3293766, 24.825346], [121.3292141, 24.8252306], [121.3291223, 24.8250703], [121.3291152, 24.8249356], [121.3292, 24.8246407], [121.3291435, 24.8245637], [121.328981, 24.8245445], [121.328656, 24.8248074], [121.3282116, 24.8250858], [121.3281544, 24.8251216], [121.3280131, 24.8250767], [121.3277658, 24.8249292], [121.3276316, 24.82491], [121.3274549, 24.8248266], [121.327349, 24.8247048], [121.3272218, 24.8245124], [121.3272218, 24.8243393], [121.3274125, 24.8239546], [121.3275609, 24.8237173], [121.327568, 24.8234801], [121.3274761, 24.8231017], [121.3276174, 24.8228388], [121.327794, 24.8227811], [121.3280201, 24.8227042], [121.3280908, 24.82264], [121.3280908, 24.8224156], [121.3279777, 24.8223066], [121.3277234, 24.8222232], [121.3272642, 24.8220886], [121.3266636, 24.821986], [121.3259925, 24.8218834], [121.3255332, 24.8215628], [121.3253495, 24.8205881], [121.3252294, 24.8202611], [121.3248833, 24.8201136], [121.3246501, 24.8200943], [121.3245159, 24.8201777], [121.3243322, 24.8203124], [121.324092, 24.8205753], [121.3240213, 24.8207163], [121.3240425, 24.8209664], [121.3240637, 24.8211396], [121.3240001, 24.8213512], [121.3239436, 24.8214602], [121.3238518, 24.8215115], [121.3237952, 24.8215564], [121.3232442, 24.8214602], [121.3228415, 24.8215051], [121.3226366, 24.8215564], [121.3224529, 24.8216205], [121.3223954, 24.8216814], [121.3223257, 24.8217551], [121.3221703, 24.8219219], [121.3220078, 24.8220822], [121.3216545, 24.8221655], [121.3214073, 24.822204], [121.3210443, 24.8220381], [121.3208703, 24.8218577], [121.3207502, 24.8216718], [121.3207008, 24.8213319], [121.3207078, 24.8211973], [121.3207785, 24.8209857], [121.3210328, 24.8206971], [121.3211105, 24.8205817], [121.3210823, 24.8203188], [121.3209551, 24.8202098], [121.320729, 24.8201392], [121.3204535, 24.8199789], [121.3202062, 24.8198443], [121.3200154, 24.8195365], [121.3196975, 24.819421], [121.3195633, 24.8191004], [121.3195421, 24.818985], [121.3192595, 24.818799], [121.3190263, 24.8185682], [121.3190051, 24.8183822], [121.3192383, 24.8182475], [121.3194997, 24.8180744], [121.3196198, 24.817959], [121.3200673, 24.8174437], [121.3202939, 24.8168659], [121.3210924, 24.8142704], [121.3215348, 24.8137121], [121.3216643, 24.8132126], [121.3218477, 24.8128992], [121.3220959, 24.8112635], [121.322139, 24.8106759], [121.322056, 24.8098071], [121.3217355, 24.8093777], [121.3219797, 24.8088791], [121.3220712, 24.8083665], [121.3220102, 24.8081449], [121.3216745, 24.807951], [121.3209038, 24.8074385], [121.3175163, 24.8046939], [121.3165242, 24.8034767], [121.3161788, 24.8034053], [121.315372, 24.8037469], [121.3124574, 24.8052983], [121.3092375, 24.8074731], [121.3084897, 24.808138], [121.3075741, 24.8088029], [121.3069485, 24.8091353], [121.3060023, 24.8096617], [121.3053309, 24.8099249], [121.304812, 24.8099941], [121.3044305, 24.8097309], [121.303988, 24.8093569], [121.3033166, 24.8090661], [121.3027062, 24.8088998], [121.30176, 24.8087752], [121.3011038, 24.8087752], [121.3004171, 24.8088721], [121.2995931, 24.8090661], [121.2987996, 24.80926], [121.2970141, 24.8095647], [121.2954576, 24.8097725], [121.291841, 24.8123904], [121.2898266, 24.8134512], [121.2882091, 24.81431], [121.2872136, 24.8152082], [121.2865122, 24.8159722], [121.2861022, 24.8162268], [121.2852173, 24.8161485], [121.2836851, 24.8156196], [121.2820881, 24.8162072], [121.2803832, 24.8167459], [121.2797358, 24.8169908], [121.2790775, 24.8168537], [121.2779985, 24.8164227], [121.2771568, 24.8160995], [121.276477, 24.8158253], [121.2753548, 24.8155314], [121.2736931, 24.8151593], [121.2715565, 24.8149732], [121.2673482, 24.8146108], [121.2666037, 24.8144737], [121.2654923, 24.8142484], [121.2648448, 24.8140329], [121.2645751, 24.8135628], [121.2645535, 24.8130339], [121.2647585, 24.811741], [121.2650822, 24.811026], [121.2655678, 24.8100074], [121.2658807, 24.8094099], [121.2660318, 24.8088908], [121.2660891, 24.8082444], [121.2659462, 24.8071988], [121.2656868, 24.8062015], [121.2650459, 24.8052872], [121.2643439, 24.8046916], [121.2634283, 24.8045946], [121.2612343, 24.8044204], [121.2594217, 24.8053321], [121.2588681, 24.8056135], [121.2580821, 24.805714], [121.2570857, 24.8055532], [121.2565211, 24.8056939], [121.2559676, 24.8061361], [121.2555026, 24.8068194], [121.2549269, 24.8075831], [121.2544066, 24.8087086], [121.254152, 24.8092413], [121.2536316, 24.8099145], [121.2532885, 24.810216], [121.2528345, 24.8104069], [121.2526906, 24.8104672], [121.2524581, 24.8105275], [121.2522478, 24.8105577], [121.2519046, 24.8105476], [121.249458, 24.8097738], [121.2485494, 24.8097578], [121.2479996, 24.8096452], [121.2473898, 24.8095798], [121.2467848, 24.8094237], [121.2464801, 24.8093941], [121.245988, 24.8093178], [121.2457289, 24.8092307], [121.2446757, 24.809104], [121.2440031, 24.8089882], [121.2436634, 24.8088786], [121.243299, 24.8087328], [121.2431055, 24.8087107], [121.2433231, 24.8101034], [121.2433425, 24.8104892], [121.2434584, 24.8116115], [121.2435453, 24.812348], [121.2437288, 24.8127075], [121.2437868, 24.8130319], [121.2437755, 24.8139652], [121.2439124, 24.814198], [121.244888, 24.8150572], [121.2455874, 24.816035], [121.246415, 24.8175223], [121.2476304, 24.8192759], [121.2490035, 24.8207468], [121.2505978, 24.8215538], [121.2517608, 24.8224697], [121.2521808, 24.8230187], [121.2525191, 24.8233979], [121.2534342, 24.8241683], [121.2538387, 24.8257573], [121.253978, 24.8266962], [121.2543361, 24.8282309], [121.2544687, 24.8289712], [121.2546146, 24.8296814], [121.2546942, 24.8298439], [121.2549443, 24.8303662], [121.2556089, 24.8317618], [121.2556751, 24.831867], [121.2561265, 24.832551], [121.2563833, 24.8329869], [121.2565323, 24.8331823], [121.2567311, 24.8334567], [121.2568719, 24.833592], [121.2571866, 24.8339527], [121.2580604, 24.8348622], [121.258901, 24.835689], [121.259105, 24.8358864], [121.2592838, 24.8360322], [121.2596257, 24.8363654], [121.2597375, 24.8365345], [121.259783, 24.8366134], [121.259841, 24.8367074], [121.2600812, 24.8373387], [121.2601226, 24.8376356], [121.2602468, 24.8382745], [121.2603421, 24.8387367], [121.260429, 24.8389321], [121.260723, 24.8395897], [121.2609342, 24.8399618], [121.2610626, 24.8402399], [121.2615264, 24.8408787], [121.2617583, 24.8412808], [121.2618825, 24.8414837], [121.2620523, 24.8416754], [121.2623753, 24.8420436], [121.2629012, 24.8425848], [121.2632532, 24.8429493], [121.2638909, 24.8435768], [121.2643381, 24.8442457], [121.2645866, 24.8446628], [121.2648889, 24.845095], [121.2649883, 24.8453204], [121.2651332, 24.8455985], [121.2654106, 24.8461171], [121.2655887, 24.8464252], [121.2657005, 24.8466056], [121.2657916, 24.8467521], [121.2660277, 24.8470151], [121.2664542, 24.8474999], [121.2667068, 24.8477704], [121.2669718, 24.847947], [121.267241, 24.8482251], [121.2673732, 24.8484107], [121.2677337, 24.8489165], [121.2678, 24.8500739], [121.267593, 24.851141], [121.2675805, 24.8513364], [121.2675805, 24.8515205], [121.2669925, 24.852738], [121.2667896, 24.8530874], [121.2666322, 24.8534106], [121.2662739, 24.8544143], [121.2659342, 24.8551263], [121.26555, 24.8560485], [121.2653351, 24.8563509], [121.2651685, 24.8566454], [121.2650808, 24.8568642], [121.2649449, 24.8570671], [121.2648837, 24.857189], [121.2648003, 24.8573604], [121.2647519, 24.8574928], [121.264366, 24.8587302], [121.2643047, 24.8589809], [121.2642301, 24.8590008], [121.2640284, 24.8588655], [121.2636864, 24.8587462], [121.2632128, 24.8586268], [121.2630637, 24.8584836], [121.2629497, 24.8582369], [121.2628795, 24.8581096], [121.2626164, 24.8581096], [121.2624673, 24.858205], [121.2624059, 24.8584119], [121.2622481, 24.8586427], [121.2620464, 24.8587223], [121.2615202, 24.8588735], [121.2613502, 24.8589114], [121.2612706, 24.8590706], [121.2612612, 24.8592505], [121.2612485, 24.8593481], [121.2614045, 24.8595118], [121.2614721, 24.8597189], [121.2614158, 24.8600593], [121.2611892, 24.8601542], [121.2610244, 24.8602268], [121.2608164, 24.8607859], [121.2606094, 24.8610996], [121.2604468, 24.8613883], [121.2604077, 24.8615119], [121.2603186, 24.8616977], [121.2601678, 24.8620785], [121.2598982, 24.8625816], [121.2595978, 24.8632228], [121.2593069, 24.8638435], [121.2591639, 24.8640892], [121.2589907, 24.8642449], [121.2588986, 24.8644683], [121.258738, 24.8647001], [121.2585601, 24.8646158], [121.2583586, 24.8645239], [121.2582015, 24.8644584], [121.2578237, 24.864219], [121.2576623, 24.8639955], [121.2575529, 24.8638498], [121.2573652, 24.8636811], [121.2569498, 24.863551], [121.2566196, 24.8634611], [121.2564558, 24.8634148], [121.2562383, 24.8632797], [121.2559611, 24.8631343], [121.2556372, 24.8629871], [121.2553779, 24.8629253], [121.2550963, 24.8628977], [121.254883, 24.8625788], [121.2547603, 24.8626244], [121.2546734, 24.8626182], [121.2541745, 24.8615335], [121.2536287, 24.8611155], [121.2530404, 24.8604466], [121.2526081, 24.8600865], [121.2524876, 24.8601122], [121.2522679, 24.8602601], [121.2520056, 24.8604402], [121.2518355, 24.8605238], [121.2517363, 24.8605688], [121.2516087, 24.8605431], [121.2515024, 24.8604852], [121.2514173, 24.860408], [121.2512897, 24.8602923], [121.2512047, 24.8601829], [121.250992, 24.8600093], [121.2506943, 24.8598164], [121.2505738, 24.8596983], [121.2505171, 24.8596427], [121.2502972, 24.8594159], [121.2501483, 24.859358], [121.2500207, 24.8593323], [121.2499499, 24.8593516], [121.249879, 24.8594159], [121.2498223, 24.8594802], [121.2497443, 24.8595445], [121.2496167, 24.8596346], [121.2495175, 24.8596796], [121.249397, 24.859641], [121.2492411, 24.8596024], [121.2490851, 24.8595188], [121.2490213, 24.8593387], [121.248837, 24.859075], [121.2487449, 24.8588499], [121.2486457, 24.858747], [121.2483976, 24.8586248], [121.2481849, 24.8584576], [121.2479723, 24.8582904], [121.2478093, 24.8582711], [121.2477384, 24.8583483], [121.247648, 24.8584736], [121.2475896, 24.8585927], [121.2474179, 24.8586998], [121.2471221, 24.858912], [121.2468702, 24.8591024], [121.2466294, 24.8592491], [121.2462216, 24.8595509], [121.2457112, 24.8599561], [121.2457183, 24.8600526], [121.2457892, 24.860149], [121.2459948, 24.8604127], [121.2462499, 24.8606571], [121.2463846, 24.8608372], [121.2463846, 24.8609337], [121.2463775, 24.8612038], [121.2463917, 24.8615189], [121.2463988, 24.8619498], [121.24642, 24.86249], [121.2465334, 24.8627922], [121.2466185, 24.8630109], [121.2469729, 24.8640399], [121.2470296, 24.8643357], [121.2471147, 24.8645929], [121.2472352, 24.865101], [121.2474265, 24.8656154], [121.2475399, 24.8659177], [121.2476817, 24.8662714], [121.2480574, 24.8672103], [121.2481212, 24.8674547], [121.2481708, 24.8676412], [121.2482629, 24.8678019], [121.2486173, 24.8684707], [121.2487591, 24.8687344], [121.2488441, 24.8691202], [121.2488654, 24.8694611], [121.2488512, 24.8699627], [121.2488512, 24.870252], [121.2488937, 24.8703614], [121.2489575, 24.87067], [121.2489575, 24.8707922], [121.2489363, 24.8709337], [121.2488299, 24.8710752], [121.2486102, 24.8712295], [121.248589, 24.8714031], [121.2489079, 24.8720912], [121.2489434, 24.8731008], [121.2490284, 24.8736024], [121.2490001, 24.8738081], [121.2489717, 24.8746184], [121.2489504, 24.874972], [121.2487732, 24.8751135], [121.2492694, 24.8760009], [121.2499073, 24.8776406], [121.2499711, 24.8778335], [121.2499924, 24.8781808], [121.2500136, 24.8786502], [121.2499995, 24.8792225], [121.2502192, 24.8798333], [121.250283, 24.8802513], [121.2503964, 24.8809136], [121.250446, 24.8810872], [121.2505098, 24.8812287], [121.25085, 24.8822061], [121.2508004, 24.8829326], [121.2508996, 24.8834406], [121.2503964, 24.8836785], [121.2501625, 24.883775], [121.2503255, 24.8842444], [121.2504744, 24.884373], [121.2505736, 24.8844887], [121.2507083, 24.884688], [121.2507862, 24.8849066], [121.25085, 24.8851381], [121.25085, 24.8854082], [121.2508288, 24.8856911], [121.2508036, 24.8858986], [121.2507418, 24.8860961], [121.2506964, 24.8861726], [121.2505732, 24.886353], [121.2504898, 24.8867543], [121.2504374, 24.8867899], [121.2504085, 24.8866929], [121.2503822, 24.8865591], [121.2503042, 24.8863276], [121.2502405, 24.8862119], [121.2500824, 24.886046], [121.249962, 24.8859232], [121.2497301, 24.8858647], [121.2495104, 24.8858583], [121.2492694, 24.8858886], [121.2492899, 24.8861761], [121.2493682, 24.8869981], [121.2493794, 24.8875309], [121.2494018, 24.8878506], [121.2494241, 24.8888706], [121.2493962, 24.8892004], [121.2493626, 24.8897636], [121.2494114, 24.8901493], [121.2494454, 24.8905653], [121.2495047, 24.8912769], [121.2496111, 24.8919852], [121.249717, 24.8928478], [121.2498578, 24.8933713], [121.2501732, 24.8940745], [121.2505296, 24.8950173], [121.2506054, 24.8953735], [121.2508246, 24.8956113], [121.2512576, 24.8960979], [121.2514666, 24.8965367], [121.2520244, 24.897583], [121.2521578, 24.898253], [121.2522348, 24.8985983], [121.2522348, 24.8990025], [121.2525267, 24.8996993], [121.2525574, 24.9006191], [121.2523116, 24.9009954], [121.252496, 24.9014693], [121.2526684, 24.9019306], [121.2527111, 24.9025703], [121.2525185, 24.9032594], [121.2525158, 24.9034105], [121.2528186, 24.9049812], [121.2526803, 24.9052599], [121.2531874, 24.9056223], [121.2530798, 24.9063888], [121.2532488, 24.9067511], [121.2532181, 24.9072946], [121.2529439, 24.9084714], [121.2529511, 24.9087611], [121.253059, 24.9088764], [121.253177, 24.9089125], [121.2532999, 24.9091216], [121.2536277, 24.9095489], [121.2538899, 24.9099895], [121.2539627, 24.9102249], [121.2539647, 24.910822], [121.254443, 24.9113721], [121.2545693, 24.9114224], [121.2547389, 24.9115978], [121.2547584, 24.9117583], [121.256372, 24.9130855], [121.2567954, 24.9134907], [121.2569279, 24.9136868], [121.2571161, 24.9143621], [121.2571484, 24.914803], [121.257069, 24.9150374], [121.2568925, 24.9152913], [121.2566577, 24.9155222], [121.256571, 24.9156679], [121.2565833, 24.9158625], [121.2567607, 24.9160376], [121.2569654, 24.9161909], [121.2572177, 24.916339], [121.2575422, 24.9164786], [121.2578091, 24.9165486], [121.2580166, 24.9165826], [121.258711, 24.9166381], [121.2594619, 24.9167584], [121.2600677, 24.9168631], [121.2609709, 24.9170195], [121.261653, 24.9171969], [121.2617505, 24.9171374], [121.2620502, 24.9172022], [121.2624336, 24.9172341], [121.2625776, 24.9173005], [121.2626632, 24.9173528], [121.262785, 24.9174473], [121.2628758, 24.9175219], [121.2629435, 24.9175638], [121.2630644, 24.9176809], [121.2631581, 24.9177763], [121.2633025, 24.9179106], [121.2634092, 24.9180148], [121.2635314, 24.9182096], [121.2637933, 24.9185958], [121.2639842, 24.9188705], [121.2640781, 24.9190029], [121.2641637, 24.9190871], [121.2644383, 24.9191493], [121.2647261, 24.9192411], [121.2650447, 24.9193853], [121.2654976, 24.9196248], [121.2657501, 24.9197688], [121.265803, 24.9199354], [121.2657643, 24.9201226], [121.2657064, 24.9202825], [121.2656938, 24.9204291], [121.2657969, 24.9205386], [121.2659523, 24.9206459], [121.2661458, 24.9207566], [121.26671, 24.920851], [121.2672343, 24.9211474], [121.2673541, 24.9212268], [121.2674718, 24.9213073], [121.2675922, 24.9214395], [121.2676529, 24.9215022], [121.2677294, 24.9215514], [121.2678742, 24.9216207], [121.2680482, 24.9217331], [121.2681295, 24.9219045], [121.2681076, 24.9220016], [121.2680988, 24.9220813], [121.2680974, 24.9221879], [121.2680843, 24.9222879], [121.2681608, 24.9224349], [121.2682334, 24.9225728], [121.2682577, 24.9226242], [121.2682886, 24.9226775], [121.2683195, 24.9227325], [121.2683247, 24.922896], [121.2682403, 24.9230808], [121.268189, 24.9233177], [121.2681923, 24.9235041], [121.2682067, 24.9236471], [121.2682721, 24.9238059], [121.2683692, 24.9239527], [121.2685255, 24.924106], [121.2687984, 24.924225], [121.2690495, 24.9242495], [121.2692508, 24.9242816], [121.2694057, 24.9243238], [121.2696519, 24.9244223], [121.269775, 24.9244734], [121.2698464, 24.9245172], [121.2698736, 24.9245434], [121.2698866, 24.9245682], [121.2699036, 24.924638], [121.2699133, 24.9247352], [121.2699082, 24.9249648], [121.2699583, 24.9251798], [121.2700518, 24.9253555], [121.2700945, 24.925441], [121.2701026, 24.9254691], [121.2701026, 24.9255254], [121.2700883, 24.9256762], [121.270161, 24.9258748], [121.2702491, 24.9260002], [121.2703637, 24.9261035], [121.2706721, 24.9261882], [121.2708829, 24.9263312], [121.2709534, 24.9264428], [121.2710311, 24.9265252], [121.2711003, 24.9266314], [121.2711774, 24.9267596], [121.2714567, 24.92711], [121.2716102, 24.9272443], [121.2717714, 24.9274109], [121.2719731, 24.9275837], [121.2721287, 24.9276953], [121.2723931, 24.9278341], [121.2725429, 24.9278983], [121.2726478, 24.927977], [121.2727033, 24.9280456], [121.2727764, 24.9282042], [121.2729074, 24.9285502], [121.2733563, 24.9292246], [121.2735323, 24.9294518], [121.2735887, 24.9293467], [121.2735934, 24.9291595], [121.2736321, 24.9290226], [121.2736135, 24.9287665], [121.2736093, 24.9286734], [121.2735699, 24.9285911], [121.2735937, 24.9285211], [121.2736251, 24.9284253], [121.2736205, 24.9283517], [121.2736289, 24.9282746], [121.2735966, 24.9281555], [121.2735325, 24.9280644], [121.2735005, 24.9279611], [121.273481, 24.9278669], [121.2734796, 24.9277439], [121.2734987, 24.9276408], [121.2734615, 24.9275554], [121.2734507, 24.9274708], [121.2735967, 24.9274315], [121.2737173, 24.9274447], [121.2738814, 24.9274627], [121.2739716, 24.9275127], [121.2740629, 24.9275628], [121.2741478, 24.9276328], [121.274501, 24.9276972], [121.2747226, 24.9278503], [121.2749975, 24.9280912], [121.2751452, 24.9281553], [121.2753878, 24.9281278], [121.2757639, 24.928064], [121.2761218, 24.9279728], [121.2759471, 24.9275067], [121.2757148, 24.9269197], [121.2752627, 24.9262424], [121.2752747, 24.9261529], [121.2753557, 24.9261405], [121.2754246, 24.9260721], [121.2754905, 24.9259202], [121.2755126, 24.9257032], [121.2755978, 24.9256283], [121.27569, 24.925631], [121.2757507, 24.9256283], [121.2758703, 24.9253681], [121.2758907, 24.9251419], [121.2759157, 24.9250513], [121.2759522, 24.9249358], [121.276403, 24.9244446], [121.2764431, 24.9241509], [121.2766841, 24.9240795], [121.276786, 24.9240254], [121.2767772, 24.923761], [121.2767878, 24.9236597], [121.2767903, 24.9235403], [121.2767793, 24.9232116], [121.2767834, 24.9230279], [121.2769587, 24.9229319], [121.2772993, 24.9226977], [121.2773418, 24.9226764], [121.2774817, 24.9222507], [121.2775486, 24.9220287], [121.2775577, 24.9219345], [121.2774726, 24.9218098], [121.2774483, 24.9216942], [121.2775243, 24.9215696], [121.2774422, 24.9214358], [121.2773145, 24.9212837], [121.2771199, 24.9212442], [121.2769526, 24.9211803], [121.2767823, 24.9210222], [121.2766424, 24.9208276], [121.2764934, 24.9205296], [121.2765253, 24.9204227], [121.2768006, 24.9204571], [121.2771317, 24.920427], [121.2775445, 24.9203367], [121.2778155, 24.9202206], [121.2779531, 24.9200443], [121.2782584, 24.9201604], [121.2787572, 24.9203969], [121.2789207, 24.9205001], [121.2797248, 24.9207238], [121.280013, 24.9207969], [121.2805591, 24.9209646], [121.2807913, 24.9210463], [121.2810684, 24.9210906], [121.2813289, 24.9211323], [121.2816213, 24.9211022], [121.2820384, 24.9208442], [121.2825674, 24.9203109], [121.2826838, 24.9202097], [121.2831432, 24.9202905], [121.2835797, 24.9202572], [121.285187, 24.9209868], [121.2854224, 24.9210936], [121.2860383, 24.9213995], [121.2880483, 24.9221135], [121.289855, 24.9230245], [121.2913337, 24.9237456], [121.2917573, 24.9240122], [121.2926951, 24.9244755], [121.2931906, 24.9244943], [121.2935997, 24.9245449], [121.2938461, 24.9245976], [121.2939591, 24.9246588], [121.294038, 24.9245336], [121.2942418, 24.9246886], [121.294414, 24.9245871], [121.2941851, 24.9243584], [121.2947608, 24.9239299], [121.2948844, 24.9241398], [121.29542, 24.9239253], [121.2954084, 24.9238722], [121.2957196, 24.9237313], [121.2956744, 24.9235978], [121.2962178, 24.9232712], [121.296283, 24.9236143], [121.2963474, 24.9236118], [121.2965271, 24.9238867], [121.2966165, 24.9239263], [121.2964735, 24.9240563], [121.2971505, 24.9250407], [121.2979613, 24.9243492], [121.2982297, 24.9241809], [121.2983281, 24.9241889], [121.2983994, 24.9242218], [121.2990722, 24.9245763], [121.3000779, 24.9251157], [121.3016208, 24.9262309], [121.3025997, 24.927091], [121.3035798, 24.9278937], [121.3039915, 24.9282891], [121.3041935, 24.928483], [121.3071907, 24.9312092]]], [[[121.184669, 24.8899478], [121.184457, 24.889941], [121.1840476, 24.8899527], [121.1837487, 24.8900529], [121.1834434, 24.8901531], [121.1824817, 24.8902298], [121.1823907, 24.8901944], [121.1821828, 24.8899468], [121.1819684, 24.8897288], [121.181793, 24.8895696], [121.1816825, 24.8895107], [121.181598, 24.8894989], [121.1813966, 24.8895343], [121.1810003, 24.889605], [121.1808443, 24.8896286], [121.1806234, 24.8895461], [121.180396, 24.8895107], [121.1801036, 24.8895225], [121.1799542, 24.8895814], [121.1797656, 24.8896006], [121.1796123, 24.8895281], [121.1794523, 24.889389], [121.1790523, 24.8890745], [121.178799, 24.8888629], [121.178359, 24.8886512], [121.178219, 24.8884094], [121.1782124, 24.8881675], [121.177796, 24.8875331], [121.1776742, 24.8870544], [121.1773089, 24.8867046], [121.1773983, 24.886489], [121.1778571, 24.8857994], [121.1777937, 24.8855173], [121.1773264, 24.8854188], [121.1772219, 24.8851414], [121.1773245, 24.8847273], [121.1772905, 24.8842177], [121.1768305, 24.8840689], [121.1768544, 24.883683], [121.1768218, 24.8831328], [121.1769974, 24.8826171], [121.1767373, 24.8823926], [121.1762658, 24.8822485], [121.1757016, 24.8820081], [121.1746932, 24.881379], [121.1747917, 24.8812542], [121.1748618, 24.8806994], [121.1748893, 24.8805125], [121.1750561, 24.8793768], [121.1751977, 24.8785373], [121.1750587, 24.877792], [121.1748647, 24.8773265], [121.1747823, 24.8763094], [121.1748633, 24.8761319], [121.1753402, 24.8750867], [121.1758138, 24.8745861], [121.1761453, 24.8737463], [121.1758117, 24.8732996], [121.1758369, 24.8729103], [121.1755296, 24.8719055], [121.1737759, 24.8723213], [121.1732285, 24.8724142], [121.1716499, 24.8724924], [121.1701287, 24.8722059], [121.1675977, 24.8736251], [121.1663605, 24.8737326], [121.1652963, 24.8739887], [121.1618481, 24.8734819], [121.1608291, 24.8734428], [121.1603388, 24.873321], [121.1600972, 24.8734819], [121.159742, 24.8741624], [121.1595602, 24.8743287], [121.1587746, 24.874699], [121.1581658, 24.8753802], [121.1581373, 24.8749658], [121.1580815, 24.8746371], [121.1579293, 24.874458], [121.1576767, 24.8744393], [121.1568079, 24.8744226], [121.156496, 24.8744548], [121.1562436, 24.8744889], [121.1562197, 24.8743719], [121.1563317, 24.8741779], [121.1566963, 24.8738334], [121.1570004, 24.8735357], [121.1572103, 24.8729359], [121.1571674, 24.8726387], [121.1570497, 24.8723908], [121.1571655, 24.8722432], [121.1576344, 24.8723701], [121.157791, 24.8722295], [121.1579901, 24.8719589], [121.158255, 24.8715165], [121.1583996, 24.8712017], [121.1585837, 24.8709113], [121.1586479, 24.8707244], [121.1588742, 24.8702952], [121.1590984, 24.8696729], [121.15935, 24.86893], [121.1595325, 24.86852], [121.1597416, 24.8677368], [121.1598424, 24.8673332], [121.1598078, 24.8669022], [121.1599298, 24.8666613], [121.1600446, 24.8664725], [121.1600303, 24.8663488], [121.1599944, 24.8662512], [121.1599441, 24.866121], [121.1600087, 24.8660103], [121.1599585, 24.8659126], [121.1600948, 24.8657434], [121.1600087, 24.8656978], [121.1599647, 24.8654154], [121.1600627, 24.8652228], [121.1601594, 24.864884], [121.1601451, 24.8645715], [121.1602957, 24.864591], [121.1604793, 24.8645147], [121.1603934, 24.8644589], [121.1603388, 24.8642655], [121.1604177, 24.8641418], [121.1605654, 24.8641761], [121.1606731, 24.8640264], [121.1605224, 24.8639548], [121.1604506, 24.8637985], [121.1605224, 24.8635121], [121.1606869, 24.8633361], [121.1607807, 24.8631735], [121.1606478, 24.8629854], [121.1603169, 24.8629668], [121.160019, 24.8628974], [121.1598925, 24.8626606], [121.1598622, 24.8623662], [121.1602354, 24.8621839], [121.1604219, 24.8618193], [121.1607233, 24.8617022], [121.1606709, 24.8612803], [121.1603645, 24.8611032], [121.1602928, 24.8609209], [121.1605113, 24.8606714], [121.1607664, 24.8605433], [121.160996, 24.8603089], [121.1608122, 24.8601452], [121.1607395, 24.8599433], [121.1608812, 24.8597229], [121.1611251, 24.8596448], [121.1614409, 24.8595667], [121.1613835, 24.8593844], [121.1611453, 24.8591901], [121.1608052, 24.8591168], [121.1604076, 24.8588244], [121.1601636, 24.8584729], [121.1598909, 24.858564], [121.1597905, 24.8587073], [121.1597044, 24.8589026], [121.1594748, 24.8591109], [121.1592882, 24.8590198], [121.1591447, 24.8588114], [121.1592451, 24.8585901], [121.1594872, 24.8584586], [121.1595886, 24.8583247], [121.1596026, 24.8581412], [121.1597618, 24.8580301], [121.1602067, 24.8578999], [121.1602784, 24.8577437], [121.1600432, 24.8577927], [121.159764, 24.8577999], [121.1593566, 24.8579665], [121.1590551, 24.8579209], [121.1590203, 24.8577519], [121.158896, 24.857567], [121.1584271, 24.8575093], [121.1581258, 24.8572488], [121.1578137, 24.8570719], [121.1577239, 24.8569103], [121.1580856, 24.8567665], [121.1581114, 24.8565847], [121.1579822, 24.8565066], [121.1576725, 24.8564107], [121.1568629, 24.8561811], [121.1565041, 24.8559337], [121.1564844, 24.8556519], [121.1567786, 24.8554886], [121.15689, 24.85526], [121.15694, 24.85508], [121.1564036, 24.8539804], [121.1563319, 24.8535376], [121.1565328, 24.8534725], [121.1567234, 24.8534852], [121.15697, 24.85334], [121.15707, 24.85306], [121.15711, 24.85246], [121.1568198, 24.8522224], [121.1560305, 24.8520792], [121.1559013, 24.8518448], [121.1559157, 24.8516364], [121.1560546, 24.85146], [121.1560308, 24.8511903], [121.1557264, 24.8509319], [121.1557412, 24.8506586], [121.1556099, 24.8500403], [121.155399, 24.8498654], [121.1551034, 24.8498056], [121.1545537, 24.8495121], [121.1540915, 24.8492502], [121.1537311, 24.8489491], [121.1535833, 24.8486647], [121.1535043, 24.8483677], [121.1535726, 24.847611], [121.1535256, 24.84736], [121.1532621, 24.8470107], [121.1531252, 24.846607], [121.1530213, 24.8463451], [121.15286, 24.8461751], [121.1525678, 24.8458942], [121.152326, 24.8457502], [121.1518178, 24.8455625], [121.1510513, 24.8452065], [121.1504039, 24.8448646], [121.1500943, 24.8446486], [121.1499347, 24.8443265], [121.1503474, 24.8442266], [121.1506201, 24.8441745], [121.1509626, 24.8439963], [121.15149, 24.84387], [121.15202, 24.84383], [121.15271, 24.84391], [121.1531316, 24.8440052], [121.1535177, 24.8441105], [121.1539156, 24.8441937], [121.1542982, 24.8441653], [121.1545866, 24.8438956], [121.1546361, 24.8430642], [121.1546469, 24.8424916], [121.1547245, 24.8422731], [121.1549891, 24.8421886], [121.1553643, 24.842244], [121.1557017, 24.8422505], [121.1559444, 24.8421168], [121.1560879, 24.8417261], [121.1562495, 24.8409128], [121.15669, 24.8404002], [121.1572494, 24.840217], [121.1575906, 24.839836], [121.1578776, 24.8397187], [121.1581726, 24.8392498], [121.1582991, 24.8391188], [121.1586295, 24.8389919], [121.1590356, 24.838834], [121.159327, 24.838742], [121.1595854, 24.8385076], [121.159528, 24.8380908], [121.1596974, 24.8377493], [121.1600195, 24.8374023], [121.1605104, 24.8373295], [121.1609934, 24.8373947], [121.1613219, 24.8374526], [121.1615307, 24.8375247], [121.1618098, 24.8374396], [121.1621112, 24.8372312], [121.1624769, 24.8369998], [121.1628225, 24.8369349], [121.1633715, 24.8368803], [121.1638541, 24.8367584], [121.1652986, 24.8361184], [121.1658474, 24.8358854], [121.1659573, 24.8361242], [121.1661869, 24.8362414], [121.1664309, 24.8361893], [121.1666748, 24.835994], [121.1670461, 24.8355942], [121.1673198, 24.8351679], [121.1675215, 24.8349781], [121.167909, 24.8348349], [121.1682925, 24.8347353], [121.1685098, 24.8343869], [121.1685692, 24.8341316], [121.1687844, 24.8340143], [121.1690428, 24.8340013], [121.1691719, 24.834353], [121.1692293, 24.8345874], [121.1694302, 24.8347697], [121.1696455, 24.8348609], [121.1701047, 24.8347176], [121.1708223, 24.8344441], [121.1713464, 24.8341514], [121.1716763, 24.8342468], [121.1720278, 24.8341706], [121.1723292, 24.8340143], [121.1726851, 24.833884], [121.1731328, 24.833819], [121.1734916, 24.8335976], [121.1737643, 24.8334804], [121.1740047, 24.833267], [121.1740944, 24.8329464], [121.1741805, 24.832725], [121.1743383, 24.8323863], [121.174855, 24.832191], [121.1752711, 24.83223], [121.1755903, 24.8322098], [121.1759887, 24.8321519], [121.1761879, 24.8321221], [121.1762757, 24.8320086], [121.1759613, 24.8314884], [121.1758918, 24.8310821], [121.1756226, 24.8308375], [121.17519, 24.830331], [121.1747976, 24.8297163], [121.1744101, 24.8294689], [121.1740456, 24.8289005], [121.174037, 24.8285962], [121.17387, 24.82826], [121.1737213, 24.8280133], [121.1736469, 24.8276651], [121.173994, 24.8276586], [121.1749422, 24.827644], [121.1755696, 24.827591], [121.1765679, 24.8273801], [121.1776258, 24.8270626], [121.1791523, 24.8263968], [121.1796244, 24.8261586], [121.1803784, 24.8259419], [121.1814248, 24.8255696], [121.1822292, 24.8253317], [121.1829192, 24.8250798], [121.1834984, 24.8248998], [121.1840058, 24.8246375], [121.1845989, 24.8244124], [121.185803, 24.8238371], [121.1867565, 24.8233908], [121.1874721, 24.8229809], [121.1881195, 24.8225713], [121.1889998, 24.8221058], [121.1894481, 24.8218782], [121.1898815, 24.8214317], [121.1910362, 24.8206413], [121.1920327, 24.8199597], [121.1933966, 24.8194396], [121.1947166, 24.8188033], [121.19617, 24.8179889], [121.1965113, 24.8178215], [121.1966638, 24.8171414], [121.1967835, 24.8168605], [121.1975904, 24.8160421], [121.1982395, 24.8154909], [121.1988213, 24.8149196], [121.19917, 24.81498], [121.1996681, 24.8152062], [121.1997398, 24.8154407], [121.1993236, 24.816131], [121.2001248, 24.8167881], [121.200373, 24.8171809], [121.2006027, 24.8176262], [121.20073, 24.8177853], [121.201462, 24.8179416], [121.2018494, 24.8178374], [121.2028684, 24.8175248], [121.2032989, 24.8173164], [121.2031554, 24.8170819], [121.202854, 24.8169386], [121.2023804, 24.8167302], [121.2022513, 24.8164827], [121.202323, 24.816131], [121.2028684, 24.8162222], [121.2031554, 24.8157663], [121.2031984, 24.8152192], [121.2030262, 24.8148936], [121.2032177, 24.8144989], [121.2034424, 24.814112], [121.2037725, 24.8138905], [121.20477, 24.8136], [121.20576, 24.81304], [121.2059598, 24.8126133], [121.205828, 24.8122284], [121.2054001, 24.812085], [121.2042604, 24.8119887], [121.2030549, 24.8108945], [121.2028165, 24.809918], [121.2037873, 24.8092842], [121.2045026, 24.8083257], [121.2046814, 24.807259], [121.2054904, 24.8072436], [121.205865, 24.8075373], [121.2064015, 24.8070503], [121.2075256, 24.8069576], [121.2083074, 24.8073252], [121.2083345, 24.8080938], [121.2087773, 24.8084417], [121.2093308, 24.8087509], [121.2094501, 24.8094388], [121.2103604, 24.8097687], [121.2109578, 24.8098405], [121.2114415, 24.8102963], [121.2121154, 24.8104823], [121.21279, 24.8104826], [121.2135971, 24.8112011], [121.2147807, 24.8119122], [121.2152491, 24.8120611], [121.2162199, 24.8120514], [121.217042, 24.8123838], [121.2177016, 24.8121055], [121.2186827, 24.8118612], [121.2194821, 24.8119044], [121.2196686, 24.8116958], [121.2196771, 24.8112166], [121.2197112, 24.8109306], [121.2196161, 24.81066], [121.2188699, 24.8098003], [121.2187234, 24.8092378], [121.2187248, 24.8085481], [121.2192717, 24.8079505], [121.2197538, 24.8076301], [121.2199411, 24.8072745], [121.2197708, 24.8069421], [121.219592, 24.8058058], [121.2196005, 24.8050174], [121.2196418, 24.8043039], [121.2196431, 24.8039507], [121.2198698, 24.8036024], [121.2202988, 24.8032627], [121.2208017, 24.8031284], [121.2207634, 24.8025503], [121.2211782, 24.8018487], [121.2212781, 24.8016703], [121.2211503, 24.8013843], [121.2211503, 24.8010055], [121.2213695, 24.8001824], [121.2214739, 24.7996064], [121.2216016, 24.799359], [121.2220456, 24.79968], [121.22292, 24.79989], [121.22343, 24.80014], [121.2240855, 24.800502], [121.2253252, 24.8010497], [121.2260877, 24.8015681], [121.2273019, 24.8022696], [121.2280369, 24.8027517], [121.228627, 24.8029464], [121.2293855, 24.8030421], [121.2301963, 24.8031135], [121.2311159, 24.8036469], [121.23241, 24.8038384], [121.2336661, 24.8039734], [121.2341741, 24.8041197], [121.2344048, 24.8042658], [121.2349144, 24.8042769], [121.236103, 24.8042703], [121.2363495, 24.8045895], [121.2372393, 24.8046416], [121.2378421, 24.8046156], [121.2389569, 24.8050403], [121.239466, 24.8054684], [121.2399473, 24.8056942], [121.2408269, 24.8057771], [121.2416035, 24.8063455], [121.2423274, 24.8071913], [121.2428219, 24.8084064], [121.2431055, 24.8087107], [121.2433231, 24.8101034], [121.2433425, 24.8104892], [121.2434584, 24.8116115], [121.2435453, 24.812348], [121.2437288, 24.8127075], [121.2437868, 24.8130319], [121.2437755, 24.8139652], [121.2439124, 24.814198], [121.244888, 24.8150572], [121.2455874, 24.816035], [121.246415, 24.8175223], [121.2476304, 24.8192759], [121.2490035, 24.8207468], [121.2505978, 24.8215538], [121.2517608, 24.8224697], [121.2521808, 24.8230187], [121.2525191, 24.8233979], [121.2534342, 24.8241683], [121.2538387, 24.8257573], [121.253978, 24.8266962], [121.2543361, 24.8282309], [121.2544687, 24.8289712], [121.2546146, 24.8296814], [121.2546942, 24.8298439], [121.2549443, 24.8303662], [121.2556089, 24.8317618], [121.2556751, 24.831867], [121.2561265, 24.832551], [121.2563833, 24.8329869], [121.2565323, 24.8331823], [121.2567311, 24.8334567], [121.2568719, 24.833592], [121.2571866, 24.8339527], [121.2580604, 24.8348622], [121.258901, 24.835689], [121.259105, 24.8358864], [121.2592838, 24.8360322], [121.2596257, 24.8363654], [121.2597375, 24.8365345], [121.259783, 24.8366134], [121.259841, 24.8367074], [121.2600812, 24.8373387], [121.2601226, 24.8376356], [121.2602468, 24.8382745], [121.2603421, 24.8387367], [121.260429, 24.8389321], [121.260723, 24.8395897], [121.2609342, 24.8399618], [121.2610626, 24.8402399], [121.2615264, 24.8408787], [121.2617583, 24.8412808], [121.2618825, 24.8414837], [121.2620523, 24.8416754], [121.2623753, 24.8420436], [121.2629012, 24.8425848], [121.2632532, 24.8429493], [121.2638909, 24.8435768], [121.2643381, 24.8442457], [121.2645866, 24.8446628], [121.2648889, 24.845095], [121.2649883, 24.8453204], [121.2651332, 24.8455985], [121.2654106, 24.8461171], [121.2655887, 24.8464252], [121.2657005, 24.8466056], [121.2657916, 24.8467521], [121.2660277, 24.8470151], [121.2664542, 24.8474999], [121.2667068, 24.8477704], [121.2669718, 24.847947], [121.267241, 24.8482251], [121.2673732, 24.8484107], [121.2677337, 24.8489165], [121.2678, 24.8500739], [121.267593, 24.851141], [121.2675805, 24.8513364], [121.2675805, 24.8515205], [121.2669925, 24.852738], [121.2667896, 24.8530874], [121.2666322, 24.8534106], [121.2662739, 24.8544143], [121.2659342, 24.8551263], [121.26555, 24.8560485], [121.2653351, 24.8563509], [121.2651685, 24.8566454], [121.2650808, 24.8568642], [121.2649449, 24.8570671], [121.2648837, 24.857189], [121.2648003, 24.8573604], [121.2647519, 24.8574928], [121.264366, 24.8587302], [121.2643047, 24.8589809], [121.2642301, 24.8590008], [121.2640284, 24.8588655], [121.2636864, 24.8587462], [121.2632128, 24.8586268], [121.2630637, 24.8584836], [121.2629497, 24.8582369], [121.2628795, 24.8581096], [121.2626164, 24.8581096], [121.2624673, 24.858205], [121.2624059, 24.8584119], [121.2622481, 24.8586427], [121.2620464, 24.8587223], [121.2615202, 24.8588735], [121.2613502, 24.8589114], [121.2612706, 24.8590706], [121.2612612, 24.8592505], [121.2612485, 24.8593481], [121.2614045, 24.8595118], [121.2614721, 24.8597189], [121.2614158, 24.8600593], [121.2611892, 24.8601542], [121.2610244, 24.8602268], [121.2608164, 24.8607859], [121.2606094, 24.8610996], [121.2604468, 24.8613883], [121.2604077, 24.8615119], [121.2603186, 24.8616977], [121.2601678, 24.8620785], [121.2598982, 24.8625816], [121.2595978, 24.8632228], [121.2593069, 24.8638435], [121.2591639, 24.8640892], [121.2589907, 24.8642449], [121.2588986, 24.8644683], [121.258738, 24.8647001], [121.2585601, 24.8646158], [121.2583586, 24.8645239], [121.2582015, 24.8644584], [121.2578237, 24.864219], [121.2576623, 24.8639955], [121.2575529, 24.8638498], [121.2573652, 24.8636811], [121.2569498, 24.863551], [121.2566196, 24.8634611], [121.2564558, 24.8634148], [121.2562383, 24.8632797], [121.2559611, 24.8631343], [121.2556372, 24.8629871], [121.2553779, 24.8629253], [121.2550963, 24.8628977], [121.254883, 24.8625788], [121.2547603, 24.8626244], [121.2546734, 24.8626182], [121.2541745, 24.8615335], [121.2536287, 24.8611155], [121.2530404, 24.8604466], [121.2526081, 24.8600865], [121.2524876, 24.8601122], [121.2522679, 24.8602601], [121.2520056, 24.8604402], [121.2518355, 24.8605238], [121.2517363, 24.8605688], [121.2516087, 24.8605431], [121.2515024, 24.8604852], [121.2514173, 24.860408], [121.2512897, 24.8602923], [121.2512047, 24.8601829], [121.250992, 24.8600093], [121.2506943, 24.8598164], [121.2505738, 24.8596983], [121.2505171, 24.8596427], [121.2502972, 24.8594159], [121.2501483, 24.859358], [121.2500207, 24.8593323], [121.2499499, 24.8593516], [121.249879, 24.8594159], [121.2498223, 24.8594802], [121.2497443, 24.8595445], [121.2496167, 24.8596346], [121.2495175, 24.8596796], [121.249397, 24.859641], [121.2492411, 24.8596024], [121.2490851, 24.8595188], [121.2490213, 24.8593387], [121.248837, 24.859075], [121.2487449, 24.8588499], [121.2486457, 24.858747], [121.2483976, 24.8586248], [121.2481849, 24.8584576], [121.2479723, 24.8582904], [121.2478093, 24.8582711], [121.2477384, 24.8583483], [121.247648, 24.8584736], [121.2475896, 24.8585927], [121.2474179, 24.8586998], [121.2471221, 24.858912], [121.2468702, 24.8591024], [121.2466294, 24.8592491], [121.2462216, 24.8595509], [121.2457112, 24.8599561], [121.2457183, 24.8600526], [121.2457892, 24.860149], [121.2459948, 24.8604127], [121.2462499, 24.8606571], [121.2463846, 24.8608372], [121.2463846, 24.8609337], [121.2463775, 24.8612038], [121.2463917, 24.8615189], [121.2463988, 24.8619498], [121.24642, 24.86249], [121.2465334, 24.8627922], [121.2466185, 24.8630109], [121.2469729, 24.8640399], [121.2470296, 24.8643357], [121.2471147, 24.8645929], [121.2472352, 24.865101], [121.2474265, 24.8656154], [121.2475399, 24.8659177], [121.2476817, 24.8662714], [121.2480574, 24.8672103], [121.2481212, 24.8674547], [121.2481708, 24.8676412], [121.2482629, 24.8678019], [121.2486173, 24.8684707], [121.2487591, 24.8687344], [121.2488441, 24.8691202], [121.2488654, 24.8694611], [121.2488512, 24.8699627], [121.2488512, 24.870252], [121.2488937, 24.8703614], [121.2489575, 24.87067], [121.2489575, 24.8707922], [121.2489363, 24.8709337], [121.2488299, 24.8710752], [121.2486102, 24.8712295], [121.248589, 24.8714031], [121.2489079, 24.8720912], [121.2489434, 24.8731008], [121.2490284, 24.8736024], [121.2490001, 24.8738081], [121.2489717, 24.8746184], [121.2489504, 24.874972], [121.2487732, 24.8751135], [121.2492694, 24.8760009], [121.2499073, 24.8776406], [121.2499711, 24.8778335], [121.2499924, 24.8781808], [121.2500136, 24.8786502], [121.2499995, 24.8792225], [121.2502192, 24.8798333], [121.250283, 24.8802513], [121.2503964, 24.8809136], [121.250446, 24.8810872], [121.2505098, 24.8812287], [121.25085, 24.8822061], [121.2508004, 24.8829326], [121.2508996, 24.8834406], [121.2503964, 24.8836785], [121.2501625, 24.883775], [121.2503255, 24.8842444], [121.2504744, 24.884373], [121.2505736, 24.8844887], [121.2507083, 24.884688], [121.2507862, 24.8849066], [121.25085, 24.8851381], [121.25085, 24.8854082], [121.2508288, 24.8856911], [121.2508036, 24.8858986], [121.2507418, 24.8860961], [121.2506964, 24.8861726], [121.2505732, 24.886353], [121.2504898, 24.8867543], [121.2504374, 24.8867899], [121.2504085, 24.8866929], [121.2503822, 24.8865591], [121.2503042, 24.8863276], [121.2502405, 24.8862119], [121.2500824, 24.886046], [121.249962, 24.8859232], [121.2497301, 24.8858647], [121.2495104, 24.8858583], [121.2492694, 24.8858886], [121.2490348, 24.8844822], [121.2489179, 24.8834754], [121.2485091, 24.8821155], [121.2484701, 24.8818682], [121.2484896, 24.8813207], [121.2481392, 24.879996], [121.2481878, 24.8797923], [121.2480613, 24.8796333], [121.247925, 24.8793772], [121.2478666, 24.879024], [121.247779, 24.8787325], [121.2477887, 24.8785471], [121.2477401, 24.8783086], [121.2476038, 24.8780967], [121.2474772, 24.8778671], [121.2475064, 24.8768515], [121.2471949, 24.8764541], [121.2470684, 24.8758889], [121.2468834, 24.875041], [121.2466985, 24.8749792], [121.2464551, 24.8748909], [121.2462799, 24.8747054], [121.2461338, 24.8744758], [121.246017, 24.8742462], [121.2458515, 24.8741491], [121.2455984, 24.8740696], [121.2454719, 24.8740166], [121.2452188, 24.8738399], [121.2450338, 24.8735927], [121.244771, 24.8732482], [121.2446445, 24.8730628], [121.2445763, 24.8727978], [121.2445374, 24.8725859], [121.2445374, 24.8724799], [121.2443622, 24.8724181], [121.2441869, 24.8724181], [121.2439046, 24.87263], [121.2436905, 24.8727713], [121.2435834, 24.8727537], [121.2434958, 24.8726388], [121.2433692, 24.8725594], [121.2432329, 24.8726212], [121.2431775, 24.8727741], [121.2429993, 24.8729302], [121.2431134, 24.8730707], [121.2432358, 24.8731491], [121.2434232, 24.8731883], [121.2436605, 24.8734257], [121.2439813, 24.8738223], [121.2443048, 24.8743872], [121.2444163, 24.8748506], [121.2444505, 24.8751756], [121.2443598, 24.8756918], [121.2443742, 24.8758095], [121.2444751, 24.8760644], [121.2445832, 24.8763585], [121.2446264, 24.8765088], [121.2446056, 24.8768164], [121.2445282, 24.8771016], [121.2445039, 24.8772867], [121.2445327, 24.8773651], [121.2446696, 24.8775154], [121.2450227, 24.8776004], [121.2450371, 24.8780906], [121.2450376, 24.8782867], [121.2450809, 24.8785797], [121.2451401, 24.8787562], [121.2452316, 24.8789077], [121.2453901, 24.8790645], [121.2454622, 24.879143], [121.2454982, 24.8792149], [121.2455054, 24.8793391], [121.2454618, 24.8795144], [121.24542, 24.8795846], [121.2453463, 24.8796371], [121.245296, 24.8797012], [121.2452713, 24.8797722], [121.245313, 24.8800086], [121.245407, 24.8802106], [121.2454671, 24.8802411], [121.2455319, 24.8802296], [121.2455636, 24.8802315], [121.2455906, 24.880249], [121.2455917, 24.8802973], [121.2455298, 24.8804046], [121.2455058, 24.8805157], [121.2455143, 24.8805955], [121.2455398, 24.8806527], [121.245595, 24.8806821], [121.2456495, 24.8807073], [121.2456968, 24.8807654], [121.2457227, 24.8808946], [121.2456972, 24.8811433], [121.2456135, 24.8813653], [121.245527, 24.8815483], [121.2453325, 24.8817574], [121.2452748, 24.881862], [121.2452388, 24.8819535], [121.2453419, 24.8821853], [121.2453531, 24.8822975], [121.2453392, 24.8824067], [121.2453184, 24.8825412], [121.2453356, 24.8826838], [121.2454021, 24.8829764], [121.2454529, 24.8833224], [121.2454995, 24.8834135], [121.245844, 24.8837183], [121.2459936, 24.8838249], [121.2467028, 24.8843782], [121.2466999, 24.8844069], [121.2466757, 24.884426], [121.2465804, 24.884654], [121.2465488, 24.8848301], [121.2464877, 24.8852688], [121.2465124, 24.8854992], [121.2466006, 24.8857142], [121.2467017, 24.8859437], [121.2466842, 24.8862667], [121.2466167, 24.8866044], [121.2465822, 24.8868171], [121.2464663, 24.8871641], [121.2463186, 24.8875269], [121.2462897, 24.8876798], [121.2462731, 24.8879423], [121.2462351, 24.8879865], [121.246157, 24.8880139], [121.2460303, 24.88802], [121.2458898, 24.8879848], [121.2457459, 24.8879347], [121.245276, 24.8877192], [121.2450722, 24.8877112], [121.2441655, 24.8877786], [121.2439243, 24.8878685], [121.2438106, 24.8879236], [121.2435906, 24.8879648], [121.2433631, 24.8880267], [121.2431583, 24.8882331], [121.2428626, 24.8891], [121.2422255, 24.8888385], [121.2416188, 24.8901732], [121.2413454, 24.8899328], [121.2410863, 24.889719], [121.2408977, 24.8895317], [121.2406635, 24.8892074], [121.2403798, 24.8887818], [121.240027, 24.8882941], [121.2397622, 24.8879612], [121.2394918, 24.8877038], [121.2393512, 24.8876394], [121.2392071, 24.8876071], [121.2390328, 24.887618], [121.2387526, 24.8876886], [121.2382936, 24.8878086], [121.2381846, 24.8878792], [121.237889, 24.8878863], [121.2374221, 24.8878298], [121.2373443, 24.8871663], [121.2373333, 24.8870986], [121.2358892, 24.8869256], [121.2359562, 24.8862462], [121.2357377, 24.8862402], [121.2355782, 24.8862252], [121.2349179, 24.8858858], [121.2348244, 24.8860655], [121.2347529, 24.8862152], [121.2346758, 24.8862901], [121.2346043, 24.88632], [121.2344833, 24.88633], [121.2344117, 24.8864847], [121.2343347, 24.8866295], [121.2343567, 24.8867343], [121.2343237, 24.8868191], [121.2341477, 24.886899], [121.2338671, 24.8870188], [121.2335094, 24.8872134], [121.2333004, 24.8873482], [121.2331438, 24.8874035], [121.2330083, 24.8874291], [121.2328898, 24.8875212], [121.2326527, 24.8876851], [121.2323648, 24.8878592], [121.2322124, 24.8879514], [121.2320826, 24.8880179], [121.2318455, 24.8880794], [121.2318116, 24.8881255], [121.2317721, 24.8882535], [121.2316987, 24.8883917], [121.2316028, 24.8884993], [121.2315294, 24.8884788], [121.2314447, 24.8883866], [121.2313374, 24.8882842], [121.2312415, 24.8882637], [121.2311399, 24.8882996], [121.2310947, 24.8883508], [121.2310552, 24.8884327], [121.2310044, 24.8886017], [121.2310157, 24.8886939], [121.2310608, 24.8889192], [121.2310608, 24.8890728], [121.2311117, 24.8891957], [121.2311794, 24.8893083], [121.2312245, 24.8893391], [121.2311229, 24.889718], [121.2310496, 24.8898767], [121.2309394, 24.8899499], [121.2308294, 24.890034], [121.2306672, 24.8901968], [121.2305572, 24.8903387], [121.2304935, 24.8905909], [121.2304587, 24.8907485], [121.2304182, 24.8908956], [121.2302676, 24.8910479], [121.2301518, 24.8911793], [121.2300591, 24.8914367], [121.230036, 24.8915786], [121.2300823, 24.8916941], [121.2301286, 24.8918097], [121.230117, 24.8919883], [121.2300765, 24.8921302], [121.2300244, 24.8923403], [121.2300012, 24.8925137], [121.2299259, 24.8927291], [121.2298332, 24.892934], [121.2297174, 24.8930653], [121.2296233, 24.8932903], [121.2295397, 24.8934362], [121.2290232, 24.8934089], [121.2288568, 24.8937376], [121.2287617, 24.8938454], [121.228631, 24.8936676], [121.2284765, 24.8934628], [121.2283042, 24.8932472], [121.2281497, 24.8931016], [121.2280427, 24.8930585], [121.227912, 24.8930262], [121.2278347, 24.8929992], [121.2277932, 24.8930908], [121.2276089, 24.8932094], [121.2274782, 24.8931124], [121.2273475, 24.8929022], [121.2272287, 24.8927405], [121.2271039, 24.8926974], [121.2268577, 24.8926504], [121.2265041, 24.8925951], [121.226181, 24.8925177], [121.2260957, 24.8923739], [121.2263273, 24.8915278], [121.2261688, 24.8916494], [121.2260408, 24.8917213], [121.2257604, 24.8917877], [121.2256689, 24.8918153], [121.2253336, 24.89176], [121.2251202, 24.8917987], [121.2248215, 24.8918485], [121.2245716, 24.8918872], [121.2243582, 24.8918762], [121.2235352, 24.8918651], [121.2233767, 24.8919702], [121.2234498, 24.8920808], [121.2233035, 24.8920974], [121.2224988, 24.8919536], [121.2224107, 24.8917155], [121.2222481, 24.8914829], [121.222148, 24.891239], [121.2220479, 24.8910404], [121.2220229, 24.8909155], [121.2219353, 24.8907624], [121.2218165, 24.8905808], [121.2217164, 24.8903822], [121.2216601, 24.890178], [121.221535, 24.8900021], [121.2213161, 24.8898205], [121.2212348, 24.8897297], [121.221216, 24.8894914], [121.2212519, 24.8892951], [121.2212647, 24.8890739], [121.2213417, 24.8888818], [121.2213866, 24.8886722], [121.2214508, 24.8885558], [121.2214299, 24.8885024], [121.2212455, 24.88855], [121.2209182, 24.8886897], [121.2207898, 24.888777], [121.220623, 24.8893184], [121.220546, 24.8896386], [121.2204305, 24.8899995], [121.2202893, 24.8904302], [121.2200904, 24.8908203], [121.2200326, 24.8910182], [121.2200133, 24.89135], [121.2200519, 24.8915828], [121.2201545, 24.8918564], [121.2202572, 24.8921184], [121.2204433, 24.8926714], [121.2205267, 24.8929799], [121.2206422, 24.8931487], [121.2206743, 24.8932768], [121.2206166, 24.8933059], [121.2204369, 24.8932768], [121.2201417, 24.8932186], [121.2198978, 24.8932186], [121.2197695, 24.8932826], [121.2196796, 24.8934689], [121.2196532, 24.8935814], [121.2196466, 24.8937009], [121.2195387, 24.8937519], [121.2194359, 24.8937606], [121.2191528, 24.8936412], [121.2189487, 24.8935396], [121.2187511, 24.8934739], [121.2185339, 24.8934381], [121.2183166, 24.8934142], [121.2180796, 24.893253], [121.2179084, 24.8931216], [121.2177438, 24.89302], [121.2175858, 24.8929484], [121.2173882, 24.8928468], [121.2172434, 24.8926139], [121.2170195, 24.8924168], [121.2166508, 24.8923452], [121.2165652, 24.8922854], [121.2163216, 24.8921242], [121.2161058, 24.8921197], [121.2159775, 24.892114], [121.2157749, 24.8920646], [121.2153088, 24.8918624], [121.2148502, 24.8916894], [121.2145398, 24.8915811], [121.2138424, 24.8913991], [121.2135653, 24.8912908], [121.2133552, 24.8912735], [121.2130065, 24.8912301], [121.2127677, 24.8911651], [121.2124618, 24.8911575], [121.211927, 24.8911738], [121.2117025, 24.8912431], [121.211392, 24.8913255], [121.2108236, 24.8914988], [121.2104421, 24.8916998], [121.2101872, 24.8917398], [121.2097511, 24.8918242], [121.2095403, 24.8918865], [121.2090895, 24.8920465], [121.2088102, 24.8921487], [121.2085161, 24.8923665], [121.2083936, 24.8924555], [121.2082765, 24.8926668], [121.2081343, 24.8928344], [121.2078712, 24.8932408], [121.2077859, 24.8933375], [121.2076813, 24.8934454], [121.2075908, 24.8934956], [121.2075103, 24.8932812], [121.2074349, 24.893149], [121.2073394, 24.8929985], [121.2072841, 24.8929346], [121.2067763, 24.89236], [121.2064759, 24.8920037], [121.2052739, 24.8909462], [121.2051226, 24.8907578], [121.2048527, 24.8904745], [121.2047204, 24.8902825], [121.2044134, 24.8899896], [121.2042705, 24.8898072], [121.204127, 24.8896455], [121.2040491, 24.889577], [121.2039188, 24.8895856], [121.2037985, 24.8895897], [121.2037138, 24.8895641], [121.2033437, 24.8892859], [121.203173, 24.8891838], [121.2031092, 24.8892108], [121.2029474, 24.8893799], [121.2028666, 24.8894721], [121.2027309, 24.8895618], [121.2025302, 24.8895602], [121.2006203, 24.8891457], [121.2005078, 24.8891248], [121.1995199, 24.8888561], [121.1989538, 24.888733], [121.1984074, 24.8885149], [121.1979256, 24.8883278], [121.197664, 24.8882451], [121.1973962, 24.8882128], [121.1969315, 24.8880963], [121.1964803, 24.8880003], [121.1962073, 24.8879396], [121.1959949, 24.8879169], [121.1958285, 24.8878992], [121.1958113, 24.8878926], [121.1955778, 24.8878032], [121.1953772, 24.8877829], [121.1952435, 24.8877829], [121.1952379, 24.8879194], [121.1952101, 24.8880912], [121.1952323, 24.8882138], [121.1951714, 24.8883701], [121.1950104, 24.8883853], [121.1948888, 24.8882521], [121.1948118, 24.888143], [121.1947264, 24.8881199], [121.1946397, 24.8881799], [121.1946146, 24.8883353], [121.1946658, 24.8887551], [121.1946773, 24.8889469], [121.1947116, 24.8890973], [121.1945572, 24.8895328], [121.1944258, 24.8899217], [121.1943458, 24.8901083], [121.1943458, 24.8902068], [121.19438, 24.8903002], [121.1944829, 24.8903676], [121.1946544, 24.8903987], [121.1949288, 24.8903935], [121.1950945, 24.8905024], [121.1952367, 24.8906671], [121.1953599, 24.890832], [121.1953482, 24.8910554], [121.1952895, 24.8912895], [121.1952074, 24.8914491], [121.1949963, 24.8915661], [121.1947559, 24.8916831], [121.1946855, 24.891715], [121.1945213, 24.8918906], [121.194363, 24.8921512], [121.1942457, 24.8924225], [121.1941753, 24.8926566], [121.1940228, 24.8928268], [121.1938352, 24.8928587], [121.1937472, 24.8927896], [121.1936241, 24.8926832], [121.1934599, 24.8925076], [121.1933426, 24.8923853], [121.193108, 24.8923108], [121.1929145, 24.8923161], [121.1927444, 24.8923587], [121.1926682, 24.8924598], [121.1926738, 24.8927606], [121.1928558, 24.8930449], [121.1930083, 24.8933641], [121.1926216, 24.8939638], [121.1925631, 24.8941074], [121.1925313, 24.894119], [121.1925166, 24.8941045], [121.1925174, 24.8939294], [121.1924803, 24.8937597], [121.1924535, 24.8936944], [121.1923667, 24.8935762], [121.1923015, 24.8935337], [121.192206, 24.8935309], [121.1919437, 24.8936142], [121.1918279, 24.8935837], [121.19173, 24.8935003], [121.1916384, 24.8932476], [121.1915869, 24.8931517], [121.1915328, 24.8931782], [121.1912835, 24.8934651], [121.1912449, 24.8934671], [121.1912071, 24.8934496], [121.1910607, 24.8932291], [121.1910661, 24.8931356], [121.1910468, 24.8930694], [121.1910046, 24.8928181], [121.1909008, 24.8926271], [121.1905142, 24.8922366], [121.190463, 24.89209], [121.1904543, 24.8920491], [121.1904562, 24.8919617], [121.1904191, 24.8916873], [121.1903759, 24.8914913], [121.1902734, 24.8912244], [121.1901146, 24.891005], [121.1899624, 24.8908418], [121.1897642, 24.890655], [121.1895442, 24.8904736], [121.1893077, 24.8903192], [121.1889932, 24.8901083], [121.1886411, 24.8899059], [121.1883038, 24.8897714], [121.1880688, 24.8896231], [121.1879211, 24.8894288], [121.1878638, 24.8893104], [121.1878154, 24.8891182], [121.1877047, 24.8889538], [121.1875755, 24.8889047], [121.1869503, 24.8889114], [121.1868789, 24.8889331], [121.1866206, 24.8889591], [121.1864106, 24.8890384], [121.1859478, 24.8892992], [121.1856944, 24.8895887], [121.1856053, 24.8896433], [121.1853359, 24.8898437], [121.1850668, 24.8899602], [121.184914, 24.8899648], [121.184669, 24.8899478]]], [[[121.1887519, 24.9099015], [121.1889184, 24.9102368], [121.1888265, 24.9106536], [121.1887871, 24.9109394], [121.1887871, 24.9113324], [121.1888397, 24.9119278], [121.1888659, 24.9126185], [121.188971, 24.9134283], [121.1890497, 24.9145238], [121.1890235, 24.9148573], [121.1889053, 24.9151788], [121.1890235, 24.9154884], [121.188946, 24.9161015], [121.18877, 24.9165804], [121.188594, 24.9167522], [121.1885398, 24.9169671], [121.1883841, 24.9169364], [121.1883097, 24.9172311], [121.1884586, 24.9172986], [121.1884462, 24.9174091], [121.1885296, 24.9174211], [121.1883764, 24.9179203], [121.1883381, 24.9179637], [121.1882376, 24.91835], [121.1882711, 24.9183934], [121.1881706, 24.9186538], [121.1881179, 24.9187971], [121.1880988, 24.9190402], [121.1881132, 24.9191661], [121.1880653, 24.9191747], [121.188094, 24.9197564], [121.188252, 24.9197564], [121.1882855, 24.9200646], [121.1883333, 24.920325], [121.1883477, 24.9204249], [121.1883477, 24.9205594], [121.1881658, 24.9209935], [121.1881084, 24.9209761], [121.1879121, 24.9214058], [121.1879887, 24.9214406], [121.1879361, 24.9215795], [121.1878499, 24.9216836], [121.1877398, 24.9217965], [121.187692, 24.9219397], [121.1876216, 24.9220821], [121.1875675, 24.9221915], [121.1875635, 24.9222087], [121.1874862, 24.9225387], [121.187473, 24.9225511], [121.1873474, 24.922669], [121.1872857, 24.92271], [121.1871942, 24.9227775], [121.1873234, 24.9229554], [121.1873986, 24.9232354], [121.1873554, 24.9234274], [121.1872676, 24.9239086], [121.1872489, 24.9240289], [121.1872623, 24.9240981], [121.1873445, 24.9241363], [121.1874231, 24.9241872], [121.1875151, 24.9242707], [121.1876161, 24.9244092], [121.1879372, 24.9249507], [121.1882039, 24.9256417], [121.188251, 24.9260345], [121.1882959, 24.9265475], [121.1885832, 24.9280052], [121.1887633, 24.9286181], [121.1881297, 24.9299474], [121.1879681, 24.9304523], [121.1878693, 24.9306478], [121.1878873, 24.9311201], [121.1877975, 24.9315761], [121.1875909, 24.9318693], [121.1872856, 24.9325533], [121.1871134, 24.9332749], [121.1870055, 24.9335743], [121.1868785, 24.934058], [121.1867896, 24.9342249], [121.1864902, 24.9347329], [121.1862807, 24.9349941], [121.1861301, 24.9352197], [121.1858944, 24.9356471], [121.1858158, 24.9359262], [121.1855081, 24.9364723], [121.1852724, 24.9370601], [121.1850695, 24.9377606], [121.1849123, 24.9382593], [121.1846048, 24.9392157], [121.1847767, 24.9402545], [121.184853, 24.9408258], [121.1846378, 24.9414415], [121.1842257, 24.9418646], [121.1841406, 24.9419956], [121.1840913, 24.9420455], [121.1840175, 24.9421427], [121.183918, 24.9422645], [121.1838742, 24.9423061], [121.1837833, 24.942409], [121.183737, 24.9424701], [121.1837014, 24.942503], [121.1836123, 24.9425946], [121.1835442, 24.9426681], [121.1834781, 24.9427345], [121.1834125, 24.9427946], [121.1833273, 24.9428737], [121.1832703, 24.9429324], [121.1832271, 24.9429621], [121.1832074, 24.9429861], [121.1831497, 24.9430358], [121.1830942, 24.9430689], [121.1830345, 24.9431187], [121.1830191, 24.9431319], [121.1829616, 24.9431843], [121.1827615, 24.943355], [121.1824891, 24.9436079], [121.1824249, 24.9436478], [121.1821565, 24.9438747], [121.1819553, 24.9440162], [121.1819229, 24.9440667], [121.181898, 24.9441171], [121.1818738, 24.9441797], [121.181861, 24.9442503], [121.1818584, 24.9442908], [121.1818633, 24.9443367], [121.1818588, 24.9444287], [121.1818628, 24.9444962], [121.1818736, 24.9445268], [121.1819237, 24.9447233], [121.1819472, 24.9448881], [121.181952, 24.9451276], [121.1819589, 24.9451861], [121.1819492, 24.9452409], [121.1819465, 24.9452998], [121.1819346, 24.9453707], [121.1818933, 24.945565], [121.1818663, 24.9456758], [121.1817865, 24.9458417], [121.1817534, 24.9458922], [121.1816945, 24.9460148], [121.1816695, 24.9461534], [121.1816593, 24.9462553], [121.1816681, 24.9463729], [121.1816815, 24.946478], [121.1816798, 24.94654], [121.1816717, 24.9465667], [121.1816475, 24.9466046], [121.1816031, 24.9466411], [121.1815538, 24.9466791], [121.1815225, 24.946707], [121.1814664, 24.9467352], [121.1814328, 24.9467431], [121.1813827, 24.9467672], [121.1813295, 24.9467985], [121.1812275, 24.9469332], [121.1811713, 24.9469835], [121.1811082, 24.9470227], [121.1810473, 24.9470464], [121.1809835, 24.9470578], [121.1808954, 24.9470641], [121.1808184, 24.9470612], [121.1807527, 24.9470685], [121.1806285, 24.9470899], [121.1805892, 24.9470959], [121.1805134, 24.9471214], [121.1804537, 24.9471326], [121.1803629, 24.9471649], [121.1802705, 24.9471991], [121.1801334, 24.9472705], [121.1800914, 24.9473131], [121.180057, 24.9473524], [121.1800331, 24.9473959], [121.1800116, 24.9474743], [121.179961, 24.9475601], [121.1798786, 24.9476764], [121.1797963, 24.9477775], [121.1796642, 24.9478973], [121.1795637, 24.9479727], [121.1793854, 24.9480942], [121.1793229, 24.9481354], [121.1792558, 24.9481871], [121.179151, 24.9482414], [121.1789919, 24.9483584], [121.1788966, 24.9485822], [121.1788787, 24.9486267], [121.1788589, 24.9486753], [121.1787897, 24.9488712], [121.1787707, 24.94897], [121.1787314, 24.9490911], [121.1786262, 24.9493658], [121.1784711, 24.9496518], [121.1783832, 24.9498053], [121.1783064, 24.949957], [121.1782438, 24.950095], [121.1782168, 24.9501839], [121.1781899, 24.9502991], [121.1781784, 24.9504028], [121.1781315, 24.950737], [121.178088, 24.9509643], [121.1780672, 24.9510684], [121.1780011, 24.9514048], [121.1779638, 24.9515581], [121.1778892, 24.9519736], [121.1778367, 24.9522941], [121.177799, 24.952534], [121.1777669, 24.9527093], [121.1776973, 24.952907], [121.1776502, 24.9530948], [121.1775849, 24.9533432], [121.1774743, 24.9537799], [121.177404, 24.9540302], [121.1773472, 24.9542014], [121.1773302, 24.9543016], [121.1773314, 24.9544904], [121.177339, 24.9545918], [121.177365, 24.9546939], [121.1773683, 24.9547189], [121.1773722, 24.954841], [121.1773859, 24.9549912], [121.1773972, 24.9551364], [121.1774223, 24.9552778], [121.177429, 24.9553015], [121.1774228, 24.955813], [121.1773984, 24.9560199], [121.1773846, 24.9562191], [121.1773407, 24.9564636], [121.1772777, 24.9567972], [121.1772153, 24.9571348], [121.1771618, 24.9574308], [121.1771379, 24.9575877], [121.1770896, 24.9579089], [121.1770639, 24.9581268], [121.1770371, 24.9584718], [121.1770132, 24.9587841], [121.1770056, 24.9589052], [121.1769769, 24.959068], [121.1769721, 24.9591517], [121.177033, 24.9591554], [121.1771477, 24.9591775], [121.1774652, 24.9592796], [121.1777673, 24.9594967], [121.1779176, 24.9595747], [121.178007, 24.959655], [121.1780175, 24.959666], [121.178062, 24.9597603], [121.1780619, 24.9598594], [121.1780149, 24.9599822], [121.1779345, 24.9600661], [121.1778241, 24.9601411], [121.1777056, 24.9602153], [121.1775691, 24.960294], [121.1774271, 24.9603615], [121.1772351, 24.9604294], [121.1771454, 24.9604881], [121.1771187, 24.9605564], [121.1771173, 24.9607006], [121.1771257, 24.9607714], [121.1772193, 24.9609445], [121.1773065, 24.9610191], [121.1774362, 24.9610855], [121.1775774, 24.9611439], [121.1777007, 24.9611827], [121.1778315, 24.9612492], [121.1779388, 24.961351], [121.1780046, 24.9614881], [121.1780268, 24.9616162], [121.1780232, 24.9616947], [121.1779927, 24.9618236], [121.177929, 24.9619414], [121.1778587, 24.9620331], [121.1777798, 24.9621913], [121.1777463, 24.9623367], [121.1777452, 24.9624703], [121.1777588, 24.9626374], [121.1777784, 24.9628273], [121.1778023, 24.9630367], [121.1778174, 24.9631389], [121.177862, 24.9633595], [121.1779103, 24.9635373], [121.1779634, 24.9636908], [121.1780134, 24.9638108], [121.178044, 24.9639374], [121.1780983, 24.964128], [121.1781537, 24.9643391], [121.1781883, 24.9644446], [121.1782238, 24.9646517], [121.1782322, 24.9648373], [121.1782561, 24.9650838], [121.1782742, 24.9653446], [121.1782878, 24.9655327], [121.1783049, 24.9657093], [121.1783576, 24.9660804], [121.1783763, 24.9661796], [121.17839, 24.9662881], [121.1783995, 24.9663992], [121.1784099, 24.9665309], [121.1784039, 24.9666673], [121.178412, 24.9667556], [121.1784386, 24.9668554], [121.1784772, 24.9669504], [121.1785229, 24.9670417], [121.1785761, 24.9671368], [121.1787588, 24.9673971], [121.1788336, 24.9675024], [121.178867, 24.9675837], [121.1788863, 24.9676747], [121.1789209, 24.9678642], [121.1789237, 24.9679159], [121.1789265, 24.9682775], [121.1789408, 24.9683867], [121.1789523, 24.9684395], [121.1789839, 24.9685683], [121.1789906, 24.9686331], [121.1790055, 24.9687032], [121.1790149, 24.9688817], [121.1789729, 24.9691991], [121.1789117, 24.9693531], [121.1788749, 24.9694715], [121.178876, 24.9695345], [121.1789017, 24.9695621], [121.1789667, 24.9695601], [121.1790471, 24.9695405], [121.1791218, 24.9695171], [121.1793074, 24.9694987], [121.1793893, 24.9694901], [121.1795816, 24.9694698], [121.1797958, 24.9694451], [121.1800218, 24.9694133], [121.1801946, 24.969393], [121.1803791, 24.9693763], [121.1804907, 24.9693834], [121.1806876, 24.9694055], [121.1808191, 24.9694171], [121.1808841, 24.9694297], [121.1809814, 24.9694294], [121.1810862, 24.9694194], [121.1811683, 24.9693964], [121.1812669, 24.9693534], [121.1813048, 24.9693482], [121.1813931, 24.9693217], [121.1815116, 24.96932], [121.1815808, 24.9693271], [121.1816439, 24.969351], [121.1817058, 24.969372], [121.1817718, 24.9693735], [121.1818389, 24.9693702], [121.1819236, 24.9693533], [121.182055, 24.9693014], [121.1821503, 24.9692333], [121.1822211, 24.9691642], [121.1823013, 24.9690718], [121.1823504, 24.9690202], [121.1824135, 24.9689373], [121.1825147, 24.9687955], [121.1826218, 24.9686712], [121.182768, 24.9684531], [121.182891, 24.9682648], [121.182942, 24.9682123], [121.1830266, 24.9680977], [121.1831119, 24.9680358], [121.183161, 24.9680141], [121.1832331, 24.9679856], [121.1833548, 24.9679125], [121.1834769, 24.9678363], [121.1835811, 24.9677834], [121.1837004, 24.9677401], [121.1837806, 24.9677185], [121.1838915, 24.9677108], [121.1840523, 24.9677282], [121.1841934, 24.9677531], [121.1845262, 24.9678468], [121.1846342, 24.9678841], [121.1847122, 24.9679215], [121.1848555, 24.9679767], [121.1850455, 24.9680256], [121.1852622, 24.9680755], [121.1853948, 24.9681108], [121.1854646, 24.9681271], [121.1856223, 24.9681598], [121.1857935, 24.9682048], [121.185967, 24.9682424], [121.1861634, 24.9683007], [121.1863427, 24.968367], [121.1864825, 24.9684422], [121.1866562, 24.9685225], [121.1868176, 24.968604], [121.1869852, 24.9686866], [121.1871234, 24.9687794], [121.18728, 24.9688744], [121.1875477, 24.9690757], [121.1877122, 24.9691799], [121.1878791, 24.9692786], [121.1880948, 24.9694323], [121.1883203, 24.9695912], [121.1884377, 24.969682], [121.188544, 24.9697796], [121.1887824, 24.9699971], [121.189011, 24.9702202], [121.1892444, 24.9704692], [121.1895069, 24.9707529], [121.1898328, 24.9710712], [121.18994, 24.9711668], [121.1899933, 24.9712247], [121.1901204, 24.9712659], [121.1902685, 24.9713032], [121.1904257, 24.9713045], [121.1905187, 24.9712247], [121.1905818, 24.9710499], [121.1906148, 24.9709149], [121.190687, 24.9707608], [121.1907313, 24.9706087], [121.1908041, 24.9704602], [121.1908523, 24.9703381], [121.1908881, 24.9702834], [121.1909626, 24.9702219], [121.1910925, 24.9701485], [121.1911148, 24.9700866], [121.1911279, 24.9699029], [121.1910672, 24.9658491], [121.1910157, 24.9655055], [121.1909648, 24.9653567], [121.1909, 24.9652182], [121.190866, 24.9650598], [121.1908157, 24.9648782], [121.1907161, 24.9646549], [121.1906401, 24.964489], [121.1905596, 24.9642857], [121.1905496, 24.9641949], [121.1905534, 24.9641167], [121.1906191, 24.9638021], [121.1906228, 24.9636667], [121.190363, 24.9625606], [121.1903364, 24.9624152], [121.1900734, 24.9612268], [121.1900419, 24.9611156], [121.1899659, 24.9607613], [121.1899677, 24.9605062], [121.1899961, 24.9604698], [121.190028, 24.9604413], [121.1900953, 24.9604064], [121.1901768, 24.9604021], [121.190763, 24.9604712], [121.1909037, 24.9604851], [121.1910934, 24.9604601], [121.1911955, 24.9604301], [121.1912473, 24.9604017], [121.191355, 24.9603123], [121.1914219, 24.9602229], [121.1914686, 24.9600281], [121.1914941, 24.959766], [121.1915012, 24.9596114], [121.1915155, 24.9594641], [121.1916063, 24.9592355], [121.1916667, 24.9591379], [121.1917647, 24.9590331], [121.1918927, 24.9589247], [121.1920086, 24.9588413], [121.192284, 24.9586557], [121.1933106, 24.9579327], [121.1939217, 24.9574931], [121.1940966, 24.9573969], [121.1943246, 24.9572879], [121.1944954, 24.9572381], [121.1947741, 24.9572018], [121.1949599, 24.9571981], [121.1951089, 24.9572007], [121.1952853, 24.9572121], [121.1961269, 24.9572306], [121.1964672, 24.9572414], [121.1969894, 24.9572498], [121.1971496, 24.957243], [121.1976232, 24.9572137], [121.1978661, 24.9572081], [121.1982947, 24.9571849], [121.1984888, 24.9571658], [121.1987103, 24.9571583], [121.199506, 24.9571176], [121.1997551, 24.9570981], [121.1998471, 24.9570943], [121.2000174, 24.9571062], [121.2001796, 24.9571601], [121.2003138, 24.9572204], [121.200453, 24.957305], [121.2006043, 24.9573833], [121.2007444, 24.9574772], [121.2008746, 24.9575445], [121.2009213, 24.9575613], [121.2010124, 24.9575829], [121.2011196, 24.9575726], [121.2012253, 24.9575315], [121.2013254, 24.9574751], [121.2013872, 24.9574095], [121.2014528, 24.9573946], [121.2015207, 24.9574154], [121.2015966, 24.9574555], [121.2017417, 24.9575793], [121.2018028, 24.9575892], [121.2019062, 24.9575832], [121.2020599, 24.9575667], [121.2022417, 24.9575283], [121.2023137, 24.9575267], [121.2028593, 24.9575332], [121.2033019, 24.9575676], [121.2034257, 24.9575637], [121.2035237, 24.9575505], [121.2035935, 24.9574977], [121.2037539, 24.9572377], [121.2045988, 24.9572761], [121.2054879, 24.9573499], [121.2068204, 24.9574591], [121.2069674, 24.9574694], [121.2073414, 24.9574888], [121.2076191, 24.9574788], [121.207746, 24.9574466], [121.2078784, 24.9574339], [121.2082276, 24.9573742], [121.2083652, 24.9573062], [121.2086876, 24.9571705], [121.2088442, 24.9571102], [121.2091208, 24.9569801], [121.2094234, 24.9568563], [121.2096062, 24.9567832], [121.2097709, 24.956704], [121.2100443, 24.9565976], [121.2104267, 24.9564233], [121.2105689, 24.9563535], [121.2108837, 24.9562503], [121.2110439, 24.9562358], [121.2113286, 24.9562443], [121.2114925, 24.956272], [121.2121346, 24.956336], [121.2122956, 24.9563346], [121.2124609, 24.9563439], [121.2125604, 24.9563399], [121.2126917, 24.9563448], [121.2127527, 24.9563369], [121.2127803, 24.956317], [121.2128254, 24.9562412], [121.2127935, 24.956096], [121.2127917, 24.9560337], [121.212814, 24.9559947], [121.2128445, 24.9559661], [121.2128897, 24.9559658], [121.2129564, 24.9559968], [121.2130922, 24.956093], [121.2131622, 24.9561148], [121.2132021, 24.9561106], [121.2132692, 24.9560511], [121.2132837, 24.9560093], [121.2132898, 24.9558546], [121.2133909, 24.9557155], [121.2134172, 24.95567], [121.2134157, 24.9556368], [121.213396, 24.9555931], [121.2133564, 24.9555464], [121.2133167, 24.9554687], [121.2133093, 24.9554563], [121.213323, 24.9553995], [121.213391, 24.9552817], [121.2134205, 24.9551737], [121.2134954, 24.9550194], [121.2135405, 24.9549108], [121.2136137, 24.9547666], [121.2137438, 24.954622], [121.2137731, 24.954596], [121.2140863, 24.9544587], [121.2142461, 24.9543661], [121.2144729, 24.9541725], [121.2145752, 24.9540699], [121.2146457, 24.953991], [121.2146989, 24.9539347], [121.2148529, 24.9537514], [121.2149489, 24.9535932], [121.2150065, 24.953473], [121.215225, 24.9531719], [121.2153988, 24.9529662], [121.2156289, 24.9528607], [121.2157213, 24.9528084], [121.215814, 24.952801], [121.2160581, 24.9528331], [121.2162295, 24.9528825], [121.2164466, 24.9529558], [121.2165878, 24.9530072], [121.2166771, 24.9530449], [121.2167837, 24.9530424], [121.2168572, 24.9529939], [121.2168869, 24.9529461], [121.2169151, 24.9529139], [121.2169595, 24.9529103], [121.2170183, 24.9529192], [121.2170878, 24.9529624], [121.2172293, 24.9530842], [121.2173207, 24.9532043], [121.2175053, 24.953411], [121.2175772, 24.9534653], [121.2177414, 24.9535422], [121.2177719, 24.9535406], [121.2178802, 24.9534834], [121.2179406, 24.9534741], [121.2179842, 24.9534807], [121.2180796, 24.9535361], [121.218129, 24.953542], [121.2181658, 24.9535353], [121.2182002, 24.9535098], [121.2182805, 24.9534084], [121.2183447, 24.9533075], [121.2183682, 24.9532556], [121.2183836, 24.9531814], [121.2184069, 24.9530744], [121.2184137, 24.9530001], [121.2184091, 24.9529452], [121.2184113, 24.9528799], [121.2184189, 24.9526588], [121.2184799, 24.9526434], [121.2185516, 24.9526447], [121.2186439, 24.9526247], [121.2187268, 24.9525904], [121.218906, 24.9524938], [121.2189938, 24.9524322], [121.2190713, 24.9523897], [121.2191522, 24.95233], [121.219296, 24.9522614], [121.219376, 24.9522264], [121.219488, 24.9522037], [121.2196067, 24.9521979], [121.2197242, 24.9522513], [121.2198514, 24.9523219], [121.2200061, 24.9524368], [121.2200754, 24.9524945], [121.220119, 24.9525568], [121.2201144, 24.9526761], [121.2201124, 24.9527406], [121.2201064, 24.9528216], [121.2201179, 24.9529997], [121.2201337, 24.9531113], [121.2201363, 24.9531831], [121.220136, 24.9532858], [121.2201625, 24.9534096], [121.2201997, 24.9535006], [121.2202765, 24.9536227], [121.2203283, 24.9536902], [121.2204608, 24.9538067], [121.2205768, 24.9538441], [121.2206437, 24.9538791], [121.2207063, 24.9538943], [121.2207532, 24.9538893], [121.220798, 24.9538328], [121.2208802, 24.953746], [121.2209981, 24.953622], [121.2210987, 24.9534963], [121.2212699, 24.9533081], [121.2215353, 24.9530013], [121.2217078, 24.9528166], [121.2218188, 24.9526805], [121.2218834, 24.9526233], [121.2219011, 24.9525879], [121.2217986, 24.9524757], [121.22176, 24.952405], [121.2217783, 24.9523403], [121.2218195, 24.9522786], [121.2219425, 24.9521042], [121.2219467, 24.9520858], [121.2219422, 24.9520529], [121.2219174, 24.9520155], [121.2217888, 24.9519678], [121.221662, 24.9519108], [121.2215424, 24.9518321], [121.2214098, 24.9516967], [121.2213835, 24.9516631], [121.2213809, 24.9516225], [121.221407, 24.951568], [121.2215652, 24.9513584], [121.2217608, 24.9510725], [121.2218707, 24.9508932], [121.2221644, 24.9504373], [121.2222634, 24.950303], [121.2224335, 24.9500502], [121.222566, 24.9498386], [121.2227233, 24.9496043], [121.2227513, 24.9495601], [121.2227811, 24.9495105], [121.2228301, 24.9495042], [121.2230078, 24.9495871], [121.2230239, 24.9495855], [121.2230625, 24.949551], [121.2231533, 24.949228], [121.2232019, 24.9487434], [121.2232595, 24.9481552], [121.2234465, 24.9476075], [121.2233613, 24.9475414], [121.2232579, 24.9474538], [121.223161, 24.9473442], [121.2231225, 24.9472854], [121.2230783, 24.9472324], [121.2229819, 24.947072], [121.222923, 24.9469559], [121.222888, 24.9469021], [121.2228071, 24.946701], [121.2227602, 24.9465941], [121.222654, 24.9463853], [121.2225675, 24.946176], [121.2225378, 24.9460771], [121.2225273, 24.9460328], [121.2224849, 24.9459456], [121.2223973, 24.9457848], [121.2223846, 24.9457426], [121.2223415, 24.9456638], [121.2223142, 24.9456005], [121.2223009, 24.9455343], [121.2222903, 24.9455058], [121.2221752, 24.9451819], [121.2221503, 24.9451211], [121.2221712, 24.9448879], [121.2225033, 24.943922], [121.2225635, 24.943929], [121.2226405, 24.9437859], [121.2229174, 24.9434901], [121.2232915, 24.9435678], [121.2234182, 24.9434029], [121.2240403, 24.9434235], [121.2241015, 24.9433211], [121.2241206, 24.9432825], [121.2241935, 24.9431679], [121.224272, 24.9430463], [121.2243429, 24.9428969], [121.2243647, 24.9428335], [121.2243948, 24.9427685], [121.2244594, 24.9426522], [121.2244849, 24.942589], [121.2245199, 24.9425279], [121.2246197, 24.9423277], [121.2247018, 24.9421723], [121.2247409, 24.9421016], [121.2247887, 24.941959], [121.2248383, 24.9418319], [121.2248667, 24.9417223], [121.2249212, 24.9415691], [121.224933, 24.9415267], [121.2249477, 24.9414905], [121.2249635, 24.941431], [121.2249759, 24.9413752], [121.2250059, 24.941283], [121.225022, 24.9412242], [121.2250446, 24.9411764], [121.2250781, 24.941025], [121.2251204, 24.9408876], [121.2251459, 24.9407639], [121.2251846, 24.940429], [121.2251952, 24.9403697], [121.2252091, 24.9402711], [121.2252197, 24.9402185], [121.2252291, 24.9400796], [121.2252376, 24.9400223], [121.2252443, 24.9399667], [121.2252453, 24.9398906], [121.225255, 24.9398459], [121.2252593, 24.9397911], [121.2252686, 24.9397503], [121.2252903, 24.9396496], [121.2253409, 24.9394176], [121.2253614, 24.9393389], [121.2253633, 24.9392588], [121.2253711, 24.9392027], [121.2253759, 24.9390746], [121.2253778, 24.93902], [121.2253681, 24.9388969], [121.2253604, 24.9388395], [121.2253374, 24.9387473], [121.2253122, 24.9386691], [121.2252278, 24.9384709], [121.2251616, 24.9382837], [121.2251445, 24.9382316], [121.2251378, 24.9381934], [121.2251399, 24.9380218], [121.2251475, 24.937956], [121.2251592, 24.937888], [121.2251835, 24.9377967], [121.2252218, 24.9377001], [121.2252548, 24.9376302], [121.2253271, 24.937498], [121.2253531, 24.9374318], [121.2253949, 24.9373632], [121.2254486, 24.937291], [121.225482, 24.9372342], [121.2255336, 24.937191], [121.2255743, 24.9371396], [121.2256134, 24.9370802], [121.2256639, 24.9370271], [121.2256912, 24.9369975], [121.2257467, 24.9369581], [121.2258729, 24.9368973], [121.2260087, 24.9368378], [121.2262594, 24.9367213], [121.2263083, 24.9366862], [121.2264034, 24.9366348], [121.2264792, 24.9365956], [121.2265807, 24.9365491], [121.226612, 24.9365293], [121.2267035, 24.9364755], [121.2267801, 24.936419], [121.2268323, 24.9363906], [121.2268867, 24.936352], [121.2269629, 24.9363074], [121.2270521, 24.9362369], [121.2271511, 24.9361783], [121.2273342, 24.9360681], [121.2274006, 24.9360331], [121.2274742, 24.9359876], [121.2275624, 24.9359329], [121.2276115, 24.9358886], [121.2276716, 24.9358438], [121.2277408, 24.935795], [121.2278139, 24.9357179], [121.2278603, 24.9356815], [121.2278949, 24.9356276], [121.2279591, 24.9355486], [121.2279994, 24.9354771], [121.2280322, 24.9354278], [121.2281169, 24.9352759], [121.22814, 24.9352061], [121.2281762, 24.9351445], [121.2282567, 24.9350091], [121.2282779, 24.934951], [121.2283674, 24.9348257], [121.2283926, 24.9347533], [121.2284185, 24.9347011], [121.2284512, 24.9346504], [121.2284807, 24.9345942], [121.2285272, 24.9345356], [121.228713, 24.9342454], [121.2287941, 24.934103], [121.228828, 24.9340227], [121.2288378, 24.933986], [121.2288579, 24.9339519], [121.2288764, 24.9338782], [121.2288835, 24.9338478], [121.2288889, 24.9337151], [121.2288888, 24.9333556], [121.2288812, 24.9332063], [121.228873, 24.9331421], [121.2288723, 24.9330585], [121.2288679, 24.9329991], [121.2288676, 24.93288], [121.2288864, 24.9327963], [121.2288972, 24.9327163], [121.2289088, 24.9325112], [121.2289275, 24.9324418], [121.2288881, 24.9322782], [121.2288889, 24.9322374], [121.228874, 24.9321836], [121.2288733, 24.9320976], [121.2288814, 24.9320366], [121.2288746, 24.93194], [121.2288736, 24.9318691], [121.2288797, 24.9318104], [121.2288908, 24.9317422], [121.2289103, 24.9316994], [121.2289266, 24.9316717], [121.2290177, 24.931564], [121.2290561, 24.9315332], [121.2291267, 24.9314898], [121.2292849, 24.931435], [121.2293566, 24.9314112], [121.2296433, 24.9313464], [121.229791, 24.9313124], [121.2300707, 24.9312641], [121.2301971, 24.9312405], [121.2303108, 24.9312358], [121.2304375, 24.9312207], [121.2304956, 24.9312073], [121.2308001, 24.931164], [121.2309581, 24.9312777], [121.2310958, 24.9313688], [121.2312044, 24.9314236], [121.2313335, 24.931523], [121.231407, 24.9315707], [121.2314992, 24.9316113], [121.2315429, 24.9316166], [121.2316187, 24.9316104], [121.2317384, 24.9315228], [121.2319006, 24.9313838], [121.2319461, 24.9313397], [121.2320103, 24.9313003], [121.2322115, 24.9312316], [121.2322594, 24.9312175], [121.2322865, 24.9311985], [121.2323194, 24.9311573], [121.2323852, 24.9310898], [121.2324568, 24.9310397], [121.2324968, 24.9309631], [121.2325106, 24.9309139], [121.2325043, 24.9308282], [121.2325093, 24.9307656], [121.2325294, 24.9305917], [121.2326301, 24.9304076], [121.2326917, 24.9303923], [121.2327554, 24.9303603], [121.2329714, 24.9302119], [121.2330444, 24.9301764], [121.2331864, 24.9300595], [121.2332348, 24.9300559], [121.2332672, 24.9300479], [121.2333011, 24.9300247], [121.2334477, 24.9299436], [121.2337012, 24.9298054], [121.2342363, 24.9294933], [121.2342953, 24.9295057], [121.2347362, 24.9296978], [121.2347969, 24.9297173], [121.2348872, 24.9297628], [121.2350374, 24.9298261], [121.2352635, 24.9299232], [121.235349, 24.9299618], [121.2353981, 24.9299776], [121.2355193, 24.9300341], [121.2356336, 24.9300768], [121.2357405, 24.9301312], [121.2357571, 24.9301127], [121.2358427, 24.9298786], [121.235923, 24.9296741], [121.235977, 24.9295488], [121.2360406, 24.9293684], [121.2360856, 24.9292522], [121.2361766, 24.9290139], [121.2362211, 24.9288864], [121.2362999, 24.9286998], [121.2363188, 24.9286414], [121.236378, 24.9284976], [121.2363933, 24.9284353], [121.2364469, 24.928309], [121.2364713, 24.9282399], [121.2364906, 24.9281843], [121.2365864, 24.9279361], [121.2368639, 24.9279414], [121.2370571, 24.927952], [121.2372867, 24.9279507], [121.2374571, 24.9279618], [121.2376976, 24.927961], [121.2378021, 24.9279697], [121.2382303, 24.9279848], [121.2383185, 24.9279832], [121.2384521, 24.9279975], [121.2385695, 24.927994], [121.2386708, 24.9279985], [121.2388118, 24.9280064], [121.2392181, 24.9280127], [121.239614, 24.9280295], [121.2396343, 24.9280133], [121.2396357, 24.9279154], [121.2396514, 24.9278251], [121.2396502, 24.9277525], [121.239646, 24.927714], [121.2396454, 24.9275798], [121.2396521, 24.9274831], [121.2396449, 24.9274395], [121.2396447, 24.9272791], [121.2396377, 24.927148], [121.2396352, 24.9269739], [121.2396422, 24.9269234], [121.2396306, 24.9268485], [121.2396379, 24.9268186], [121.2396492, 24.9267876], [121.2396792, 24.9267585], [121.2397107, 24.9267396], [121.2397711, 24.9267408], [121.2398182, 24.9267269], [121.2398575, 24.9267096], [121.2398964, 24.926663], [121.2399131, 24.9266074], [121.2399441, 24.9264451], [121.2399906, 24.926362], [121.2400544, 24.9262492], [121.2400904, 24.9262115], [121.24015, 24.9261772], [121.2402743, 24.9260991], [121.2403627, 24.9260549], [121.2404227, 24.9260175], [121.2404612, 24.9260062], [121.2405154, 24.9260012], [121.2405911, 24.9259946], [121.2406545, 24.9259984], [121.2407417, 24.9260098], [121.2408306, 24.9260362], [121.2408987, 24.9260478], [121.2410968, 24.9260117], [121.2411935, 24.9260002], [121.2414021, 24.9259497], [121.2415334, 24.9259206], [121.2415893, 24.9259097], [121.2416524, 24.9258867], [121.2416782, 24.9258798], [121.2417681, 24.9258536], [121.2419231, 24.9257861], [121.2420107, 24.9257416], [121.2420844, 24.9257089], [121.2421352, 24.9256995], [121.2421918, 24.92568], [121.2422601, 24.9256658], [121.2423733, 24.9256505], [121.2424862, 24.9256422], [121.2425485, 24.9256439], [121.2426098, 24.9256526], [121.2427023, 24.9256521], [121.2427592, 24.9256456], [121.2428135, 24.9256089], [121.242826, 24.9255972], [121.2428339, 24.9255617], [121.2428328, 24.9254513], [121.2428146, 24.9253397], [121.242789, 24.9252568], [121.2427682, 24.9252027], [121.2427702, 24.9251358], [121.2428026, 24.9250822], [121.2428623, 24.9250732], [121.2429772, 24.9251061], [121.2430356, 24.9251334], [121.243345, 24.9252181], [121.2437734, 24.9252194], [121.2438646, 24.925214], [121.2438926, 24.9252039], [121.2439314, 24.9251921], [121.2439727, 24.925185], [121.2440102, 24.9251774], [121.2440841, 24.9251554], [121.2441978, 24.9251462], [121.2445077, 24.9251792], [121.2447524, 24.9252384], [121.2449534, 24.9252902], [121.2451597, 24.9253748], [121.2453261, 24.9254699], [121.2455164, 24.9255969], [121.2456678, 24.9256713], [121.2457267, 24.9257078], [121.245827, 24.9257588], [121.2459237, 24.9258141], [121.2461873, 24.925978], [121.2464577, 24.9261233], [121.2466138, 24.9262003], [121.2467773, 24.9262702], [121.2468992, 24.9263118], [121.2470206, 24.9263462], [121.2471593, 24.9263642], [121.2473015, 24.9263893], [121.247358, 24.9263925], [121.2474711, 24.9263922], [121.2475424, 24.9264017], [121.2477829, 24.9264324], [121.2478678, 24.9264356], [121.2481545, 24.9264917], [121.2483499, 24.9265424], [121.2483967, 24.9265484], [121.2484788, 24.9265811], [121.2485707, 24.9266116], [121.2486383, 24.9266304], [121.2486764, 24.9266386], [121.248735, 24.926656], [121.2488873, 24.9267284], [121.2490336, 24.9267837], [121.2491201, 24.9268154], [121.2492054, 24.926837], [121.2492666, 24.9268416], [121.2493482, 24.9268563], [121.2494474, 24.9268769], [121.2495149, 24.9268839], [121.2497282, 24.9269138], [121.2497981, 24.9269283], [121.2498787, 24.9269589], [121.2500303, 24.9270247], [121.2503287, 24.9271473], [121.2503871, 24.9271778], [121.2508056, 24.9273488], [121.2509104, 24.9273978], [121.2509943, 24.9274384], [121.2512085, 24.9275216], [121.2513139, 24.9275718], [121.251427, 24.9276176], [121.2516027, 24.9276948], [121.2516373, 24.9277161], [121.2516975, 24.9277334], [121.252001, 24.9278643], [121.2522033, 24.9279571], [121.2523439, 24.9280182], [121.252436, 24.9280541], [121.2526449, 24.9281498], [121.2527277, 24.9281815], [121.2528178, 24.9282256], [121.2529385, 24.9282751], [121.2529944, 24.9283027], [121.2531416, 24.92836], [121.2532884, 24.928429], [121.2533889, 24.9284765], [121.2535346, 24.9285555], [121.2535973, 24.9285815], [121.2536436, 24.928602], [121.2536943, 24.9286314], [121.2537495, 24.9286598], [121.2538557, 24.9287311], [121.253902, 24.9287654], [121.2539895, 24.9288202], [121.2541383, 24.9289255], [121.2541763, 24.9289624], [121.2542213, 24.9289863], [121.2542673, 24.9290293], [121.2543007, 24.9290528], [121.2543185, 24.9290724], [121.2543749, 24.9291068], [121.2543963, 24.9291282], [121.2544417, 24.9291643], [121.2545129, 24.9292049], [121.2546339, 24.929267], [121.254709, 24.9292941], [121.2548019, 24.9293524], [121.2549539, 24.9294637], [121.2550592, 24.92953], [121.2550926, 24.9295568], [121.2551976, 24.9296097], [121.2552583, 24.9296283], [121.2553235, 24.9296676], [121.2554754, 24.9297388], [121.2555487, 24.9297586], [121.255703, 24.9298305], [121.2557639, 24.9298537], [121.2558477, 24.9298694], [121.2559058, 24.9298943], [121.2560226, 24.9299363], [121.2562272, 24.9299997], [121.2563853, 24.930044], [121.2564653, 24.9300619], [121.2566317, 24.9301137], [121.2567821, 24.9301491], [121.256866, 24.9301779], [121.2569514, 24.9302112], [121.2570739, 24.9302489], [121.25714, 24.9302784], [121.2572736, 24.9303327], [121.2573366, 24.9303539], [121.2575603, 24.9304477], [121.2577655, 24.9305221], [121.2579346, 24.9305939], [121.2581256, 24.9306701], [121.2581702, 24.9306254], [121.2582144, 24.9305732], [121.2582053, 24.9304032], [121.2581566, 24.9302471], [121.2580892, 24.9301336], [121.2580554, 24.930013], [121.2579033, 24.9296785], [121.2574548, 24.9290424], [121.2570291, 24.9283703], [121.2566399, 24.9277561], [121.2565548, 24.9275828], [121.2564879, 24.9274094], [121.2563723, 24.9270719], [121.2563355, 24.9268893], [121.2562339, 24.9264183], [121.2559749, 24.9257673], [121.2556209, 24.9250951], [121.2550011, 24.924241], [121.2541606, 24.9234999], [121.2533676, 24.9229657], [121.2517965, 24.9216575], [121.2527758, 24.9205086], [121.2532107, 24.9200448], [121.2542537, 24.919084], [121.2543741, 24.9189937], [121.2545432, 24.9188966], [121.2547497, 24.9187901], [121.2549636, 24.9186682], [121.2551752, 24.9185071], [121.2552437, 24.9184071], [121.2553657, 24.9181516], [121.2554538, 24.9175828], [121.2555641, 24.917038], [121.2557371, 24.9164891], [121.2557595, 24.9162022], [121.2556832, 24.9156615], [121.2555205, 24.9153893], [121.255306, 24.9151359], [121.2551224, 24.9149997], [121.2550107, 24.9148835], [121.2547004, 24.9143254], [121.2546132, 24.9141302], [121.2544986, 24.913864], [121.2543693, 24.9135058], [121.2543304, 24.9133655], [121.2542521, 24.9131334], [121.2541871, 24.9128605], [121.2541206, 24.9127068], [121.2540663, 24.912563], [121.254, 24.9123968], [121.2538952, 24.9122091], [121.2538989, 24.9121226], [121.2538279, 24.911914], [121.2531592, 24.911087], [121.2531288, 24.9108474], [121.2530101, 24.9099917], [121.2528386, 24.9095739], [121.253034, 24.90911], [121.253059, 24.9088764], [121.2529511, 24.9087611], [121.2529439, 24.9084714], [121.2532181, 24.9072946], [121.2532488, 24.9067511], [121.2530798, 24.9063888], [121.2531874, 24.9056223], [121.2526803, 24.9052599], [121.2528186, 24.9049812], [121.2525158, 24.9034105], [121.2525185, 24.9032594], [121.2527111, 24.9025703], [121.2526684, 24.9019306], [121.252496, 24.9014693], [121.2523116, 24.9009954], [121.2525574, 24.9006191], [121.2525267, 24.8996993], [121.2522348, 24.8990025], [121.2522348, 24.8985983], [121.2521578, 24.898253], [121.2520244, 24.897583], [121.2514666, 24.8965367], [121.2512576, 24.8960979], [121.2508246, 24.8956113], [121.2506054, 24.8953735], [121.2505296, 24.8950173], [121.2501732, 24.8940745], [121.2498578, 24.8933713], [121.249717, 24.8928478], [121.2496111, 24.8919852], [121.2495047, 24.8912769], [121.2494454, 24.8905653], [121.2494114, 24.8901493], [121.2493626, 24.8897636], [121.2493962, 24.8892004], [121.2494241, 24.8888706], [121.2494018, 24.8878506], [121.2493794, 24.8875309], [121.2493682, 24.8869981], [121.2492899, 24.8861761], [121.2492694, 24.8858886], [121.2490348, 24.8844822], [121.2489179, 24.8834754], [121.2485091, 24.8821155], [121.2484701, 24.8818682], [121.2484896, 24.8813207], [121.2481392, 24.879996], [121.2481878, 24.8797923], [121.2480613, 24.8796333], [121.247925, 24.8793772], [121.2478666, 24.879024], [121.247779, 24.8787325], [121.2477887, 24.8785471], [121.2477401, 24.8783086], [121.2476038, 24.8780967], [121.2474772, 24.8778671], [121.2475064, 24.8768515], [121.2471949, 24.8764541], [121.2470684, 24.8758889], [121.2468834, 24.875041], [121.2466985, 24.8749792], [121.2464551, 24.8748909], [121.2462799, 24.8747054], [121.2461338, 24.8744758], [121.246017, 24.8742462], [121.2458515, 24.8741491], [121.2455984, 24.8740696], [121.2454719, 24.8740166], [121.2452188, 24.8738399], [121.2450338, 24.8735927], [121.244771, 24.8732482], [121.2446445, 24.8730628], [121.2445763, 24.8727978], [121.2445374, 24.8725859], [121.2445374, 24.8724799], [121.2443622, 24.8724181], [121.2441869, 24.8724181], [121.2439046, 24.87263], [121.2436905, 24.8727713], [121.2435834, 24.8727537], [121.2434958, 24.8726388], [121.2433692, 24.8725594], [121.2432329, 24.8726212], [121.2431775, 24.8727741], [121.2429993, 24.8729302], [121.2431134, 24.8730707], [121.2432358, 24.8731491], [121.2434232, 24.8731883], [121.2436605, 24.8734257], [121.2439813, 24.8738223], [121.2443048, 24.8743872], [121.2444163, 24.8748506], [121.2444505, 24.8751756], [121.2443598, 24.8756918], [121.2443742, 24.8758095], [121.2444751, 24.8760644], [121.2445832, 24.8763585], [121.2446264, 24.8765088], [121.2446056, 24.8768164], [121.2445282, 24.8771016], [121.2445039, 24.8772867], [121.2445327, 24.8773651], [121.2446696, 24.8775154], [121.2450227, 24.8776004], [121.2450371, 24.8780906], [121.2450376, 24.8782867], [121.2450809, 24.8785797], [121.2451401, 24.8787562], [121.2452316, 24.8789077], [121.2453901, 24.8790645], [121.2454622, 24.879143], [121.2454982, 24.8792149], [121.2455054, 24.8793391], [121.2454618, 24.8795144], [121.24542, 24.8795846], [121.2453463, 24.8796371], [121.245296, 24.8797012], [121.2452713, 24.8797722], [121.245313, 24.8800086], [121.245407, 24.8802106], [121.2454671, 24.8802411], [121.2455319, 24.8802296], [121.2455636, 24.8802315], [121.2455906, 24.880249], [121.2455917, 24.8802973], [121.2455298, 24.8804046], [121.2455058, 24.8805157], [121.2455143, 24.8805955], [121.2455398, 24.8806527], [121.245595, 24.8806821], [121.2456495, 24.8807073], [121.2456968, 24.8807654], [121.2457227, 24.8808946], [121.2456972, 24.8811433], [121.2456135, 24.8813653], [121.245527, 24.8815483], [121.2453325, 24.8817574], [121.2452748, 24.881862], [121.2452388, 24.8819535], [121.2453419, 24.8821853], [121.2453531, 24.8822975], [121.2453392, 24.8824067], [121.2453184, 24.8825412], [121.2453356, 24.8826838], [121.2454021, 24.8829764], [121.2454529, 24.8833224], [121.2454995, 24.8834135], [121.245844, 24.8837183], [121.2459936, 24.8838249], [121.2467028, 24.8843782], [121.2466999, 24.8844069], [121.2466757, 24.884426], [121.2465804, 24.884654], [121.2465488, 24.8848301], [121.2464877, 24.8852688], [121.2465124, 24.8854992], [121.2466006, 24.8857142], [121.2467017, 24.8859437], [121.2466842, 24.8862667], [121.2466167, 24.8866044], [121.2465822, 24.8868171], [121.2464663, 24.8871641], [121.2463186, 24.8875269], [121.2462897, 24.8876798], [121.2462731, 24.8879423], [121.2462351, 24.8879865], [121.246157, 24.8880139], [121.2460303, 24.88802], [121.2458898, 24.8879848], [121.2457459, 24.8879347], [121.245276, 24.8877192], [121.2450722, 24.8877112], [121.2441655, 24.8877786], [121.2439243, 24.8878685], [121.2438106, 24.8879236], [121.2435906, 24.8879648], [121.2433631, 24.8880267], [121.2431583, 24.8882331], [121.2428626, 24.8891], [121.2422255, 24.8888385], [121.2416188, 24.8901732], [121.2413454, 24.8899328], [121.2410863, 24.889719], [121.2408977, 24.8895317], [121.2406635, 24.8892074], [121.2403798, 24.8887818], [121.240027, 24.8882941], [121.2397622, 24.8879612], [121.2394918, 24.8877038], [121.2393512, 24.8876394], [121.2392071, 24.8876071], [121.2390328, 24.887618], [121.2387526, 24.8876886], [121.2382936, 24.8878086], [121.2381846, 24.8878792], [121.237889, 24.8878863], [121.2374221, 24.8878298], [121.2373443, 24.8871663], [121.2373333, 24.8870986], [121.2358892, 24.8869256], [121.2359562, 24.8862462], [121.2357377, 24.8862402], [121.2355782, 24.8862252], [121.2349179, 24.8858858], [121.2348244, 24.8860655], [121.2347529, 24.8862152], [121.2346758, 24.8862901], [121.2346043, 24.88632], [121.2344833, 24.88633], [121.2344117, 24.8864847], [121.2343347, 24.8866295], [121.2343567, 24.8867343], [121.2343237, 24.8868191], [121.2341477, 24.886899], [121.2338671, 24.8870188], [121.2335094, 24.8872134], [121.2333004, 24.8873482], [121.2331438, 24.8874035], [121.2330083, 24.8874291], [121.2328898, 24.8875212], [121.2326527, 24.8876851], [121.2323648, 24.8878592], [121.2322124, 24.8879514], [121.2320826, 24.8880179], [121.2318455, 24.8880794], [121.2318116, 24.8881255], [121.2317721, 24.8882535], [121.2316987, 24.8883917], [121.2316028, 24.8884993], [121.2315294, 24.8884788], [121.2314447, 24.8883866], [121.2313374, 24.8882842], [121.2312415, 24.8882637], [121.2311399, 24.8882996], [121.2310947, 24.8883508], [121.2310552, 24.8884327], [121.2310044, 24.8886017], [121.2310157, 24.8886939], [121.2310608, 24.8889192], [121.2310608, 24.8890728], [121.2311117, 24.8891957], [121.2311794, 24.8893083], [121.2312245, 24.8893391], [121.2311229, 24.889718], [121.2310496, 24.8898767], [121.2309394, 24.8899499], [121.2308294, 24.890034], [121.2306672, 24.8901968], [121.2305572, 24.8903387], [121.2304935, 24.8905909], [121.2304587, 24.8907485], [121.2304182, 24.8908956], [121.2302676, 24.8910479], [121.2301518, 24.8911793], [121.2300591, 24.8914367], [121.230036, 24.8915786], [121.2300823, 24.8916941], [121.2301286, 24.8918097], [121.230117, 24.8919883], [121.2300765, 24.8921302], [121.2300244, 24.8923403], [121.2300012, 24.8925137], [121.2299259, 24.8927291], [121.2298332, 24.892934], [121.2297174, 24.8930653], [121.2296233, 24.8932903], [121.2295397, 24.8934362], [121.2290232, 24.8934089], [121.2288568, 24.8937376], [121.2287617, 24.8938454], [121.228631, 24.8936676], [121.2284765, 24.8934628], [121.2283042, 24.8932472], [121.2281497, 24.8931016], [121.2280427, 24.8930585], [121.227912, 24.8930262], [121.2278347, 24.8929992], [121.2277932, 24.8930908], [121.2276089, 24.8932094], [121.2274782, 24.8931124], [121.2273475, 24.8929022], [121.2272287, 24.8927405], [121.2271039, 24.8926974], [121.2268577, 24.8926504], [121.2265041, 24.8925951], [121.226181, 24.8925177], [121.2260957, 24.8923739], [121.2263273, 24.8915278], [121.2261688, 24.8916494], [121.2260408, 24.8917213], [121.2257604, 24.8917877], [121.2256689, 24.8918153], [121.2253336, 24.89176], [121.2251202, 24.8917987], [121.2248215, 24.8918485], [121.2245716, 24.8918872], [121.2243582, 24.8918762], [121.2235352, 24.8918651], [121.2233767, 24.8919702], [121.2234498, 24.8920808], [121.2233035, 24.8920974], [121.2224988, 24.8919536], [121.2224107, 24.8917155], [121.2222481, 24.8914829], [121.222148, 24.891239], [121.2220479, 24.8910404], [121.2220229, 24.8909155], [121.2219353, 24.8907624], [121.2218165, 24.8905808], [121.2217164, 24.8903822], [121.2216601, 24.890178], [121.221535, 24.8900021], [121.2213161, 24.8898205], [121.2212348, 24.8897297], [121.221216, 24.8894914], [121.2212519, 24.8892951], [121.2212647, 24.8890739], [121.2213417, 24.8888818], [121.2213866, 24.8886722], [121.2214508, 24.8885558], [121.2214299, 24.8885024], [121.2212455, 24.88855], [121.2209182, 24.8886897], [121.2207898, 24.888777], [121.220623, 24.8893184], [121.220546, 24.8896386], [121.2204305, 24.8899995], [121.2202893, 24.8904302], [121.2200904, 24.8908203], [121.2200326, 24.8910182], [121.2200133, 24.89135], [121.2200519, 24.8915828], [121.2201545, 24.8918564], [121.2202572, 24.8921184], [121.2204433, 24.8926714], [121.2205267, 24.8929799], [121.2206422, 24.8931487], [121.2206743, 24.8932768], [121.2206166, 24.8933059], [121.2204369, 24.8932768], [121.2201417, 24.8932186], [121.2198978, 24.8932186], [121.2197695, 24.8932826], [121.2196796, 24.8934689], [121.2196532, 24.8935814], [121.2196466, 24.8937009], [121.2195387, 24.8937519], [121.2194359, 24.8937606], [121.2191528, 24.8936412], [121.2189487, 24.8935396], [121.2187511, 24.8934739], [121.2185339, 24.8934381], [121.2183166, 24.8934142], [121.2180796, 24.893253], [121.2179084, 24.8931216], [121.2177438, 24.89302], [121.2175858, 24.8929484], [121.2173882, 24.8928468], [121.2172434, 24.8926139], [121.2170195, 24.8924168], [121.2166508, 24.8923452], [121.2165652, 24.8922854], [121.2163216, 24.8921242], [121.2161058, 24.8921197], [121.2159775, 24.892114], [121.2157749, 24.8920646], [121.2153088, 24.8918624], [121.2148502, 24.8916894], [121.2145398, 24.8915811], [121.2138424, 24.8913991], [121.2135653, 24.8912908], [121.2133552, 24.8912735], [121.2130065, 24.8912301], [121.2127677, 24.8911651], [121.2124618, 24.8911575], [121.211927, 24.8911738], [121.2117025, 24.8912431], [121.211392, 24.8913255], [121.2108236, 24.8914988], [121.2104421, 24.8916998], [121.2101872, 24.8917398], [121.2097511, 24.8918242], [121.2095403, 24.8918865], [121.2090895, 24.8920465], [121.2088102, 24.8921487], [121.2085161, 24.8923665], [121.2083936, 24.8924555], [121.2082765, 24.8926668], [121.2081343, 24.8928344], [121.2078712, 24.8932408], [121.2077859, 24.8933375], [121.2076813, 24.8934454], [121.2075908, 24.8934956], [121.2075103, 24.8932812], [121.2074349, 24.893149], [121.2073394, 24.8929985], [121.2072841, 24.8929346], [121.2067763, 24.89236], [121.2064759, 24.8920037], [121.2052739, 24.8909462], [121.2051226, 24.8907578], [121.2048527, 24.8904745], [121.2047204, 24.8902825], [121.2044134, 24.8899896], [121.2042705, 24.8898072], [121.204127, 24.8896455], [121.2040491, 24.889577], [121.2039188, 24.8895856], [121.2037985, 24.8895897], [121.2037138, 24.8895641], [121.2033437, 24.8892859], [121.203173, 24.8891838], [121.2031092, 24.8892108], [121.2029474, 24.8893799], [121.2028666, 24.8894721], [121.2027309, 24.8895618], [121.2025302, 24.8895602], [121.2006203, 24.8891457], [121.2005078, 24.8891248], [121.1995199, 24.8888561], [121.1989538, 24.888733], [121.1984074, 24.8885149], [121.1979256, 24.8883278], [121.197664, 24.8882451], [121.1973962, 24.8882128], [121.1969315, 24.8880963], [121.1964803, 24.8880003], [121.1962073, 24.8879396], [121.1959949, 24.8879169], [121.1958285, 24.8878992], [121.1958113, 24.8878926], [121.1955778, 24.8878032], [121.1953772, 24.8877829], [121.1952435, 24.8877829], [121.1952379, 24.8879194], [121.1952101, 24.8880912], [121.1952323, 24.8882138], [121.1951714, 24.8883701], [121.1950104, 24.8883853], [121.1948888, 24.8882521], [121.1948118, 24.888143], [121.1947264, 24.8881199], [121.1946397, 24.8881799], [121.1946146, 24.8883353], [121.1946658, 24.8887551], [121.1946773, 24.8889469], [121.1947116, 24.8890973], [121.1945572, 24.8895328], [121.1944258, 24.8899217], [121.1943458, 24.8901083], [121.1943458, 24.8902068], [121.19438, 24.8903002], [121.1944829, 24.8903676], [121.1946544, 24.8903987], [121.1949288, 24.8903935], [121.1950945, 24.8905024], [121.1952367, 24.8906671], [121.1953599, 24.890832], [121.1953482, 24.8910554], [121.1952895, 24.8912895], [121.1952074, 24.8914491], [121.1949963, 24.8915661], [121.1947559, 24.8916831], [121.1946855, 24.891715], [121.1945213, 24.8918906], [121.194363, 24.8921512], [121.1942457, 24.8924225], [121.1941753, 24.8926566], [121.1940228, 24.8928268], [121.1938352, 24.8928587], [121.1937472, 24.8927896], [121.1936241, 24.8926832], [121.1934599, 24.8925076], [121.1933426, 24.8923853], [121.193108, 24.8923108], [121.1929145, 24.8923161], [121.1927444, 24.8923587], [121.1926682, 24.8924598], [121.1926738, 24.8927606], [121.1928558, 24.8930449], [121.1930083, 24.8933641], [121.1926216, 24.8939638], [121.1925631, 24.8941074], [121.1925313, 24.894119], [121.1925166, 24.8941045], [121.1925174, 24.8939294], [121.1924803, 24.8937597], [121.1924535, 24.8936944], [121.1923667, 24.8935762], [121.1923015, 24.8935337], [121.192206, 24.8935309], [121.1919437, 24.8936142], [121.1918279, 24.8935837], [121.19173, 24.8935003], [121.1916384, 24.8932476], [121.1915869, 24.8931517], [121.1915328, 24.8931782], [121.1912835, 24.8934651], [121.1912449, 24.8934671], [121.1912071, 24.8934496], [121.1910607, 24.8932291], [121.1910661, 24.8931356], [121.1910468, 24.8930694], [121.1910046, 24.8928181], [121.1909008, 24.8926271], [121.1905142, 24.8922366], [121.190463, 24.89209], [121.1904543, 24.8920491], [121.1904562, 24.8919617], [121.1904191, 24.8916873], [121.1903759, 24.8914913], [121.1902734, 24.8912244], [121.1901146, 24.891005], [121.1899624, 24.8908418], [121.1897642, 24.890655], [121.1895442, 24.8904736], [121.1893077, 24.8903192], [121.1889932, 24.8901083], [121.1886411, 24.8899059], [121.1883038, 24.8897714], [121.1880688, 24.8896231], [121.1879211, 24.8894288], [121.1878638, 24.8893104], [121.1878154, 24.8891182], [121.1877047, 24.8889538], [121.1875755, 24.8889047], [121.1869503, 24.8889114], [121.1868789, 24.8889331], [121.1866206, 24.8889591], [121.1864106, 24.8890384], [121.1859478, 24.8892992], [121.1856944, 24.8895887], [121.1856053, 24.8896433], [121.1853359, 24.8898437], [121.1850668, 24.8899602], [121.184914, 24.8899648], [121.184669, 24.8899478], [121.1845082, 24.8904338], [121.1842365, 24.8913412], [121.1837107, 24.8927968], [121.1836189, 24.8930778], [121.1842241, 24.8948815], [121.1842612, 24.8950608], [121.1848911, 24.895184], [121.1851505, 24.89524], [121.1851134, 24.8962707], [121.1850269, 24.8964612], [121.1852246, 24.8964164], [121.1853234, 24.8962371], [121.1854963, 24.8962259], [121.1855333, 24.8963603], [121.1854592, 24.896562], [121.1853357, 24.8968085], [121.1852493, 24.8969093], [121.185311, 24.8970661], [121.185521, 24.8974582], [121.1857186, 24.8979064], [121.1858545, 24.898164], [121.1860027, 24.8983769], [121.1860768, 24.8985897], [121.1860891, 24.8988138], [121.1861509, 24.899049], [121.1862003, 24.8994411], [121.1860313, 24.9005301], [121.186095, 24.9008304], [121.1862478, 24.9010614], [121.1865407, 24.9013502], [121.1868463, 24.9018469], [121.1870501, 24.9022627], [121.1870883, 24.9025052], [121.1871392, 24.9028748], [121.1869355, 24.9032445], [121.1868209, 24.9034408], [121.1868973, 24.9048269], [121.1870374, 24.9051734], [121.187658, 24.9066047], [121.1881158, 24.9070448], [121.1883407, 24.907605], [121.1883801, 24.9079266], [121.1883932, 24.908391], [121.1883932, 24.9087959], [121.1885245, 24.9092365], [121.1886558, 24.9096652], [121.1887519, 24.9099015]]], [[[121.1514547, 24.9650042], [121.1515176, 24.9650087], [121.1517134, 24.9649927], [121.1517905, 24.9649534], [121.1518793, 24.9648947], [121.1521283, 24.964723], [121.1523518, 24.964542], [121.1526961, 24.9642557], [121.1528898, 24.9641032], [121.1529588, 24.9640544], [121.1531743, 24.9639228], [121.1534349, 24.9637703], [121.1538271, 24.9635834], [121.153982, 24.9635167], [121.1541593, 24.9634557], [121.154588, 24.9632986], [121.154985, 24.9631476], [121.1552587, 24.9630601], [121.155746, 24.9629083], [121.1558483, 24.9628861], [121.1563514, 24.9627442], [121.1568644, 24.9626072], [121.1571668, 24.9625362], [121.1576413, 24.9624073], [121.1578732, 24.9623577], [121.1582223, 24.9622862], [121.1583422, 24.9622855], [121.1584922, 24.9622707], [121.158625, 24.9622592], [121.1589535, 24.9622433], [121.1595627, 24.9622234], [121.1598439, 24.9622181], [121.160038, 24.9622114], [121.1602074, 24.9621918], [121.1603838, 24.9621797], [121.1605465, 24.9621459], [121.1606978, 24.9621072], [121.1608203, 24.9620557], [121.1609506, 24.9620118], [121.1610976, 24.9619556], [121.1613876, 24.9618301], [121.1614895, 24.9617698], [121.1617644, 24.9616111], [121.1619473, 24.9614967], [121.1621509, 24.9613569], [121.1623241, 24.961228], [121.162459, 24.9611064], [121.1626322, 24.9609627], [121.1627574, 24.960847], [121.1629074, 24.9607133], [121.1629881, 24.960629], [121.1631491, 24.960472], [121.1632638, 24.9603533], [121.1634064, 24.9601941], [121.1636745, 24.9599185], [121.1637835, 24.9598204], [121.1639662, 24.9596155], [121.1641248, 24.9594539], [121.1642578, 24.9593272], [121.1643686, 24.9592071], [121.1645419, 24.9590355], [121.1647627, 24.9588234], [121.164938, 24.9586559], [121.1650068, 24.9585976], [121.165126, 24.9584964], [121.165333, 24.9583443], [121.16543, 24.9582656], [121.1654578, 24.9582462], [121.1655148, 24.9582116], [121.165545, 24.9581924], [121.1656392, 24.9580891], [121.1657409, 24.9579544], [121.1657775, 24.9578869], [121.165787, 24.9578568], [121.1657924, 24.9578101], [121.1657835, 24.957771], [121.1657355, 24.957723], [121.1656875, 24.9576911], [121.1654025, 24.9576385], [121.1583349, 24.9566005], [121.1570363, 24.9556299], [121.1554123, 24.9551284], [121.1547621, 24.9544794], [121.1537173, 24.9534134], [121.1533422, 24.9530307], [121.15247, 24.9526291], [121.150927, 24.9510434], [121.1497395, 24.949268], [121.1490592, 24.9483421], [121.1490212, 24.9482144], [121.1488174, 24.9480293], [121.1484755, 24.9476237], [121.1482128, 24.94736], [121.147673, 24.9465538], [121.1475043, 24.9465451], [121.1463401, 24.946907], [121.1443209, 24.9471671], [121.1421461, 24.9488798], [121.1407334, 24.9497318], [121.1393381, 24.9503665], [121.1379987, 24.950289], [121.1370041, 24.950569], [121.1357661, 24.950661], [121.1349544, 24.950933], [121.1318558, 24.9517482], [121.1291938, 24.9525995], [121.1286078, 24.9528416], [121.127384, 24.9534579], [121.1272421, 24.953178], [121.1268157, 24.9530899], [121.1262046, 24.9528037], [121.1256879, 24.9526736], [121.125263, 24.9520865], [121.1251859, 24.9510739], [121.126207, 24.9504546], [121.1264301, 24.9498329], [121.1265926, 24.9491665], [121.126207, 24.94878], [121.1258867, 24.9489854], [121.1253139, 24.9493729], [121.1247863, 24.9494057], [121.1240555, 24.9493913], [121.1237512, 24.9490561], [121.1223951, 24.9494394], [121.1217263, 24.9504906], [121.1216677, 24.9505013], [121.1197098, 24.9493552], [121.1190399, 24.94902], [121.1187792, 24.9489325], [121.1183571, 24.9499126], [121.1182334, 24.9499622], [121.1179395, 24.9499869], [121.1175109, 24.9501085], [121.1172913, 24.9502666], [121.1171569, 24.9503181], [121.1170766, 24.9503239], [121.1170026, 24.9502973], [121.1166399, 24.9499161], [121.1165397, 24.9498438], [121.1163911, 24.9498216], [121.1161257, 24.9497881], [121.1160575, 24.949717], [121.116001, 24.9495294], [121.1160913, 24.9494073], [121.1160844, 24.9493536], [121.1160331, 24.9492758], [121.1159461, 24.949209], [121.1154974, 24.9487076], [121.1154144, 24.9486389], [121.1153523, 24.9486155], [121.1152345, 24.9486232], [121.1151202, 24.9486806], [121.1150361, 24.9487084], [121.1147922, 24.9487175], [121.1146147, 24.9487932], [121.1145402, 24.9488601], [121.1145093, 24.948864], [121.1144922, 24.9488477], [121.114479, 24.9485982], [121.1144155, 24.9483962], [121.1142748, 24.9482541], [121.1142744, 24.9482219], [121.1142621, 24.9481885], [121.1142075, 24.9481118], [121.1141909, 24.948042], [121.1141721, 24.947807], [121.1140895, 24.9474779], [121.1139704, 24.9471366], [121.1139689, 24.947093], [121.1139395, 24.9469886], [121.1139444, 24.9466058], [121.1139135, 24.9465459], [121.1136109, 24.9462381], [121.113505, 24.9461046], [121.1134508, 24.9459273], [121.1133872, 24.9457527], [121.1133175, 24.9456623], [121.113227, 24.9455899], [121.1123486, 24.9451192], [121.1120544, 24.9459074], [121.1116298, 24.9462689], [121.1112317, 24.9464964], [121.110407, 24.9464321], [121.1095059, 24.9459566], [121.1083786, 24.9456134], [121.1072671, 24.9457484], [121.1060361, 24.9468963], [121.1037804, 24.9493873], [121.1031053, 24.9506409], [121.1023799, 24.9519404], [121.1002869, 24.9538592], [121.0980999, 24.9546896], [121.0968195, 24.9548046], [121.0961817, 24.954878], [121.0961338, 24.9548518], [121.0955064, 24.9539231], [121.0943015, 24.9542379], [121.0935455, 24.9545221], [121.0913667, 24.9555201], [121.0909743, 24.9556367], [121.0906253, 24.955333], [121.0905713, 24.9553107], [121.0905359, 24.9553326], [121.0904787, 24.9555846], [121.090355, 24.9559227], [121.0903004, 24.9559827], [121.0896642, 24.9563655], [121.0894338, 24.9560658], [121.0892396, 24.9557391], [121.0891422, 24.9557571], [121.0890734, 24.9558009], [121.0889107, 24.9558134], [121.0887664, 24.9559271], [121.0887404, 24.955926], [121.0886132, 24.9561145], [121.087807, 24.9559235], [121.0874971, 24.9557912], [121.087302, 24.9556766], [121.0856437, 24.9536555], [121.0855185, 24.9533581], [121.0855092, 24.9532879], [121.0856505, 24.9509359], [121.0859413, 24.9499643], [121.0869929, 24.9480807], [121.0865108, 24.9483249], [121.0864113, 24.9483901], [121.0863194, 24.948473], [121.08605, 24.9488189], [121.085816, 24.9490521], [121.0853331, 24.9494556], [121.0850554, 24.9496401], [121.0847763, 24.9497366], [121.0845765, 24.9497562], [121.0835016, 24.9497561], [121.081923, 24.9484809], [121.0804012, 24.9483662], [121.0802439, 24.9483906], [121.0785942, 24.948952], [121.0770689, 24.9496658], [121.0768781, 24.9497937], [121.0768283, 24.949788], [121.0766136, 24.9492128], [121.0756004, 24.9487585], [121.0755714, 24.9487055], [121.0755972, 24.9484055], [121.0756451, 24.9482451], [121.0757822, 24.948094], [121.0757394, 24.9479934], [121.0750919, 24.9477522], [121.0747187, 24.947518], [121.0738062, 24.9465523], [121.0710964, 24.9459129], [121.0710377, 24.9458665], [121.0710102, 24.9457943], [121.071333, 24.9447263], [121.0716191, 24.9447708], [121.07175, 24.9441778], [121.0717613, 24.9437701], [121.0714896, 24.9436359], [121.0712787, 24.9434464], [121.0711855, 24.9428481], [121.0711881, 24.9426328], [121.0712238, 24.9424215], [121.0712257, 24.942251], [121.071194, 24.9420722], [121.071131, 24.9418186], [121.0710878, 24.9415134], [121.0710489, 24.9406798], [121.0709757, 24.9405196], [121.0709348, 24.940257], [121.0708669, 24.9400122], [121.0708037, 24.9398922], [121.0707917, 24.939677], [121.0708157, 24.9394104], [121.0707975, 24.9392955], [121.0706905, 24.9391344], [121.0697723, 24.9391887], [121.0682835, 24.9389046], [121.0662704, 24.9389072], [121.0651856, 24.9389311], [121.0638866, 24.9392255], [121.0639272, 24.9393175], [121.0620709, 24.9391733], [121.0618368, 24.9389863], [121.0610634, 24.9388748], [121.0604161, 24.9383974], [121.0598884, 24.9380661], [121.0594825, 24.9379557], [121.0588939, 24.9375692], [121.0587519, 24.9372011], [121.0583865, 24.9370539], [121.0583444, 24.9366884], [121.058214, 24.9367208], [121.0578826, 24.9366671], [121.0576431, 24.9366768], [121.057144, 24.9368169], [121.0569721, 24.9368615], [121.05683, 24.9367695], [121.0565078, 24.9366421], [121.0561501, 24.9365671], [121.0558457, 24.9364751], [121.0554893, 24.9362584], [121.0553484, 24.936291], [121.055044, 24.9366131], [121.05476, 24.9368], [121.0542299, 24.9370544], [121.0535928, 24.9371928], [121.0534194, 24.9374388], [121.0533493, 24.9377081], [121.0533572, 24.9378636], [121.0531159, 24.9377817], [121.052984, 24.9377173], [121.0526998, 24.9378829], [121.0518984, 24.9385684], [121.051472, 24.9387571], [121.0512081, 24.9387847], [121.0505306, 24.9385952], [121.05016, 24.9386884], [121.0499599, 24.9387939], [121.04971, 24.93913], [121.0495133, 24.9392488], [121.0492699, 24.9393092], [121.048931, 24.9393192], [121.0485396, 24.9394852], [121.0482473, 24.9397516], [121.0479811, 24.9402201], [121.0479435, 24.9404348], [121.0480262, 24.9408688], [121.0479913, 24.9411587], [121.0479507, 24.9412967], [121.047723, 24.9413724], [121.0473012, 24.9415175], [121.0469968, 24.9416832], [121.0465706, 24.9420144], [121.0462122, 24.9423852], [121.0461245, 24.9425776], [121.0460835, 24.9428959], [121.0461116, 24.9430948], [121.0462701, 24.9434864], [121.0462055, 24.9435568], [121.0458158, 24.9436168], [121.0454467, 24.943628], [121.0445501, 24.9435328], [121.0443633, 24.9435348], [121.0432428, 24.9439352], [121.0427941, 24.944098], [121.0424592, 24.9441561], [121.0422679, 24.9441399], [121.0420345, 24.9440111], [121.0413324, 24.9435701], [121.0410343, 24.9433281], [121.0406213, 24.943234], [121.0403801, 24.9435176], [121.0402485, 24.9437902], [121.03997, 24.94398], [121.0395406, 24.9442712], [121.0391481, 24.9445368], [121.0389059, 24.9447848], [121.0387536, 24.9452207], [121.0386745, 24.9456536], [121.0386655, 24.9459709], [121.03854, 24.94619], [121.0382418, 24.9463608], [121.0379834, 24.9463688], [121.037594, 24.946272], [121.0369406, 24.9461204], [121.0365091, 24.9459393], [121.0361299, 24.9456764], [121.035809, 24.9455209], [121.0354288, 24.9452888], [121.0349697, 24.9450816], [121.0345828, 24.9449108], [121.0339385, 24.9448118], [121.0333104, 24.9447284], [121.0327528, 24.9445428], [121.0324043, 24.9444987], [121.03211, 24.9444619], [121.0317041, 24.9443699], [121.0314909, 24.9442824], [121.0310952, 24.9440387], [121.0308507, 24.9439132], [121.0305901, 24.943946], [121.0303138, 24.9440847], [121.0300478, 24.9447436], [121.0297087, 24.9450892], [121.0293204, 24.9452228], [121.0289901, 24.9452045], [121.0287697, 24.9450745], [121.0284391, 24.9444593], [121.0281533, 24.9439709], [121.0275942, 24.9434038], [121.0264013, 24.9422324], [121.0262133, 24.9414304], [121.0261141, 24.9409264], [121.0259008, 24.9405624], [121.0257017, 24.9404804], [121.0255578, 24.9404764], [121.0252309, 24.9405994], [121.0251385, 24.9406342], [121.0242163, 24.9409968], [121.0239004, 24.9410575], [121.0221591, 24.9413684], [121.0214345, 24.9414071], [121.020846, 24.9412783], [121.0204576, 24.9411128], [121.0200139, 24.940901], [121.0197845, 24.9406448], [121.0194348, 24.9404468], [121.0190442, 24.94048], [121.0187817, 24.9406357], [121.0186523, 24.9408925], [121.0184645, 24.9411992], [121.0182583, 24.9414715], [121.0179408, 24.9417392], [121.017665, 24.9418216], [121.0173788, 24.9418144], [121.0166143, 24.941674], [121.0160347, 24.9415797], [121.0156151, 24.9416509], [121.0153635, 24.9417624], [121.0151937, 24.9418488], [121.0147821, 24.9422468], [121.0143209, 24.9424193], [121.01378, 24.9424], [121.01328, 24.94263], [121.01307, 24.94286], [121.01296, 24.94324], [121.01292, 24.94414], [121.01281, 24.94446], [121.01236, 24.9446], [121.012, 24.94466], [121.01166, 24.94464], [121.01084, 24.94417], [121.010085, 24.9441652], [121.0096948, 24.9442084], [121.00963, 24.944298], [121.00952, 24.94445], [121.00892, 24.94477], [121.00858, 24.94502], [121.00834, 24.94561], [121.00814, 24.94597], [121.00771, 24.94633], [121.0070395, 24.946215], [121.00707, 24.946], [121.00639, 24.94507], [121.00568, 24.94434], [121.00509, 24.94358], [121.00475, 24.94327], [121.00445, 24.94286], [121.0042, 24.94249], [121.00408, 24.94219], [121.00363, 24.94052], [121.00345, 24.94015], [121.00311, 24.93993], [121.00243, 24.9399], [121.00186, 24.93997], [121.00132, 24.94014], [121.00076, 24.94017], [121.00025, 24.94036], [120.99977, 24.94064], [120.9988, 24.94093], [120.99831, 24.94079], [120.99798, 24.94057], [120.99763, 24.94017], [120.99727, 24.93985], [120.99639, 24.93935], [120.99583, 24.9394], [120.99485, 24.93928], [120.99439, 24.93908], [120.99388, 24.93863], [120.99364, 24.93829], [120.99323, 24.93752], [120.99301, 24.9366], [120.99308, 24.93576], [120.99331, 24.93518], [120.99308, 24.93505], [120.99268, 24.93495], [120.9919, 24.93494], [120.99085, 24.93528], [120.99039, 24.9356], [120.9902043, 24.9358678], [120.98987, 24.93635], [120.98931, 24.93704], [120.98891, 24.93768], [120.98853, 24.938], [120.98828, 24.93831], [120.98764, 24.93895], [120.98724, 24.93921], [120.98682, 24.93938], [120.9867404, 24.9393998], [120.98641, 24.93941], [120.98618, 24.93947], [120.9858116, 24.9396726], [120.9861197, 24.9400329], [120.9864328, 24.9405139], [120.9866262, 24.9409755], [120.9869443, 24.9413019], [120.9874563, 24.9420155], [120.9876714, 24.9421848], [120.9878588, 24.9424759], [120.9881515, 24.9427609], [120.9885812, 24.9435951], [120.9887422, 24.9441178], [120.9889562, 24.9448655], [120.9893764, 24.9454894], [120.9894631, 24.946118], [120.9899164, 24.9469356], [120.9902811, 24.9472459], [120.9906199, 24.9477644], [120.9907135, 24.947982], [120.9907866, 24.9484399], [120.9909371, 24.9487068], [120.991217, 24.9489181], [120.9917696, 24.9492832], [120.9919911, 24.9494879], [120.9924062, 24.9497955], [120.9930807, 24.9500792], [120.9934183, 24.9502933], [120.9936586, 24.9504455], [120.993931, 24.9506325], [120.9943156, 24.9509209], [120.9950841, 24.9513302], [120.9957563, 24.9518955], [120.9960364, 24.9520356], [120.9963163, 24.9522954], [120.9968763, 24.9525555], [120.9975535, 24.9529456], [120.9988264, 24.9538755], [120.9991824, 24.9542455], [120.9993118, 24.95439], [120.9994244, 24.9545156], [120.9996663, 24.9547855], [120.9999464, 24.9549155], [121.0002163, 24.9551754], [121.0004606, 24.9555009], [121.0007557, 24.955844], [121.0011912, 24.9563647], [121.0014406, 24.9567633], [121.001703, 24.9571809], [121.0019372, 24.9576433], [121.0023115, 24.9581648], [121.0026629, 24.9588701], [121.0030754, 24.9595549], [121.0033055, 24.9606612], [121.0036002, 24.9614705], [121.0038778, 24.961857], [121.0047786, 24.9627943], [121.0048781, 24.9630282], [121.00539, 24.9636144], [121.005809, 24.9639953], [121.0062293, 24.9645603], [121.0084166, 24.9668003], [121.0093363, 24.9675254], [121.0095006, 24.9677554], [121.0108223, 24.9690641], [121.0114475, 24.9696065], [121.0118364, 24.9701255], [121.0123087, 24.9705849], [121.0135547, 24.9721128], [121.0141448, 24.9720139], [121.0142078, 24.9721437], [121.0142811, 24.9722949], [121.0136437, 24.9724616], [121.0137001, 24.9729428], [121.0137138, 24.9730596], [121.014014, 24.9744396], [121.0144232, 24.9754469], [121.0145526, 24.9767097], [121.0147031, 24.9773836], [121.0147987, 24.9785066], [121.0148462, 24.9790638], [121.0148259, 24.979742], [121.0148131, 24.9801692], [121.0150499, 24.9805742], [121.0151292, 24.9810156], [121.0153053, 24.9816539], [121.015828, 24.9839184], [121.0159241, 24.9844734], [121.0159796, 24.9854923], [121.0161172, 24.9860921], [121.0160955, 24.9865207], [121.0162368, 24.9869049], [121.0163539, 24.987223], [121.0104911, 24.9888382], [121.0099052, 24.9894209], [121.0098499, 24.9894928], [121.0094214, 24.9900505], [121.0086078, 24.9900718], [121.0085945, 24.9902114], [121.0094214, 24.9901992], [121.0104325, 24.9907303], [121.0124205, 24.9907195], [121.0124357, 24.9907188], [121.0124393, 24.9909507], [121.0125442, 24.9909468], [121.0125384, 24.9907159], [121.0143363, 24.990703], [121.0146737, 24.9909637], [121.0151415, 24.991325], [121.015469, 24.9918064], [121.0158612, 24.992383], [121.0172816, 24.9936833], [121.0177585, 24.9942896], [121.0179913, 24.9945313], [121.0183518, 24.9950144], [121.0186811, 24.9954511], [121.0191846, 24.9963436], [121.0204842, 24.9987192], [121.02184, 25.0011974], [121.0221217, 25.0016544], [121.0237005, 25.0043361], [121.0241313, 25.0049772], [121.0246034, 25.0056068], [121.0259082, 25.0068805], [121.026234, 25.0072376], [121.0265544, 25.0075826], [121.0268409, 25.00788], [121.0278944, 25.0091853], [121.0281125, 25.0094246], [121.028561, 25.0099834], [121.0287917, 25.0103577], [121.0300631, 25.0116029], [121.0313451, 25.0136343], [121.0326658, 25.0148248], [121.0329652, 25.0154232], [121.033684, 25.0160941], [121.0344779, 25.0169107], [121.0349819, 25.0172652], [121.0354997, 25.017485], [121.0356401, 25.0175293], [121.0364628, 25.0175621], [121.0371957, 25.0172987], [121.0376304, 25.0172942], [121.0380203, 25.0174511], [121.0385537, 25.0175183], [121.039087, 25.017478], [121.0395845, 25.017339], [121.0397951, 25.017218], [121.0400434, 25.0171189], [121.0403091, 25.0168515], [121.0405265, 25.0164701], [121.0409882, 25.0159815], [121.0411495, 25.0158336], [121.0414094, 25.0157306], [121.0420324, 25.015614], [121.0422907, 25.0156039], [121.0425776, 25.0157384], [121.042954, 25.0160476], [121.0431835, 25.0164915], [121.0434704, 25.01685], [121.0437707, 25.0171593], [121.0439768, 25.0172893], [121.0443533, 25.017473], [121.044676, 25.0174641], [121.045589, 25.0170779], [121.0458042, 25.016912], [121.046351, 25.0166611], [121.046835, 25.0164549], [121.0470591, 25.0163204], [121.047198, 25.0160874], [121.0473683, 25.0156668], [121.0473817, 25.0152634], [121.0474041, 25.0150841], [121.0475475, 25.0148466], [121.0477027, 25.0145985], [121.0479819, 25.014529], [121.0489897, 25.0146934], [121.0495378, 25.0146593], [121.0499683, 25.0146418], [121.0503764, 25.0146869], [121.0506548, 25.0148559], [121.0507921, 25.0150018], [121.0508367, 25.015168], [121.0508394, 25.0153187], [121.050826, 25.0154524], [121.0508233, 25.0155909], [121.0508448, 25.015642], [121.0509708, 25.015744], [121.0510778, 25.0157913], [121.0511485, 25.0157762], [121.0514019, 25.015702], [121.0516869, 25.0155965], [121.0520566, 25.0153629], [121.0525586, 25.0151254], [121.0531816, 25.0148789], [121.0536701, 25.0146324], [121.054181, 25.0142828], [121.0548085, 25.0136912], [121.0553194, 25.0132161], [121.0555615, 25.0130637], [121.0558438, 25.0129561], [121.0564668, 25.0127948], [121.0572242, 25.0125483], [121.0578696, 25.0122928], [121.0584433, 25.0119477], [121.0589901, 25.0116474], [121.0593487, 25.0115264], [121.0598844, 25.011436], [121.0605812, 25.0113113], [121.0610428, 25.0111813], [121.0612848, 25.0110245], [121.0613969, 25.0108586], [121.0613476, 25.0106032], [121.0611235, 25.0102043], [121.0608859, 25.0099578], [121.0609845, 25.0096889], [121.0613565, 25.0090793], [121.061621, 25.0088507], [121.0619168, 25.008788], [121.0620961, 25.0088552], [121.0626204, 25.009039], [121.0630731, 25.0090614], [121.0633599, 25.0090166], [121.063835, 25.0088014], [121.0644132, 25.0083801], [121.0650989, 25.0070042], [121.065314, 25.0066905], [121.0654016, 25.0064868], [121.0654004, 25.0058237], [121.0656953, 25.0054238], [121.0659328, 25.0052588], [121.0661696, 25.0051505], [121.0662125, 25.0050939], [121.0662317, 25.00506], [121.0663144, 25.0048302], [121.0663896, 25.0046098], [121.0665486, 25.0042618], [121.0668649, 25.0035294], [121.0669185, 25.0034128], [121.0671682, 25.0030769], [121.0673375, 25.00295], [121.0678943, 25.0026271], [121.0681263, 25.0024212], [121.0682338, 25.0022787], [121.0684129, 25.0017783], [121.0684763, 25.0015885], [121.0685705, 25.0016714], [121.068603, 25.0017968], [121.0687456, 25.0019108], [121.0688585, 25.0020299], [121.069293, 25.0021708], [121.0700268, 25.0022651], [121.0711899, 25.002824], [121.0713357, 25.0028675], [121.0717204, 25.0031772], [121.0720323, 25.0033508], [121.0723266, 25.0034762], [121.0725948, 25.0035418], [121.0728013, 25.0035589], [121.0730961, 25.0034789], [121.073315, 25.0034183], [121.0734319, 25.0034362], [121.073437, 25.0034932], [121.0733584, 25.0037573], [121.0728217, 25.0054176], [121.0726858, 25.0055736], [121.072214, 25.0058777], [121.0723761, 25.0059597], [121.0725708, 25.0060376], [121.0728123, 25.0061108], [121.073562, 25.0063379], [121.0742103, 25.0065343], [121.076156, 25.006698], [121.0763733, 25.0067314], [121.0764734, 25.0067468], [121.0781041, 25.0070639], [121.0786992, 25.0071066], [121.0787866, 25.0068777], [121.0787559, 25.0067845], [121.07889, 25.006556], [121.0793245, 25.006206], [121.0812181, 25.0044413], [121.0814062, 25.0043495], [121.081662, 25.0043299], [121.0821621, 25.0042024], [121.0833071, 25.0037568], [121.0838076, 25.0036995], [121.0854744, 25.0026979], [121.0861512, 25.0021141], [121.0869384, 25.0012117], [121.0871443, 25.0009903], [121.0879966, 25.0014925], [121.0880518, 25.0015407], [121.0884279, 25.0017706], [121.0889841, 25.0019716], [121.089622, 25.0024792], [121.0901258, 25.0029992], [121.09039, 25.0034073], [121.0909278, 25.0028414], [121.0916575, 25.0021037], [121.0922181, 25.0025419], [121.0929085, 25.0025044], [121.0932934, 25.002307], [121.0941831, 25.0014363], [121.0942374, 25.0012254], [121.0940444, 25.001004], [121.0940122, 25.0008387], [121.0945607, 25.0003091], [121.0947575, 25.000264], [121.0955306, 25.0010126], [121.0971055, 24.9986738], [121.097752, 24.9979702], [121.0985633, 24.9981604], [121.0995669, 24.9963007], [121.0998827, 24.9962606], [121.1003466, 24.9963201], [121.101973, 24.9961908], [121.1047774, 24.996716], [121.105107, 24.9961722], [121.1057767, 24.9945325], [121.1059161, 24.9928071], [121.1062341, 24.9921886], [121.1070934, 24.9910687], [121.107323, 24.9905318], [121.107283, 24.9903443], [121.1070694, 24.9900831], [121.1070589, 24.9899603], [121.1081109, 24.9888688], [121.1082158, 24.9887601], [121.1085306, 24.9886292], [121.1091545, 24.9882632], [121.1095097, 24.9878982], [121.1102498, 24.9869799], [121.1114558, 24.98666], [121.1118796, 24.9873682], [121.1118831, 24.98757], [121.1119527, 24.9877878], [121.1122582, 24.9881202], [121.1128599, 24.9888531], [121.1144112, 24.9901185], [121.1146348, 24.9905151], [121.1148853, 24.9908577], [121.1152039, 24.9911324], [121.1156301, 24.9913627], [121.1164861, 24.9927971], [121.1167772, 24.9935186], [121.1183137, 24.9938576], [121.1187431, 24.9942102], [121.1196111, 24.9945987], [121.1203525, 24.9939556], [121.1222448, 24.9944315], [121.1230492, 24.9948798], [121.1232927, 24.9946329], [121.124179, 24.9953571], [121.1259681, 24.9965862], [121.1274533, 24.9977265], [121.127911, 24.9982478], [121.1287531, 24.9979578], [121.1299323, 24.9968772], [121.1302343, 24.9963723], [121.1304499, 24.995503], [121.1305159, 24.9949201], [121.1306905, 24.9942983], [121.1308103, 24.9940984], [121.130941, 24.9939116], [121.1310427, 24.9938036], [121.1306295, 24.9929186], [121.1303335, 24.9924676], [121.1301444, 24.9924054], [121.1298362, 24.9924295], [121.1293007, 24.9927115], [121.1290447, 24.992792], [121.1287863, 24.9927404], [121.1285369, 24.9925083], [121.1283222, 24.9920643], [121.1283946, 24.9913475], [121.1282807, 24.9909679], [121.1283309, 24.9903982], [121.128547, 24.9901888], [121.1288016, 24.9900512], [121.1291063, 24.9897403], [121.1291627, 24.9895909], [121.1291219, 24.9894158], [121.1288219, 24.9890688], [121.1286413, 24.9888373], [121.1285508, 24.9885315], [121.1285003, 24.9881099], [121.1285066, 24.9877482], [121.1288548, 24.9867972], [121.1285748, 24.9863161], [121.1286014, 24.9859478], [121.128787, 24.9856579], [121.1294497, 24.9849539], [121.1297518, 24.9843921], [121.1298852, 24.9833201], [121.1301686, 24.9830983], [121.1305551, 24.9830143], [121.130663, 24.9828829], [121.1305888, 24.9820644], [121.1301166, 24.9819704], [121.1300387, 24.9818732], [121.1300135, 24.9817691], [121.1300378, 24.9816177], [121.1302658, 24.9811792], [121.1306426, 24.9807377], [121.1309245, 24.9805573], [121.1312831, 24.9800791], [121.1313416, 24.9799134], [121.1314382, 24.9793996], [121.1315759, 24.9791277], [121.1317899, 24.9789656], [121.1325079, 24.9786971], [121.1327212, 24.9785083], [121.1336112, 24.9769798], [121.1336941, 24.9769295], [121.1344774, 24.9756089], [121.1346069, 24.9749849], [121.1346804, 24.9748123], [121.1358747, 24.9729376], [121.1365222, 24.9720017], [121.1371747, 24.9716153], [121.1382573, 24.9712571], [121.1386858, 24.9710672], [121.1400246, 24.9700872], [121.1403338, 24.9697466], [121.141414, 24.9693299], [121.1428586, 24.969366], [121.1430104, 24.9693367], [121.1435309, 24.969031], [121.1436132, 24.9690091], [121.1439682, 24.9690315], [121.1443057, 24.9688564], [121.1444932, 24.9688161], [121.1449301, 24.9689586], [121.1451168, 24.9689768], [121.1452734, 24.9689336], [121.1456766, 24.9684062], [121.145674, 24.9682175], [121.1456418, 24.9681069], [121.1456455, 24.9678843], [121.1457708, 24.9673996], [121.1460141, 24.9670469], [121.146304, 24.9669136], [121.1465701, 24.9665662], [121.1466989, 24.9659818], [121.1468129, 24.9657878], [121.1473147, 24.9650492], [121.1474843, 24.9648688], [121.1477354, 24.9646928], [121.1482149, 24.9645369], [121.1492658, 24.9645183], [121.1493713, 24.9644266], [121.1494905, 24.9641375], [121.1495742, 24.9640958], [121.1497915, 24.964114], [121.1504719, 24.9642884], [121.1512489, 24.9649632], [121.1514547, 24.9650042]]], [[[121.1253902, 24.8803408], [121.1258408, 24.8805821], [121.1261912, 24.8806938], [121.1265599, 24.8806233], [121.1267472, 24.8806017], [121.1270646, 24.8806986], [121.1274271, 24.8807202], [121.1275516, 24.8808446], [121.1279288, 24.8809756], [121.1281604, 24.8809459], [121.12847, 24.88068], [121.1286742, 24.8804616], [121.1291245, 24.8801726], [121.129297, 24.8800069], [121.1294638, 24.8797806], [121.1296521, 24.8796847], [121.129845, 24.8797215], [121.1300865, 24.87985], [121.1302915, 24.8799701], [121.1306857, 24.8799957], [121.1312149, 24.8800621], [121.131509, 24.8799808], [121.1320104, 24.8797599], [121.1328538, 24.8797632], [121.1334904, 24.8795609], [121.1337782, 24.879223], [121.1340082, 24.8785415], [121.1341553, 24.8784972], [121.1343634, 24.8783475], [121.1346575, 24.8782759], [121.1349122, 24.8781964], [121.1351609, 24.8781466], [121.1356314, 24.8780031], [121.135568, 24.8784144], [121.1355691, 24.8786563], [121.1356411, 24.8789633], [121.1358427, 24.8792471], [121.1363919, 24.8796658], [121.1364586, 24.8798122], [121.1364911, 24.8800419], [121.1364695, 24.8802217], [121.136516, 24.8805087], [121.1366093, 24.880704], [121.1367702, 24.8809244], [121.1372482, 24.8813691], [121.1375637, 24.881713], [121.1384398, 24.881977], [121.1386902, 24.8821491], [121.1388409, 24.8823444], [121.1389772, 24.8824355], [121.1393337, 24.8824405], [121.139606, 24.8823787], [121.1399571, 24.8822001], [121.1402401, 24.8820449], [121.1405323, 24.8818526], [121.1408788, 24.8815828], [121.141094, 24.8814396], [121.1412304, 24.8814526], [121.1416811, 24.8818619], [121.1419676, 24.8818391], [121.142522, 24.8817195], [121.1428162, 24.8815112], [121.1429812, 24.881407], [121.1432189, 24.8813084], [121.1434835, 24.8811206], [121.1436595, 24.88099], [121.1439356, 24.8808602], [121.1441395, 24.8806307], [121.1443302, 24.8804436], [121.1445647, 24.8802232], [121.1447751, 24.8801943], [121.1450061, 24.8802282], [121.1451965, 24.8802836], [121.1453004, 24.8803387], [121.1452989, 24.8804436], [121.1452917, 24.8805803], [121.1453348, 24.8806779], [121.1454209, 24.8807691], [121.1456003, 24.8808146], [121.1461672, 24.880717], [121.1467053, 24.8807951], [121.1474486, 24.8807869], [121.1476433, 24.8808921], [121.1479467, 24.881088], [121.1483916, 24.8812443], [121.148736, 24.8812508], [121.1492311, 24.8812313], [121.1494535, 24.8806954], [121.1496191, 24.8806114], [121.1500133, 24.880743], [121.1502527, 24.8808525], [121.1505198, 24.8809553], [121.1507165, 24.8810034], [121.1509963, 24.8809904], [121.1516062, 24.8805998], [121.1519578, 24.880398], [121.1521115, 24.8802085], [121.1526395, 24.8802353], [121.15334, 24.88032], [121.1536656, 24.8804436], [121.1541392, 24.8802295], [121.1543042, 24.8801767], [121.1545482, 24.8801767], [121.1547969, 24.8803107], [121.1549357, 24.8805152], [121.1551277, 24.8806559], [121.1553016, 24.88073], [121.1555241, 24.8806975], [121.1556748, 24.880691], [121.1558829, 24.8803655], [121.1560272, 24.8801439], [121.1561914, 24.8799489], [121.1563277, 24.8797015], [121.1564528, 24.8790901], [121.1566659, 24.87886], [121.1569399, 24.8784089], [121.1569906, 24.8781511], [121.1578329, 24.8772765], [121.157843, 24.8765584], [121.1579749, 24.8762638], [121.1581373, 24.8758035], [121.1581658, 24.8753802], [121.1587746, 24.874699], [121.1595602, 24.8743287], [121.159742, 24.8741624], [121.1600972, 24.8734819], [121.1603388, 24.873321], [121.1608291, 24.8734428], [121.1618481, 24.8734819], [121.1652963, 24.8739887], [121.1663605, 24.8737326], [121.1675977, 24.8736251], [121.1701287, 24.8722059], [121.1716499, 24.8724924], [121.1732285, 24.8724142], [121.1737759, 24.8723213], [121.1755296, 24.8719055], [121.1758369, 24.8729103], [121.1758117, 24.8732996], [121.1761453, 24.8737463], [121.1758138, 24.8745861], [121.1753402, 24.8750867], [121.1748633, 24.8761319], [121.1747823, 24.8763094], [121.1748647, 24.8773265], [121.1750587, 24.877792], [121.1751977, 24.8785373], [121.1750561, 24.8793768], [121.1748893, 24.8805125], [121.1748618, 24.8806994], [121.1747917, 24.8812542], [121.1746932, 24.881379], [121.1757016, 24.8820081], [121.1762658, 24.8822485], [121.1767373, 24.8823926], [121.1769974, 24.8826171], [121.1768218, 24.8831328], [121.1768544, 24.883683], [121.1768305, 24.8840689], [121.1772905, 24.8842177], [121.1773245, 24.8847273], [121.1772219, 24.8851414], [121.1773264, 24.8854188], [121.1777937, 24.8855173], [121.1778571, 24.8857994], [121.1773983, 24.886489], [121.1773089, 24.8867046], [121.1776742, 24.8870544], [121.177796, 24.8875331], [121.1782124, 24.8881675], [121.178219, 24.8884094], [121.178359, 24.8886512], [121.178799, 24.8888629], [121.1790523, 24.8890745], [121.1794523, 24.889389], [121.1796123, 24.8895281], [121.1797656, 24.8896006], [121.1799542, 24.8895814], [121.1801036, 24.8895225], [121.180396, 24.8895107], [121.1806234, 24.8895461], [121.1808443, 24.8896286], [121.1810003, 24.889605], [121.1813966, 24.8895343], [121.181598, 24.8894989], [121.1816825, 24.8895107], [121.181793, 24.8895696], [121.1819684, 24.8897288], [121.1821828, 24.8899468], [121.1823907, 24.8901944], [121.1824817, 24.8902298], [121.1834434, 24.8901531], [121.1837487, 24.8900529], [121.1840476, 24.8899527], [121.184457, 24.889941], [121.184669, 24.8899478], [121.1845082, 24.8904338], [121.1842365, 24.8913412], [121.1837107, 24.8927968], [121.1836189, 24.8930778], [121.1842241, 24.8948815], [121.1842612, 24.8950608], [121.1848911, 24.895184], [121.1851505, 24.89524], [121.1851134, 24.8962707], [121.1850269, 24.8964612], [121.1852246, 24.8964164], [121.1853234, 24.8962371], [121.1854963, 24.8962259], [121.1855333, 24.8963603], [121.1854592, 24.896562], [121.1853357, 24.8968085], [121.1852493, 24.8969093], [121.185311, 24.8970661], [121.185521, 24.8974582], [121.1857186, 24.8979064], [121.1858545, 24.898164], [121.1860027, 24.8983769], [121.1860768, 24.8985897], [121.1860891, 24.8988138], [121.1861509, 24.899049], [121.1862003, 24.8994411], [121.1860313, 24.9005301], [121.186095, 24.9008304], [121.1862478, 24.9010614], [121.1865407, 24.9013502], [121.1868463, 24.9018469], [121.1870501, 24.9022627], [121.1870883, 24.9025052], [121.1871392, 24.9028748], [121.1869355, 24.9032445], [121.1868209, 24.9034408], [121.1868973, 24.9048269], [121.1870374, 24.9051734], [121.187658, 24.9066047], [121.1881158, 24.9070448], [121.1883407, 24.907605], [121.1883801, 24.9079266], [121.1883932, 24.908391], [121.1883932, 24.9087959], [121.1885245, 24.9092365], [121.1886558, 24.9096652], [121.1887519, 24.9099015], [121.1889184, 24.9102368], [121.1888265, 24.9106536], [121.1887871, 24.9109394], [121.1887871, 24.9113324], [121.1888397, 24.9119278], [121.1888659, 24.9126185], [121.188971, 24.9134283], [121.1890497, 24.9145238], [121.1890235, 24.9148573], [121.1889053, 24.9151788], [121.1890235, 24.9154884], [121.188946, 24.9161015], [121.18877, 24.9165804], [121.188594, 24.9167522], [121.1885398, 24.9169671], [121.1883841, 24.9169364], [121.1883097, 24.9172311], [121.1884586, 24.9172986], [121.1884462, 24.9174091], [121.1885296, 24.9174211], [121.1883764, 24.9179203], [121.1883381, 24.9179637], [121.1882376, 24.91835], [121.1882711, 24.9183934], [121.1881706, 24.9186538], [121.1881179, 24.9187971], [121.1880988, 24.9190402], [121.1881132, 24.9191661], [121.1880653, 24.9191747], [121.188094, 24.9197564], [121.188252, 24.9197564], [121.1882855, 24.9200646], [121.1883333, 24.920325], [121.1883477, 24.9204249], [121.1883477, 24.9205594], [121.1881658, 24.9209935], [121.1881084, 24.9209761], [121.1879121, 24.9214058], [121.1879887, 24.9214406], [121.1879361, 24.9215795], [121.1878499, 24.9216836], [121.1877398, 24.9217965], [121.187692, 24.9219397], [121.1876216, 24.9220821], [121.1875675, 24.9221915], [121.1875635, 24.9222087], [121.1874862, 24.9225387], [121.187473, 24.9225511], [121.1873474, 24.922669], [121.1872857, 24.92271], [121.1871942, 24.9227775], [121.1873234, 24.9229554], [121.1873986, 24.9232354], [121.1873554, 24.9234274], [121.1872676, 24.9239086], [121.1872489, 24.9240289], [121.1872623, 24.9240981], [121.1873445, 24.9241363], [121.1874231, 24.9241872], [121.1875151, 24.9242707], [121.1876161, 24.9244092], [121.1879372, 24.9249507], [121.1882039, 24.9256417], [121.188251, 24.9260345], [121.1882959, 24.9265475], [121.1885832, 24.9280052], [121.1887633, 24.9286181], [121.1881297, 24.9299474], [121.1879681, 24.9304523], [121.1878693, 24.9306478], [121.1878873, 24.9311201], [121.1877975, 24.9315761], [121.1875909, 24.9318693], [121.1872856, 24.9325533], [121.1871134, 24.9332749], [121.1870055, 24.9335743], [121.1868785, 24.934058], [121.1867896, 24.9342249], [121.1864902, 24.9347329], [121.1862807, 24.9349941], [121.1861301, 24.9352197], [121.1858944, 24.9356471], [121.1858158, 24.9359262], [121.1855081, 24.9364723], [121.1852724, 24.9370601], [121.1850695, 24.9377606], [121.1849123, 24.9382593], [121.1846048, 24.9392157], [121.1847767, 24.9402545], [121.184853, 24.9408258], [121.1846378, 24.9414415], [121.1842257, 24.9418646], [121.1841406, 24.9419956], [121.1840913, 24.9420455], [121.1840175, 24.9421427], [121.183918, 24.9422645], [121.1838742, 24.9423061], [121.1837833, 24.942409], [121.183737, 24.9424701], [121.1837014, 24.942503], [121.1836123, 24.9425946], [121.1835442, 24.9426681], [121.1834781, 24.9427345], [121.1834125, 24.9427946], [121.1833273, 24.9428737], [121.1832703, 24.9429324], [121.1832271, 24.9429621], [121.1832074, 24.9429861], [121.1831497, 24.9430358], [121.1830942, 24.9430689], [121.1830345, 24.9431187], [121.1830191, 24.9431319], [121.1829616, 24.9431843], [121.1827615, 24.943355], [121.1824891, 24.9436079], [121.1824249, 24.9436478], [121.1821565, 24.9438747], [121.1819553, 24.9440162], [121.1819229, 24.9440667], [121.181898, 24.9441171], [121.1818738, 24.9441797], [121.181861, 24.9442503], [121.1818584, 24.9442908], [121.1818633, 24.9443367], [121.1818588, 24.9444287], [121.1818628, 24.9444962], [121.1818736, 24.9445268], [121.1819237, 24.9447233], [121.1819472, 24.9448881], [121.181952, 24.9451276], [121.1819589, 24.9451861], [121.1819492, 24.9452409], [121.1819465, 24.9452998], [121.1819346, 24.9453707], [121.1818933, 24.945565], [121.1818663, 24.9456758], [121.1817865, 24.9458417], [121.1817534, 24.9458922], [121.1816945, 24.9460148], [121.1816695, 24.9461534], [121.1816593, 24.9462553], [121.1816681, 24.9463729], [121.1816815, 24.946478], [121.1816798, 24.94654], [121.1816717, 24.9465667], [121.1816475, 24.9466046], [121.1816031, 24.9466411], [121.1815538, 24.9466791], [121.1815225, 24.946707], [121.1814664, 24.9467352], [121.1814328, 24.9467431], [121.1813827, 24.9467672], [121.1813295, 24.9467985], [121.1812275, 24.9469332], [121.1811713, 24.9469835], [121.1811082, 24.9470227], [121.1810473, 24.9470464], [121.1809835, 24.9470578], [121.1808954, 24.9470641], [121.1808184, 24.9470612], [121.1807527, 24.9470685], [121.1806285, 24.9470899], [121.1805892, 24.9470959], [121.1805134, 24.9471214], [121.1804537, 24.9471326], [121.1803629, 24.9471649], [121.1802705, 24.9471991], [121.1801334, 24.9472705], [121.1800914, 24.9473131], [121.180057, 24.9473524], [121.1800331, 24.9473959], [121.1800116, 24.9474743], [121.179961, 24.9475601], [121.1798786, 24.9476764], [121.1797963, 24.9477775], [121.1796642, 24.9478973], [121.1795637, 24.9479727], [121.1793854, 24.9480942], [121.1793229, 24.9481354], [121.1792558, 24.9481871], [121.179151, 24.9482414], [121.1789919, 24.9483584], [121.1788966, 24.9485822], [121.1788787, 24.9486267], [121.1788589, 24.9486753], [121.1787897, 24.9488712], [121.1787707, 24.94897], [121.1787314, 24.9490911], [121.1786262, 24.9493658], [121.1784711, 24.9496518], [121.1783832, 24.9498053], [121.1783064, 24.949957], [121.1782438, 24.950095], [121.1782168, 24.9501839], [121.1781899, 24.9502991], [121.1781784, 24.9504028], [121.1781315, 24.950737], [121.178088, 24.9509643], [121.1780672, 24.9510684], [121.1780011, 24.9514048], [121.1779638, 24.9515581], [121.1778892, 24.9519736], [121.1778367, 24.9522941], [121.177799, 24.952534], [121.1777669, 24.9527093], [121.1776973, 24.952907], [121.1776502, 24.9530948], [121.1775849, 24.9533432], [121.1774743, 24.9537799], [121.177404, 24.9540302], [121.1773472, 24.9542014], [121.1773302, 24.9543016], [121.1773314, 24.9544904], [121.177339, 24.9545918], [121.177365, 24.9546939], [121.1773683, 24.9547189], [121.1773722, 24.954841], [121.1773859, 24.9549912], [121.1773972, 24.9551364], [121.1774223, 24.9552778], [121.177429, 24.9553015], [121.1774228, 24.955813], [121.1773984, 24.9560199], [121.1773846, 24.9562191], [121.1773407, 24.9564636], [121.1772777, 24.9567972], [121.1772153, 24.9571348], [121.1771618, 24.9574308], [121.1771379, 24.9575877], [121.1770896, 24.9579089], [121.1770639, 24.9581268], [121.1770371, 24.9584718], [121.1770132, 24.9587841], [121.1770056, 24.9589052], [121.1769769, 24.959068], [121.1769721, 24.9591517], [121.1766404, 24.959152], [121.1765575, 24.9591493], [121.176438, 24.9591397], [121.1762481, 24.9591147], [121.1759327, 24.9590591], [121.1756506, 24.9590182], [121.1755127, 24.9590036], [121.1753566, 24.9589708], [121.1752005, 24.9589438], [121.1749269, 24.9589136], [121.1747747, 24.9588931], [121.1745143, 24.9588649], [121.1739981, 24.9587797], [121.1737306, 24.9587275], [121.1735203, 24.9587103], [121.1732984, 24.9586835], [121.1730355, 24.9586447], [121.1728461, 24.9586084], [121.1725697, 24.9585637], [121.1723121, 24.9585352], [121.1721365, 24.9585158], [121.1719646, 24.9584905], [121.171788, 24.958468], [121.1715927, 24.9584464], [121.1713112, 24.9584175], [121.1710353, 24.9583776], [121.1707284, 24.958333], [121.1705547, 24.95832], [121.1704127, 24.9583022], [121.1702049, 24.9582603], [121.170113, 24.9582494], [121.1695423, 24.9581586], [121.1694392, 24.9581488], [121.1685742, 24.9580175], [121.1684256, 24.9579901], [121.1681208, 24.957945], [121.1677886, 24.9579093], [121.1676288, 24.9578969], [121.1671765, 24.9578001], [121.1670558, 24.9577687], [121.1668797, 24.9577331], [121.1666527, 24.9576983], [121.1665038, 24.9576956], [121.1660984, 24.9577014], [121.1659074, 24.9577077], [121.1657811, 24.9577024], [121.1656875, 24.9576911], [121.1654025, 24.9576385], [121.1583349, 24.9566005], [121.1570363, 24.9556299], [121.1554123, 24.9551284], [121.1547621, 24.9544794], [121.1537173, 24.9534134], [121.1533422, 24.9530307], [121.15247, 24.9526291], [121.150927, 24.9510434], [121.1497395, 24.949268], [121.1490592, 24.9483421], [121.1490212, 24.9482144], [121.1488174, 24.9480293], [121.1484755, 24.9476237], [121.1482128, 24.94736], [121.147673, 24.9465538], [121.1475043, 24.9465451], [121.1463401, 24.946907], [121.1443209, 24.9471671], [121.1421461, 24.9488798], [121.1407334, 24.9497318], [121.1393381, 24.9503665], [121.1379987, 24.950289], [121.1370041, 24.950569], [121.1357661, 24.950661], [121.1349544, 24.950933], [121.1318558, 24.9517482], [121.1291938, 24.9525995], [121.1286078, 24.9528416], [121.127384, 24.9534579], [121.1272421, 24.953178], [121.1268157, 24.9530899], [121.1262046, 24.9528037], [121.1256879, 24.9526736], [121.125263, 24.9520865], [121.1251859, 24.9510739], [121.126207, 24.9504546], [121.1264301, 24.9498329], [121.1265926, 24.9491665], [121.126207, 24.94878], [121.1258867, 24.9489854], [121.1253139, 24.9493729], [121.1247863, 24.9494057], [121.1240555, 24.9493913], [121.1237512, 24.9490561], [121.1223951, 24.9494394], [121.1217263, 24.9504906], [121.1216677, 24.9505013], [121.1197098, 24.9493552], [121.1190399, 24.94902], [121.1187792, 24.9489325], [121.1183571, 24.9499126], [121.1182334, 24.9499622], [121.1179395, 24.9499869], [121.1175109, 24.9501085], [121.1172913, 24.9502666], [121.1171569, 24.9503181], [121.1170766, 24.9503239], [121.1170026, 24.9502973], [121.1166399, 24.9499161], [121.1165397, 24.9498438], [121.1163911, 24.9498216], [121.1161257, 24.9497881], [121.1160575, 24.949717], [121.116001, 24.9495294], [121.1160913, 24.9494073], [121.1160844, 24.9493536], [121.1160331, 24.9492758], [121.1159461, 24.949209], [121.1154974, 24.9487076], [121.1154144, 24.9486389], [121.1153523, 24.9486155], [121.1152345, 24.9486232], [121.1151202, 24.9486806], [121.1150361, 24.9487084], [121.1147922, 24.9487175], [121.1146147, 24.9487932], [121.1145402, 24.9488601], [121.1145093, 24.948864], [121.1144922, 24.9488477], [121.114479, 24.9485982], [121.1144155, 24.9483962], [121.1142748, 24.9482541], [121.1142744, 24.9482219], [121.1142621, 24.9481885], [121.1142075, 24.9481118], [121.1141909, 24.948042], [121.1141721, 24.947807], [121.1140895, 24.9474779], [121.1139704, 24.9471366], [121.1139689, 24.947093], [121.1139395, 24.9469886], [121.1139444, 24.9466058], [121.1139135, 24.9465459], [121.1136109, 24.9462381], [121.113505, 24.9461046], [121.1134508, 24.9459273], [121.1133872, 24.9457527], [121.1133175, 24.9456623], [121.113227, 24.9455899], [121.1123486, 24.9451192], [121.1120544, 24.9459074], [121.1116298, 24.9462689], [121.1112317, 24.9464964], [121.110407, 24.9464321], [121.1095059, 24.9459566], [121.1083786, 24.9456134], [121.1072671, 24.9457484], [121.1060361, 24.9468963], [121.1037804, 24.9493873], [121.1031053, 24.9506409], [121.1023799, 24.9519404], [121.1002869, 24.9538592], [121.0980999, 24.9546896], [121.0968195, 24.9548046], [121.0961817, 24.954878], [121.0961338, 24.9548518], [121.0955064, 24.9539231], [121.0943015, 24.9542379], [121.0935455, 24.9545221], [121.0913667, 24.9555201], [121.0909743, 24.9556367], [121.0906253, 24.955333], [121.0905713, 24.9553107], [121.0905359, 24.9553326], [121.0904787, 24.9555846], [121.090355, 24.9559227], [121.0903004, 24.9559827], [121.0896642, 24.9563655], [121.0894338, 24.9560658], [121.0892396, 24.9557391], [121.0891422, 24.9557571], [121.0890734, 24.9558009], [121.0889107, 24.9558134], [121.0887664, 24.9559271], [121.0887404, 24.955926], [121.0886132, 24.9561145], [121.087807, 24.9559235], [121.0874971, 24.9557912], [121.087302, 24.9556766], [121.0856437, 24.9536555], [121.0855185, 24.9533581], [121.0855092, 24.9532879], [121.0856505, 24.9509359], [121.0859413, 24.9499643], [121.0869929, 24.9480807], [121.0865108, 24.9483249], [121.0864113, 24.9483901], [121.0863194, 24.948473], [121.08605, 24.9488189], [121.085816, 24.9490521], [121.0853331, 24.9494556], [121.0850554, 24.9496401], [121.0847763, 24.9497366], [121.0845765, 24.9497562], [121.0835016, 24.9497561], [121.081923, 24.9484809], [121.0804012, 24.9483662], [121.0802439, 24.9483906], [121.0785942, 24.948952], [121.0770689, 24.9496658], [121.0768781, 24.9497937], [121.0768283, 24.949788], [121.0766136, 24.9492128], [121.0756004, 24.9487585], [121.0755714, 24.9487055], [121.0755972, 24.9484055], [121.0756451, 24.9482451], [121.0757822, 24.948094], [121.0757394, 24.9479934], [121.0750919, 24.9477522], [121.0747187, 24.947518], [121.0738062, 24.9465523], [121.0710964, 24.9459129], [121.0710377, 24.9458665], [121.0710102, 24.9457943], [121.071333, 24.9447263], [121.0716191, 24.9447708], [121.07175, 24.9441778], [121.0717613, 24.9437701], [121.0714896, 24.9436359], [121.0712787, 24.9434464], [121.0711855, 24.9428481], [121.0711881, 24.9426328], [121.0712238, 24.9424215], [121.0712257, 24.942251], [121.071194, 24.9420722], [121.071131, 24.9418186], [121.0710878, 24.9415134], [121.0710489, 24.9406798], [121.0709757, 24.9405196], [121.0709348, 24.940257], [121.0708669, 24.9400122], [121.0708037, 24.9398922], [121.0707917, 24.939677], [121.0708157, 24.9394104], [121.0707975, 24.9392955], [121.0706905, 24.9391344], [121.0697723, 24.9391887], [121.0682835, 24.9389046], [121.0662704, 24.9389072], [121.0651856, 24.9389311], [121.0638866, 24.9392255], [121.0639272, 24.9393175], [121.0620709, 24.9391733], [121.0618368, 24.9389863], [121.0610634, 24.9388748], [121.0604161, 24.9383974], [121.0598884, 24.9380661], [121.0594825, 24.9379557], [121.0588939, 24.9375692], [121.0587519, 24.9372011], [121.0583865, 24.9370539], [121.0583444, 24.9366884], [121.0583116, 24.9361806], [121.0584362, 24.9355877], [121.0585466, 24.9350757], [121.0582304, 24.9344599], [121.0580071, 24.9336869], [121.0577331, 24.9333096], [121.0576723, 24.9330612], [121.0577256, 24.9328984], [121.0579176, 24.9327164], [121.0582472, 24.9325532], [121.0585227, 24.9324156], [121.0581877, 24.931819], [121.0580113, 24.9314103], [121.0576982, 24.930751], [121.0575291, 24.9304611], [121.0579635, 24.9303122], [121.0581408, 24.9302112], [121.0583752, 24.9301004], [121.0585179, 24.929347], [121.0586609, 24.9288508], [121.058852, 24.9283225], [121.0591322, 24.9278881], [121.0592587, 24.9275953], [121.059224, 24.9271473], [121.0596604, 24.9257371], [121.0601921, 24.925234], [121.0603071, 24.9251479], [121.0604986, 24.924846], [121.0607599, 24.9244781], [121.0609304, 24.9236827], [121.0608712, 24.9233301], [121.0607543, 24.92309], [121.0607091, 24.9227], [121.0606746, 24.9216461], [121.0605812, 24.9212024], [121.0601292, 24.9206569], [121.0602153, 24.9205528], [121.0603589, 24.9204877], [121.0606574, 24.9204535], [121.0608636, 24.9203176], [121.0608134, 24.9201532], [121.0605024, 24.9193945], [121.0603999, 24.9185757], [121.0603014, 24.918132], [121.0599569, 24.9175718], [121.0597265, 24.9165276], [121.0594617, 24.916359], [121.0592104, 24.915929], [121.0589339, 24.9155922], [121.0587526, 24.9150721], [121.0584034, 24.9143933], [121.0582062, 24.913928], [121.0581973, 24.9124465], [121.0582626, 24.9117768], [121.0581078, 24.9106689], [121.0583191, 24.909825], [121.0585779, 24.9093856], [121.0591797, 24.9081843], [121.05917, 24.90777], [121.0591235, 24.907206], [121.05872, 24.90688], [121.0580406, 24.9064857], [121.0576365, 24.9060625], [121.0575604, 24.905767], [121.05809, 24.90536], [121.0586231, 24.9050089], [121.0595552, 24.9046866], [121.0598672, 24.9044958], [121.0602571, 24.9039094], [121.0606167, 24.9036836], [121.0611741, 24.9037398], [121.0615391, 24.9039038], [121.0623426, 24.9045932], [121.0625486, 24.904559], [121.0631582, 24.904306], [121.0638873, 24.9039419], [121.06475, 24.90368], [121.0660715, 24.9033689], [121.066554, 24.9032925], [121.0669317, 24.9032287], [121.0670658, 24.9030878], [121.0675775, 24.9030595], [121.0677595, 24.9032135], [121.0680941, 24.9031506], [121.06919, 24.902718], [121.0694341, 24.9024668], [121.070133, 24.9021852], [121.07056, 24.90183], [121.0709485, 24.9010386], [121.0708973, 24.9001262], [121.0709988, 24.8995187], [121.0712491, 24.899547], [121.0717438, 24.899622], [121.0722, 24.89947], [121.0734686, 24.899853], [121.0738971, 24.8999045], [121.07433, 24.89983], [121.07487, 24.89958], [121.0755827, 24.8993664], [121.0761782, 24.89945], [121.0766612, 24.8989112], [121.076986, 24.8987271], [121.0774733, 24.8986511], [121.0783824, 24.8986436], [121.0788833, 24.8987859], [121.0794338, 24.8986355], [121.0800438, 24.8985589], [121.0805938, 24.8983695], [121.081, 24.89846], [121.0819787, 24.8989848], [121.0824658, 24.8990033], [121.0828344, 24.8991209], [121.08324, 24.89893], [121.08384, 24.8987], [121.0845562, 24.8981196], [121.0850898, 24.8978461], [121.0856712, 24.8977566], [121.0860515, 24.8974025], [121.0862204, 24.8971439], [121.0865603, 24.8965191], [121.0872024, 24.8962604], [121.0877121, 24.896138], [121.08875, 24.8956459], [121.0893665, 24.8953905], [121.0898447, 24.8950752], [121.09055, 24.89424], [121.0908176, 24.89381], [121.091172, 24.893368], [121.0921659, 24.8933484], [121.0921845, 24.8933472], [121.0932, 24.89348], [121.09399, 24.89349], [121.09478, 24.89375], [121.0957, 24.89395], [121.09636, 24.89418], [121.09713, 24.89436], [121.09812, 24.89446], [121.10063, 24.89489], [121.10154, 24.89519], [121.10301, 24.89586], [121.10361, 24.89598], [121.10445, 24.896], [121.10538, 24.8962], [121.10751, 24.89699], [121.1081282, 24.8973205], [121.1087482, 24.8976389], [121.1090546, 24.897752], [121.1092935, 24.8972827], [121.109655, 24.8967954], [121.1100682, 24.8963086], [121.1101297, 24.8960393], [121.1099435, 24.8957894], [121.1098388, 24.8954487], [121.1100474, 24.894898], [121.1101895, 24.8947139], [121.1102644, 24.8942339], [121.1104533, 24.8939406], [121.1106679, 24.8938596], [121.1107797, 24.8932953], [121.1105345, 24.8930386], [121.1107767, 24.8924644], [121.1107578, 24.8921733], [121.1108476, 24.8919112], [121.1108891, 24.8915596], [121.1110419, 24.8913264], [121.1108186, 24.89059], [121.1105297, 24.8900421], [121.1102906, 24.8895991], [121.1101847, 24.8891291], [121.1099141, 24.8887391], [121.1095609, 24.8882582], [121.109273, 24.8880987], [121.1091268, 24.8879334], [121.1091718, 24.887673], [121.1093168, 24.8875523], [121.10885, 24.8871656], [121.10824, 24.88676], [121.1080135, 24.8865425], [121.1078467, 24.8862546], [121.1078758, 24.8860057], [121.1081193, 24.8859689], [121.1083385, 24.8860266], [121.108647, 24.8859505], [121.1096962, 24.8852436], [121.1103924, 24.8849379], [121.1107824, 24.8846364], [121.11155, 24.88419], [121.1122691, 24.8836491], [121.1129885, 24.8830634], [121.1133579, 24.8827534], [121.1134176, 24.8825643], [121.1140456, 24.8824339], [121.1148169, 24.8825444], [121.1151822, 24.8824524], [121.1155682, 24.8821284], [121.1160143, 24.8819], [121.1162376, 24.8817159], [121.1167449, 24.8816975], [121.1173776, 24.8817268], [121.1191256, 24.8811454], [121.1198194, 24.8810738], [121.1201785, 24.880817], [121.12066, 24.8806279], [121.1211188, 24.8806094], [121.1214505, 24.8806119], [121.1218729, 24.8804157], [121.1220174, 24.8802305], [121.1226994, 24.8802978], [121.1230295, 24.8802978], [121.1235769, 24.8800919], [121.1238332, 24.8799593], [121.1241632, 24.8799723], [121.1245794, 24.8800635], [121.1250961, 24.8801025], [121.1253902, 24.8803408]]], [[[121.0430651, 25.0300202], [121.0413186, 25.0295919], [121.0384785, 25.0318625], [121.0359725, 25.0329221], [121.0329988, 25.0329524], [121.0318962, 25.0324377], [121.0368413, 25.0271093], [121.0370788, 25.0239038], [121.0311611, 25.0163004], [121.0280203, 25.0113649], [121.0268409, 25.00788], [121.0278944, 25.0091853], [121.0281125, 25.0094246], [121.028561, 25.0099834], [121.0287917, 25.0103577], [121.0300631, 25.0116029], [121.0313451, 25.0136343], [121.0326658, 25.0148248], [121.0329652, 25.0154232], [121.033684, 25.0160941], [121.0344779, 25.0169107], [121.0349819, 25.0172652], [121.0354997, 25.017485], [121.0356401, 25.0175293], [121.0364628, 25.0175621], [121.0371957, 25.0172987], [121.0376304, 25.0172942], [121.0380203, 25.0174511], [121.0385537, 25.0175183], [121.039087, 25.017478], [121.0395845, 25.017339], [121.0397951, 25.017218], [121.0400434, 25.0171189], [121.0403091, 25.0168515], [121.0405265, 25.0164701], [121.0409882, 25.0159815], [121.0411495, 25.0158336], [121.0414094, 25.0157306], [121.0420324, 25.015614], [121.0422907, 25.0156039], [121.0425776, 25.0157384], [121.042954, 25.0160476], [121.0431835, 25.0164915], [121.0434704, 25.01685], [121.0437707, 25.0171593], [121.0439768, 25.0172893], [121.0443533, 25.017473], [121.044676, 25.0174641], [121.045589, 25.0170779], [121.0458042, 25.016912], [121.046351, 25.0166611], [121.046835, 25.0164549], [121.0470591, 25.0163204], [121.047198, 25.0160874], [121.0473683, 25.0156668], [121.0473817, 25.0152634], [121.0474041, 25.0150841], [121.0475475, 25.0148466], [121.0477027, 25.0145985], [121.0479819, 25.014529], [121.0489897, 25.0146934], [121.0495378, 25.0146593], [121.0499683, 25.0146418], [121.0503764, 25.0146869], [121.0506548, 25.0148559], [121.0507921, 25.0150018], [121.0508367, 25.015168], [121.0508394, 25.0153187], [121.050826, 25.0154524], [121.0508233, 25.0155909], [121.0508448, 25.015642], [121.0509708, 25.015744], [121.0510778, 25.0157913], [121.0511485, 25.0157762], [121.0514019, 25.015702], [121.0516869, 25.0155965], [121.0520566, 25.0153629], [121.0525586, 25.0151254], [121.0531816, 25.0148789], [121.0536701, 25.0146324], [121.054181, 25.0142828], [121.0548085, 25.0136912], [121.0553194, 25.0132161], [121.0555615, 25.0130637], [121.0558438, 25.0129561], [121.0564668, 25.0127948], [121.0572242, 25.0125483], [121.0578696, 25.0122928], [121.0584433, 25.0119477], [121.0589901, 25.0116474], [121.0593487, 25.0115264], [121.0598844, 25.011436], [121.0605812, 25.0113113], [121.0610428, 25.0111813], [121.0612848, 25.0110245], [121.0613969, 25.0108586], [121.0613476, 25.0106032], [121.0611235, 25.0102043], [121.0608859, 25.0099578], [121.0609845, 25.0096889], [121.0613565, 25.0090793], [121.061621, 25.0088507], [121.0619168, 25.008788], [121.0620961, 25.0088552], [121.0626204, 25.009039], [121.0630731, 25.0090614], [121.0633599, 25.0090166], [121.063835, 25.0088014], [121.0644132, 25.0083801], [121.0650989, 25.0070042], [121.065314, 25.0066905], [121.0654016, 25.0064868], [121.0654004, 25.0058237], [121.0656953, 25.0054238], [121.0659328, 25.0052588], [121.0661696, 25.0051505], [121.0662125, 25.0050939], [121.0662317, 25.00506], [121.0663144, 25.0048302], [121.0663896, 25.0046098], [121.0665486, 25.0042618], [121.0668649, 25.0035294], [121.0669185, 25.0034128], [121.0671682, 25.0030769], [121.0673375, 25.00295], [121.0678943, 25.0026271], [121.0681263, 25.0024212], [121.0682338, 25.0022787], [121.0684129, 25.0017783], [121.0684763, 25.0015885], [121.0685705, 25.0016714], [121.068603, 25.0017968], [121.0687456, 25.0019108], [121.0688585, 25.0020299], [121.069293, 25.0021708], [121.0700268, 25.0022651], [121.0711899, 25.002824], [121.0713357, 25.0028675], [121.0717204, 25.0031772], [121.0720323, 25.0033508], [121.0723266, 25.0034762], [121.0725948, 25.0035418], [121.0728013, 25.0035589], [121.0730961, 25.0034789], [121.073315, 25.0034183], [121.0734319, 25.0034362], [121.073437, 25.0034932], [121.0733584, 25.0037573], [121.0728217, 25.0054176], [121.0726858, 25.0055736], [121.072214, 25.0058777], [121.0723761, 25.0059597], [121.0725708, 25.0060376], [121.0728123, 25.0061108], [121.073562, 25.0063379], [121.0742103, 25.0065343], [121.076156, 25.006698], [121.0763733, 25.0067314], [121.0764734, 25.0067468], [121.0781041, 25.0070639], [121.0786992, 25.0071066], [121.0787866, 25.0068777], [121.0787559, 25.0067845], [121.07889, 25.006556], [121.0793245, 25.006206], [121.0812181, 25.0044413], [121.0814062, 25.0043495], [121.081662, 25.0043299], [121.0821621, 25.0042024], [121.0833071, 25.0037568], [121.0838076, 25.0036995], [121.0854744, 25.0026979], [121.0861512, 25.0021141], [121.0869384, 25.0012117], [121.0871443, 25.0009903], [121.0879966, 25.0014925], [121.0880518, 25.0015407], [121.0884279, 25.0017706], [121.0889841, 25.0019716], [121.089622, 25.0024792], [121.0901258, 25.0029992], [121.09039, 25.0034073], [121.0909278, 25.0028414], [121.0916575, 25.0021037], [121.0922181, 25.0025419], [121.0929085, 25.0025044], [121.0932934, 25.002307], [121.0941831, 25.0014363], [121.0942374, 25.0012254], [121.0940444, 25.001004], [121.0940122, 25.0008387], [121.0945607, 25.0003091], [121.0947575, 25.000264], [121.0955306, 25.0010126], [121.0971055, 24.9986738], [121.097752, 24.9979702], [121.0985633, 24.9981604], [121.0995669, 24.9963007], [121.0998827, 24.9962606], [121.1003466, 24.9963201], [121.101973, 24.9961908], [121.1047774, 24.996716], [121.105107, 24.9961722], [121.1057767, 24.9945325], [121.1059161, 24.9928071], [121.1062341, 24.9921886], [121.1070934, 24.9910687], [121.107323, 24.9905318], [121.107283, 24.9903443], [121.1070694, 24.9900831], [121.1070589, 24.9899603], [121.1081109, 24.9888688], [121.1082158, 24.9887601], [121.1085306, 24.9886292], [121.1091545, 24.9882632], [121.1095097, 24.9878982], [121.1102498, 24.9869799], [121.1114558, 24.98666], [121.1118796, 24.9873682], [121.1118831, 24.98757], [121.1119527, 24.9877878], [121.1122582, 24.9881202], [121.1128599, 24.9888531], [121.1144112, 24.9901185], [121.1146348, 24.9905151], [121.1148853, 24.9908577], [121.1152039, 24.9911324], [121.1156301, 24.9913627], [121.1164861, 24.9927971], [121.1167772, 24.9935186], [121.1183137, 24.9938576], [121.1187431, 24.9942102], [121.1196111, 24.9945987], [121.1203525, 24.9939556], [121.1222448, 24.9944315], [121.1230492, 24.9948798], [121.1232927, 24.9946329], [121.124179, 24.9953571], [121.1259681, 24.9965862], [121.1274533, 24.9977265], [121.127911, 24.9982478], [121.1287531, 24.9979578], [121.1299323, 24.9968772], [121.1302343, 24.9963723], [121.1304499, 24.995503], [121.1305159, 24.9949201], [121.1306905, 24.9942983], [121.1308103, 24.9940984], [121.130941, 24.9939116], [121.1310427, 24.9938036], [121.1306295, 24.9929186], [121.1303335, 24.9924676], [121.1301444, 24.9924054], [121.1298362, 24.9924295], [121.1293007, 24.9927115], [121.1290447, 24.992792], [121.1287863, 24.9927404], [121.1285369, 24.9925083], [121.1283222, 24.9920643], [121.1283946, 24.9913475], [121.1282807, 24.9909679], [121.1283309, 24.9903982], [121.128547, 24.9901888], [121.1288016, 24.9900512], [121.1291063, 24.9897403], [121.1291627, 24.9895909], [121.1291219, 24.9894158], [121.1288219, 24.9890688], [121.1286413, 24.9888373], [121.1285508, 24.9885315], [121.1285003, 24.9881099], [121.1285066, 24.9877482], [121.1288548, 24.9867972], [121.1285748, 24.9863161], [121.1286014, 24.9859478], [121.128787, 24.9856579], [121.1294497, 24.9849539], [121.1297518, 24.9843921], [121.1298852, 24.9833201], [121.1301686, 24.9830983], [121.1305551, 24.9830143], [121.130663, 24.9828829], [121.1305888, 24.9820644], [121.1301166, 24.9819704], [121.1300387, 24.9818732], [121.1300135, 24.9817691], [121.1300378, 24.9816177], [121.1302658, 24.9811792], [121.1306426, 24.9807377], [121.1309245, 24.9805573], [121.1312831, 24.9800791], [121.1313416, 24.9799134], [121.1314382, 24.9793996], [121.1315759, 24.9791277], [121.1317899, 24.9789656], [121.1325079, 24.9786971], [121.1327212, 24.9785083], [121.1336112, 24.9769798], [121.1336941, 24.9769295], [121.1344774, 24.9756089], [121.1346069, 24.9749849], [121.1346804, 24.9748123], [121.1358747, 24.9729376], [121.1365222, 24.9720017], [121.1371747, 24.9716153], [121.1382573, 24.9712571], [121.1386858, 24.9710672], [121.1400246, 24.9700872], [121.1403338, 24.9697466], [121.141414, 24.9693299], [121.1428586, 24.969366], [121.1430104, 24.9693367], [121.1435309, 24.969031], [121.1436132, 24.9690091], [121.1439682, 24.9690315], [121.1443057, 24.9688564], [121.1444932, 24.9688161], [121.1449301, 24.9689586], [121.1451168, 24.9689768], [121.1452734, 24.9689336], [121.1456766, 24.9684062], [121.145674, 24.9682175], [121.1456418, 24.9681069], [121.1456455, 24.9678843], [121.1457708, 24.9673996], [121.1460141, 24.9670469], [121.146304, 24.9669136], [121.1465701, 24.9665662], [121.1466989, 24.9659818], [121.1468129, 24.9657878], [121.1473147, 24.9650492], [121.1474843, 24.9648688], [121.1477354, 24.9646928], [121.1482149, 24.9645369], [121.1492658, 24.9645183], [121.1493713, 24.9644266], [121.1494905, 24.9641375], [121.1495742, 24.9640958], [121.1497915, 24.964114], [121.1504719, 24.9642884], [121.1512489, 24.9649632], [121.1514547, 24.9650042], [121.1515566, 24.96527], [121.1515759, 24.9653495], [121.1516556, 24.9654184], [121.15175, 24.9655835], [121.1519533, 24.9658013], [121.1521977, 24.9661639], [121.1522459, 24.9662817], [121.1523292, 24.9664448], [121.1524331, 24.9665906], [121.1525177, 24.9666966], [121.1527747, 24.9670006], [121.1530314, 24.967259], [121.1531612, 24.9673802], [121.1533012, 24.9675493], [121.153453, 24.9677774], [121.1535128, 24.967882], [121.1536835, 24.9680807], [121.1539519, 24.968425], [121.1541514, 24.9686737], [121.1543621, 24.9689056], [121.1545457, 24.9690776], [121.1547652, 24.9692606], [121.1550184, 24.9695223], [121.1550687, 24.969565], [121.1551313, 24.9696265], [121.1552044, 24.9696862], [121.1553, 24.9697716], [121.1555083, 24.9699916], [121.1556085, 24.9700915], [121.1558916, 24.9703561], [121.1560451, 24.9705348], [121.1562153, 24.9706812], [121.1563133, 24.9708216], [121.1564638, 24.9709625], [121.1565286, 24.9710658], [121.1565449, 24.9711245], [121.1565968, 24.9712544], [121.1566799, 24.97136], [121.1569503, 24.9716016], [121.1571618, 24.9717178], [121.1573343, 24.9717917], [121.1575469, 24.9718538], [121.1578535, 24.9720905], [121.15789, 24.9721665], [121.1579526, 24.9722675], [121.1581269, 24.9725059], [121.1582248, 24.9725859], [121.1582973, 24.9726591], [121.1584233, 24.9728018], [121.1584867, 24.9728808], [121.158584, 24.9729952], [121.1586836, 24.9731499], [121.1587055, 24.9732423], [121.1587684, 24.9733025], [121.1588647, 24.9733529], [121.1590325, 24.9734271], [121.1591599, 24.9734626], [121.1593191, 24.9735102], [121.1594935, 24.973548], [121.1596669, 24.9735929], [121.1597948, 24.9736143], [121.1601179, 24.9736861], [121.1604003, 24.9738005], [121.1604894, 24.9738397], [121.1607376, 24.9739613], [121.1609499, 24.9740684], [121.1610095, 24.9741302], [121.1610537, 24.9742176], [121.1611714, 24.974519], [121.1612016, 24.9746303], [121.1613706, 24.9751114], [121.161589, 24.9756496], [121.1616382, 24.9757825], [121.1616777, 24.9759532], [121.1617287, 24.9762278], [121.1617613, 24.9763735], [121.1618436, 24.9769334], [121.1618918, 24.9771765], [121.1619116, 24.9773293], [121.161943, 24.9774945], [121.1620107, 24.977893], [121.1620541, 24.9780916], [121.1621068, 24.9783358], [121.1621463, 24.9784373], [121.1622039, 24.9786059], [121.1622338, 24.9787054], [121.1622512, 24.9788035], [121.1622641, 24.9789228], [121.1622794, 24.9790112], [121.1622999, 24.9790822], [121.1623374, 24.9791477], [121.1623951, 24.9792193], [121.1624883, 24.9793219], [121.1625621, 24.9793889], [121.1627063, 24.9795554], [121.1628934, 24.9798335], [121.1629843, 24.9800333], [121.1630308, 24.9801534], [121.1630861, 24.9803305], [121.1631162, 24.9803957], [121.1631487, 24.9805776], [121.1631668, 24.9806334], [121.1631934, 24.9807623], [121.1632095, 24.9808533], [121.1632272, 24.980945], [121.1632945, 24.9811964], [121.1633376, 24.9812656], [121.1634248, 24.9813731], [121.1634995, 24.9814506], [121.1635629, 24.9814995], [121.1636647, 24.9816006], [121.1638127, 24.9817364], [121.1638833, 24.981853], [121.1638972, 24.9819362], [121.1638992, 24.9820213], [121.1638459, 24.9822177], [121.1638556, 24.9822716], [121.1640092, 24.9823902], [121.1641301, 24.9824937], [121.1642539, 24.9825917], [121.164388, 24.9827227], [121.1644979, 24.9828416], [121.1646097, 24.9829529], [121.1646893, 24.9830494], [121.1648073, 24.9832305], [121.1649812, 24.9834784], [121.1650597, 24.9835513], [121.1651927, 24.9836976], [121.1652901, 24.9837963], [121.1654057, 24.9839401], [121.1654809, 24.9840207], [121.1657873, 24.9844149], [121.165841, 24.9844923], [121.1659373, 24.9846736], [121.1661215, 24.9851363], [121.16616, 24.9852562], [121.1664041, 24.9858308], [121.1665022, 24.9860114], [121.1665304, 24.9860836], [121.1666494, 24.9862821], [121.1668254, 24.9865004], [121.1669146, 24.9865827], [121.1672479, 24.9869234], [121.1673376, 24.9870034], [121.1674704, 24.9871249], [121.167552, 24.9872292], [121.167683, 24.9873452], [121.1677664, 24.9874286], [121.1679018, 24.9875472], [121.1679987, 24.9876369], [121.1682731, 24.9878925], [121.1683175, 24.9879367], [121.1683587, 24.9879723], [121.168373, 24.988039], [121.1670937, 24.990456], [121.1686148, 24.9911221], [121.1686104, 24.9918351], [121.1686094, 24.9919979], [121.1686094, 24.9921025], [121.1686094, 24.9923904], [121.1677886, 24.9935585], [121.1674823, 24.9942786], [121.1674414, 24.9947021], [121.1672014, 24.9951893], [121.1670467, 24.9958018], [121.1667226, 24.9964554], [121.1665679, 24.9981094], [121.1664269, 24.9990117], [121.1658485, 25.0001952], [121.1655899, 25.0008485], [121.1652477, 25.001602], [121.1650481, 25.0020639], [121.1647739, 25.0033235], [121.1649462, 25.005117], [121.1648925, 25.0058414], [121.1648174, 25.0062352], [121.1644509, 25.0067937], [121.1640181, 25.0073874], [121.1635246, 25.0083937], [121.1631299, 25.0090069], [121.1623304, 25.010023], [121.1620851, 25.0103985], [121.1620545, 25.0105765], [121.1620331, 25.0114224], [121.1619743, 25.0117236], [121.1617436, 25.0123506], [121.1615771, 25.0128808], [121.1615074, 25.0131676], [121.1612941, 25.0138336], [121.1611804, 25.0141688], [121.1611694, 25.0143878], [121.1612552, 25.0147961], [121.1613035, 25.0149614], [121.1612928, 25.0152725], [121.1613142, 25.0155885], [121.1613627, 25.0157608], [121.161411, 25.016541], [121.1615076, 25.0171973], [121.1615691, 25.0176326], [121.1616229, 25.0179799], [121.1616176, 25.0184028], [121.1615717, 25.0187079], [121.1615837, 25.0195503], [121.1616603, 25.0198517], [121.16173, 25.0200534], [121.1617812, 25.0201674], [121.1618507, 25.0202794], [121.1618695, 25.0203524], [121.1619419, 25.0205201], [121.1619904, 25.0207167], [121.1620063, 25.0210548], [121.1619768, 25.0212225], [121.1619472, 25.0212735], [121.1619151, 25.0213902], [121.1617033, 25.0219903], [121.1615303, 25.0228032], [121.1612452, 25.023774], [121.1609447, 25.0244766], [121.1608323, 25.0247016], [121.1607887, 25.024868], [121.1608571, 25.0251644], [121.1609012, 25.0252351], [121.1609751, 25.0254161], [121.160979, 25.0257188], [121.1610219, 25.0258282], [121.1610773, 25.0258985], [121.1613717, 25.0260728], [121.1616878, 25.0261917], [121.1622221, 25.0264854], [121.162152, 25.0280109], [121.1621779, 25.0282124], [121.1607671, 25.0288929], [121.1582879, 25.029931], [121.1589485, 25.0310753], [121.1592301, 25.0315132], [121.1594396, 25.0316948], [121.1599784, 25.0321828], [121.1606875, 25.0329031], [121.1631032, 25.0364232], [121.1654363, 25.0397751], [121.1661757, 25.0416067], [121.1673622, 25.0435843], [121.1675716, 25.0440934], [121.166381, 25.0447597], [121.1646707, 25.0454443], [121.1644403, 25.045548], [121.1643497, 25.0455939], [121.1642234, 25.0456395], [121.1640936, 25.0456941], [121.1635293, 25.0460757], [121.162875, 25.04633], [121.1623873, 25.0466114], [121.1622099, 25.0466082], [121.1619259, 25.0464286], [121.1617536, 25.0466973], [121.1616857, 25.046956], [121.161648, 25.0473302], [121.161359, 25.0477768], [121.1610694, 25.0480379], [121.1608562, 25.0483739], [121.1608501, 25.0485954], [121.1611923, 25.0494519], [121.1612196, 25.0499619], [121.1611272, 25.0501731], [121.1611312, 25.0503216], [121.1613379, 25.0507433], [121.1615179, 25.0511863], [121.1617643, 25.0513446], [121.1617401, 25.0516392], [121.1617021, 25.0516784], [121.1611289, 25.0518047], [121.1607264, 25.0519223], [121.1602011, 25.0520714], [121.1599658, 25.0522455], [121.159571, 25.0525964], [121.1593136, 25.0527626], [121.1590729, 25.0528991], [121.1586158, 25.0537667], [121.1582284, 25.0542343], [121.1580433, 25.0545323], [121.1579263, 25.0546859], [121.1578484, 25.0548095], [121.1578263, 25.0548726], [121.1577202, 25.0550921], [121.1575745, 25.0553789], [121.1575207, 25.0554392], [121.1574922, 25.0555008], [121.1571518, 25.0558881], [121.1568043, 25.056264], [121.1565796, 25.0565411], [121.1564821, 25.0566927], [121.1564188, 25.0568619], [121.1563649, 25.0570828], [121.156149, 25.0575942], [121.1559188, 25.0579491], [121.1555047, 25.0581236], [121.1553369, 25.0583574], [121.1553002, 25.0584579], [121.1557647, 25.0588315], [121.1562402, 25.0591479], [121.1564166, 25.0593822], [121.156697, 25.0599382], [121.1567048, 25.0600495], [121.1562389, 25.0606882], [121.1556467, 25.0617417], [121.155459, 25.0619312], [121.1553517, 25.0621523], [121.1552427, 25.0625423], [121.1552216, 25.0627076], [121.1549665, 25.0645214], [121.1550389, 25.0648864], [121.1552161, 25.065294], [121.1552613, 25.0655543], [121.1551972, 25.0660122], [121.1552564, 25.0661962], [121.1567289, 25.0670574], [121.1571305, 25.0674399], [121.1574234, 25.067915], [121.1574378, 25.0680393], [121.1564904, 25.0689752], [121.1567741, 25.0692654], [121.1567761, 25.069588], [121.1568952, 25.0700854], [121.1568358, 25.0703263], [121.1559667, 25.0711908], [121.1553909, 25.0714352], [121.1546837, 25.0720049], [121.1542153, 25.072526], [121.154115, 25.0727849], [121.1536243, 25.0732077], [121.1535001, 25.0732395], [121.153307, 25.0734547], [121.1530718, 25.0738415], [121.1530739, 25.0739299], [121.152815, 25.0743926], [121.1520468, 25.0751687], [121.1520471, 25.0754163], [121.1521419, 25.0756179], [121.1530039, 25.0762924], [121.1532299, 25.0767177], [121.1535683, 25.0769301], [121.1546213, 25.0768902], [121.1548576, 25.0769608], [121.1550827, 25.0770814], [121.1552171, 25.0772181], [121.1552189, 25.0776633], [121.1548001, 25.0789109], [121.1545589, 25.0794139], [121.1531423, 25.0792383], [121.1525578, 25.0793937], [121.1516556, 25.0793556], [121.1508156, 25.0790855], [121.1496856, 25.0788154], [121.1490839, 25.0786453], [121.1479956, 25.0785355], [121.1471151, 25.078395], [121.1460256, 25.0782554], [121.1453896, 25.0781104], [121.1444539, 25.0778292], [121.1432645, 25.0777669], [121.142681, 25.0775651], [121.1413474, 25.0773519], [121.1409965, 25.0772981], [121.1407524, 25.0772055], [121.1401564, 25.0771195], [121.1397851, 25.0770322], [121.1389655, 25.0768856], [121.1383546, 25.0767075], [121.1378555, 25.0766155], [121.1358756, 25.0763255], [121.1341955, 25.0757956], [121.1336355, 25.0755255], [121.1330655, 25.0755255], [121.1328491, 25.0754874], [121.1325, 25.0753366], [121.1321962, 25.0753129], [121.1313757, 25.0752454], [121.1308797, 25.0751304], [121.1302535, 25.0749842], [121.1293503, 25.0747989], [121.1288455, 25.0746954], [121.1274356, 25.0744255], [121.12682, 25.0742953], [121.1260688, 25.0741118], [121.1254656, 25.0738856], [121.124142, 25.0734824], [121.1229357, 25.0730755], [121.122148, 25.0726712], [121.121584, 25.0724859], [121.1211956, 25.0722957], [121.1207121, 25.0721368], [121.1205875, 25.0720958], [121.1199856, 25.0718856], [121.1198368, 25.0718404], [121.1195463, 25.0717978], [121.1193284, 25.0717789], [121.1191063, 25.0717079], [121.1184356, 25.0714754], [121.1178034, 25.0713464], [121.1173541, 25.0711706], [121.1167556, 25.0709455], [121.116133, 25.0705681], [121.1156496, 25.0702498], [121.1149841, 25.0699436], [121.1142156, 25.0696255], [121.1139101, 25.0694673], [121.1133992, 25.0692639], [121.1131231, 25.0691422], [121.1127851, 25.0690681], [121.1124954, 25.0689309], [121.1119952, 25.0685864], [121.1112753, 25.0684074], [121.1108211, 25.0682847], [121.1104745, 25.0680887], [121.1102855, 25.0680254], [121.1099473, 25.0679462], [121.1095478, 25.0678055], [121.1083633, 25.0675414], [121.1079304, 25.0674195], [121.1077223, 25.0673695], [121.1066549, 25.0671982], [121.1049555, 25.0666854], [121.1038255, 25.0664055], [121.103381, 25.0662473], [121.1026322, 25.0659425], [121.1022323, 25.0657652], [121.1017008, 25.0654965], [121.1009535, 25.0651204], [121.1000111, 25.0645164], [121.0993456, 25.0640254], [121.0988775, 25.0636683], [121.0984766, 25.0633878], [121.0980265, 25.0630753], [121.0970004, 25.0623629], [121.0967704, 25.0620764], [121.096653, 25.061834], [121.0966197, 25.0615534], [121.0963592, 25.0609997], [121.0962098, 25.0606823], [121.0954296, 25.0605365], [121.0950207, 25.060337], [121.0945564, 25.0601056], [121.0934153, 25.059567], [121.0929375, 25.0592618], [121.0925241, 25.0589614], [121.0920918, 25.0586455], [121.0918285, 25.0583718], [121.0916609, 25.0582428], [121.0912175, 25.0580869], [121.0909121, 25.0578584], [121.0904742, 25.0575174], [121.0893764, 25.0569268], [121.0883386, 25.0561385], [121.0878074, 25.0558123], [121.0874831, 25.0554383], [121.0872874, 25.0551832], [121.0870162, 25.0547455], [121.0867931, 25.0545929], [121.0865619, 25.0544234], [121.0863496, 25.0542287], [121.0857007, 25.0537267], [121.0845918, 25.0529331], [121.0841151, 25.0525372], [121.0833863, 25.0521056], [121.0830186, 25.052007], [121.0825194, 25.0517836], [121.0822944, 25.0517246], [121.0818945, 25.051509], [121.0816747, 25.0514087], [121.0815441, 25.0513098], [121.0813723, 25.0512243], [121.081103, 25.0510921], [121.0805655, 25.0507979], [121.0800162, 25.0505255], [121.0797181, 25.0504027], [121.0791106, 25.0500733], [121.0788017, 25.049911], [121.0782478, 25.0496634], [121.0775969, 25.0493203], [121.0772154, 25.0489744], [121.0769288, 25.0486507], [121.076368, 25.0482318], [121.0749803, 25.0475732], [121.0740866, 25.0468101], [121.0728387, 25.0460777], [121.0722706, 25.0460033], [121.0707017, 25.045419], [121.070038, 25.0451945], [121.0696288, 25.0450759], [121.069204, 25.0450561], [121.0687586, 25.0450593], [121.0681096, 25.0449999], [121.0675316, 25.0450591], [121.0672202, 25.0451376], [121.0661259, 25.0447902], [121.0652645, 25.0444896], [121.064799, 25.0443345], [121.0646838, 25.044288], [121.064553, 25.0442708], [121.0644803, 25.0443037], [121.0612699, 25.0469974], [121.0590469, 25.0449373], [121.0606581, 25.0436111], [121.0610818, 25.043257], [121.0607975, 25.0431237], [121.0603433, 25.0429998], [121.0595355, 25.0427479], [121.0587227, 25.0425027], [121.0583224, 25.0423467], [121.056849, 25.0419545], [121.0566583, 25.0419342], [121.0563135, 25.0421733], [121.0541993, 25.044055], [121.0540406, 25.0438734], [121.0513007, 25.0430258], [121.0510084, 25.042776], [121.0527662, 25.0409862], [121.0540747, 25.0402505], [121.053964, 25.0394578], [121.0537489, 25.0390581], [121.0533762, 25.0386677], [121.0528498, 25.0380992], [121.0524071, 25.0377383], [121.051734, 25.0372355], [121.0512173, 25.0369749], [121.0507296, 25.0367143], [121.0501676, 25.0363621], [121.0493209, 25.0359205], [121.0487694, 25.0357266], [121.0485111, 25.0355547], [121.0477445, 25.0352853], [121.0433335, 25.0391695], [121.0423696, 25.0382731], [121.0469748, 25.034105], [121.0467813, 25.0337131], [121.0465529, 25.0333563], [121.0462142, 25.0330117], [121.0455971, 25.0323836], [121.0453065, 25.0321122], [121.0443918, 25.0312858], [121.0441132, 25.031011], [121.0437425, 25.0306497], [121.0433444, 25.0303066], [121.0430651, 25.0300202]]]]}}